order_id,customer_id,restaurant_id,created_at,promised_eta,final_status,traffic_bucket,weather_bucket,driver_id,original_driver_id,assigned_at,reassigned_at,estimated_pickup_at,eta_model_version,delivered_at,picked_up_at,was_reassigned,dispatch_min,first_mile_min,last_mile_min,delay_min,pickup_slip_min,transit_overrun_min,is_late,is_severe_late,in_kpi,exclusion_reason
O00001,C0168,R009,2026-08-13 12:56:00,2026-08-13 14:11:36.000000,delivered,medium,clear,D103,D103,2026-08-13 13:01:09.659644,,2026-08-13 13:14:00,eta-v3.2,2026-08-13 14:22:25.035899,2026-08-13 13:35:49.825561,False,5.1609940666666665,34.669431949999996,46.58683896666666,10.817264983333333,21.830426016666667,-11.013161033333335,True,True,True,
O00002,C0043,R018,2026-08-01 18:36:00,2026-08-01 19:43:16.627988,delivered,severe,clear,D083,D083,2026-08-01 18:37:09.708219,,2026-08-01 18:54:00,eta-v3.2,2026-08-01 19:47:14.818533,2026-08-01 18:58:24.735336,False,1.16180365,21.250451950000002,48.83471995,3.9698424166666664,4.4122556,-0.44241318333333357,True,False,True,
O00003,C0855,R010,2026-08-01 19:35:00,2026-08-01 20:17:52.941967,delivered,medium,clear,D039,D039,2026-08-01 19:35:00.002443,,2026-08-01 19:53:00,eta-v3.2,2026-08-01 20:13:28.061191,2026-08-01 19:57:50.820366,False,4.071666666666666e-05,22.846965383333334,15.620680416666666,-4.4146796,4.8470061,-9.261685700000001,False,False,True,
O00004,C0229,R030,2026-08-09 18:16:00,2026-08-09 19:30:19.067006,cancelled,high,rain,D038,D038,2026-08-09 18:17:16.087835,,2026-08-09 18:34:00,eta-v3.2,,,False,1.2681305833333334,,,,,,False,False,False,cancelled
O00005,C0040,R004,2026-08-06 20:35:00,2026-08-06 21:54:48.000000,delivered,high,clear,D047,D047,2026-08-06 20:36:55.346822,,2026-08-06 20:53:00,eta-v3.1,2026-08-06 22:15:49.290713,2026-08-06 21:18:38.024280,False,1.9224470333333334,41.71129096666667,57.18777388333333,21.021511883333336,25.633738,-4.612226116666665,True,True,True,
O00006,C0152,R052,2026-08-26 23:02:00,2026-08-26 23:58:18.214888,delivered,high,clear,D120,D120,2026-08-26 23:02:42.088438,,2026-08-26 23:20:00,eta-v3.1,2026-08-27 00:05:36.182189,2026-08-26 23:31:33.631520,False,0.7014739666666666,28.859051366666666,34.04251115,7.299455016666667,11.560525333333334,-4.261070316666667,True,False,True,
O00007,C0875,R021,2026-08-14 11:47:00,2026-08-14 13:14:54.000000,delivered,severe,rain,D094,D094,2026-08-14 11:50:07.562555,,2026-08-14 12:05:00,eta-v3.1,2026-08-14 13:19:10.066680,2026-08-14 12:06:06.040105,False,3.126042583333333,15.974625833333333,73.06710958333333,4.267778000000001,1.1006684166666667,3.167109583333334,True,False,True,
O00008,C0223,R010,2026-08-27 22:22:00,2026-08-27 23:40:06.000000,delivered,medium,rain,D031,D031,2026-08-27 22:22:38.452560,,2026-08-27 22:40:00,eta-v3.2,2026-08-28 00:06:57.494136,2026-08-27 23:11:00.536098,False,0.640876,48.368058966666666,55.94930063333334,26.8582356,31.00893496666667,-4.150699366666668,True,True,True,
O00009,C0685,R053,2026-08-09 13:16:00,2026-08-09 14:21:32.383307,delivered,low,clear,D078,D078,2026-08-09 13:17:13.872240,,2026-08-09 13:34:00,eta-v3.1,2026-08-09 14:22:13.491008,2026-08-09 13:48:11.662156,False,1.2312040000000002,30.963165266666667,34.03048086666667,0.6851283499999999,14.194369266666666,-13.509240916666666,True,False,True,
O00010,C0530,R006,2026-08-22 13:27:00,2026-08-22 14:28:13.625987,delivered,low,clear,D082,D082,2026-08-22 13:29:29.328538,,2026-08-22 13:45:00,eta-v3.2,2026-08-22 14:22:26.150344,2026-08-22 13:51:04.636196,False,2.488808966666667,21.588460966666666,31.358569133333333,-5.791260716666667,6.077269933333333,-11.86853065,False,False,True,
O00011,C0709,R048,2026-08-13 19:57:00,2026-08-13 20:47:19.733166,delivered,low,clear,D007,D007,2026-08-13 20:01:23.110303,,2026-08-13 20:15:00,eta-v3.2,2026-08-13 20:51:14.432682,2026-08-13 20:25:14.921540,False,4.385171716666666,23.863520616666666,25.991852366666667,3.9116586,10.248692333333334,-6.337033733333334,True,False,True,
O00012,C0366,R008,2026-08-22 12:32:00,2026-08-22 13:25:02.757323,delivered,high,clear,D094,D094,2026-08-22 12:38:55.435497,,2026-08-22 12:50:00,eta-v3.1,2026-08-22 13:55:10.513418,2026-08-22 13:23:21.406966,False,6.92392495,44.43285781666667,31.818440866666666,30.12926825,33.35678276666667,-3.2275145166666697,True,True,True,
O00013,C0317,R055,2026-08-23 19:31:00,2026-08-23 20:38:21.808411,delivered,medium,clear,D098,D098,2026-08-23 19:32:25.866194,,2026-08-23 19:49:00,eta-v3.1,2026-08-23 20:34:57.522531,2026-08-23 19:56:41.741882,False,1.4311032333333331,24.2645948,38.263010816666664,-3.4047646666666664,7.695698033333333,-11.1004627,False,False,True,
O00014,C0542,R052,2026-08-22 18:35:00,2026-08-22 19:56:36.000000,delivered,medium,heavy_rain,D005,D005,2026-08-22 18:37:23.995434,,2026-08-22 18:53:00,eta-v3.2,2026-08-22 20:01:42.256596,2026-08-22 18:59:38.422208,False,2.3999238999999997,22.240446233333333,62.06390646666667,5.1042766,6.640370133333334,-1.5360935333333332,True,False,True,
O00015,C0578,R035,2026-08-16 19:17:00,2026-08-16 20:32:36.000000,delivered,medium,clear,D014,D014,2026-08-16 19:18:41.867817,,2026-08-16 19:35:00,eta-v3.2,2026-08-16 20:36:53.095103,2026-08-16 19:44:32.256723,False,1.69779695,25.8398151,52.347306333333336,4.284918383333333,9.53761205,-5.252693666666667,True,False,True,
O00016,C0326,R028,2026-08-14 12:53:00,2026-08-14 14:11:06.000000,delivered,medium,rain,D102,D102,2026-08-14 12:58:56.783616,,2026-08-14 13:11:00,eta-v3.1,2026-08-14 14:13:35.547689,2026-08-14 13:21:47.806363,False,5.9463935999999995,22.850379116666666,51.795688766666665,2.4924614833333334,10.796772716666668,-8.304311233333335,True,False,True,
O00017,C0270,R001,2026-08-24 20:51:00,2026-08-24 21:57:35.299563,cancelled,medium,clear,D028,D028,2026-08-24 20:55:26.166442,,2026-08-24 21:09:00,eta-v3.2,,,False,4.436107366666667,,,,,,False,False,False,cancelled
O00018,C0886,R051,2026-08-24 13:29:00,2026-08-24 15:00:24.000000,delivered,severe,heavy_rain,D095,D095,2026-08-24 13:30:46.070621,,2026-08-24 13:47:00,eta-v3.2,2026-08-24 15:09:50.026151,2026-08-24 13:49:52.409699,False,1.7678436833333333,19.105651299999998,79.9602742,9.433769183333334,2.873494983333333,6.560274200000001,True,False,True,
O00019,C0357,R006,2026-08-13 15:53:00,2026-08-13 16:38:01.926141,delivered,medium,rain,D016,D016,2026-08-13 15:56:54.546322,,2026-08-13 16:11:00,eta-v3.1,2026-08-13 16:42:01.993336,2026-08-13 16:21:28.629470,False,3.9091053666666666,24.568052466666664,20.556064433333333,4.001119916666666,10.477157833333333,-6.476037916666667,True,False,True,
O00020,C0384,R037,2026-08-07 21:39:00,2026-08-07 22:32:52.179324,delivered,low,clear,D036,D036,2026-08-07 21:45:15.636718,,2026-08-07 21:57:00,eta-v3.1,2026-08-07 22:40:46.404645,2026-08-07 22:08:05.978241,False,6.260611966666667,22.839025383333333,32.6737734,7.90375535,11.09963735,-3.195882,True,False,True,
O00021,C0090,R010,2026-08-10 12:01:00,2026-08-10 13:26:24.000000,delivered,severe,clear,D034,D034,2026-08-10 12:02:16.944623,,2026-08-10 12:19:00,eta-v3.1,2026-08-10 13:18:22.060190,2026-08-10 12:13:20.502684,False,1.2824103833333333,11.059301016666666,65.02595843333333,-8.032330166666666,-5.658288600000001,-2.3740415666666657,False,False,True,
O00022,C0189,R047,2026-08-26 11:34:00,2026-08-26 12:41:50.989599,delivered,medium,clear,D055,D055,2026-08-26 11:35:48.863975,,2026-08-26 11:52:00,eta-v3.2,2026-08-26 12:38:45.059668,2026-08-26 11:59:18.389455,False,1.8143995833333333,23.492091333333335,39.44450355,-3.0988321833333337,7.306490916666666,-10.4053231,False,False,True,
O00023,C0129,R050,2026-08-26 22:49:00,2026-08-26 23:41:18.130365,delivered,medium,clear,D028,D028,2026-08-26 22:49:12.232438,,2026-08-26 23:07:00,eta-v3.2,2026-08-26 23:36:12.854112,2026-08-26 23:06:00.277655,False,0.20387396666666666,16.800753616666665,30.209607616666666,-5.08793755,-0.9953724166666666,-4.092565133333334,False,False,True,
O00024,C0677,R011,2026-08-16 14:51:00,2026-08-16 15:49:04.387462,delivered,medium,clear,D049,D049,2026-08-16 14:54:30.092265,,2026-08-16 15:09:00,eta-v3.1,2026-08-16 15:53:03.503851,2026-08-16 15:17:20.724084,False,3.50153775,22.84386365,35.712996116666666,3.98527315,8.3454014,-4.360128250000001,True,False,True,
O00025,C0886,R023,2026-08-01 12:14:00,2026-08-01 13:29:36.000000,delivered,medium,clear,D039,D039,2026-08-01 12:15:08.360512,,2026-08-01 12:32:00,eta-v3.2,2026-08-01 13:20:06.003033,2026-08-01 12:29:31.152542,False,1.1393418666666666,14.379867166666665,50.580841516666666,-9.49994945,-2.4807909666666665,-7.019158483333334,False,False,True,
O00026,C0387,R010,2026-08-18 22:44:00,2026-08-18 23:56:48.000000,delivered,low,clear,D078,D078,2026-08-18 22:56:21.167193,,2026-08-18 23:02:00,eta-v3.1,2026-08-18 23:41:17.389921,2026-08-18 22:55:15.444652,False,12.35278655,-1.0953756833333335,46.03242115,-15.510167983333334,-6.742589133333333,-8.76757885,False,False,True,
O00027,C0253,R026,2026-08-09 11:03:00,2026-08-09 12:18:36.000000,delivered,medium,clear,D053,D053,2026-08-09 11:04:55.382993,,2026-08-09 11:21:00,eta-v3.2,2026-08-09 12:39:24.323714,2026-08-09 11:46:29.978834,False,1.9230498833333334,41.57659735,52.905748,20.805395233333336,25.499647233333334,-4.694251999999999,True,True,True,
O00028,C0466,R054,2026-08-04 20:25:00,2026-08-04 21:40:36.000000,delivered,medium,clear,D058,D058,2026-08-04 20:27:18.555730,,2026-08-04 20:43:00,eta-v3.1,2026-08-04 21:26:49.720910,2026-08-04 20:39:01.022116,False,2.309262166666667,11.7077731,47.81164656666667,-13.771318166666667,-3.982964733333333,-9.788353433333334,False,False,True,
O00029,C0808,R052,2026-08-15 16:37:00,2026-08-15 18:02:24.000000,delivered,severe,clear,D023,D023,2026-08-15 16:40:14.339319,,2026-08-15 16:55:00,eta-v3.1,2026-08-15 18:04:48.522886,2026-08-15 17:00:48.040905,False,3.23898865,20.5616931,64.00803301666666,2.408714766666667,5.80068175,-3.391966983333333,True,False,True,
O00030,C0409,R005,2026-08-03 13:26:00,2026-08-03 14:41:36.000000,delivered,medium,clear,D120,D120,2026-08-03 13:29:25.218819,,2026-08-03 13:44:00,eta-v3.1,2026-08-03 14:39:02.098618,2026-08-03 13:51:40.389650,False,3.4203136499999998,22.252847183333333,47.361816133333335,-2.5650230333333335,7.673160833333333,-10.238183866666667,False,False,True,
O00031,C0128,R039,2026-08-09 20:04:00,2026-08-09 20:59:54.084176,delivered,low,rain,D017,D017,2026-08-09 20:08:17.527247,,2026-08-09 20:22:00,eta-v3.2,2026-08-09 21:01:36.190772,2026-08-09 20:33:38.793988,False,4.292120783333333,25.35444568333333,27.956613066666666,1.7017765999999999,11.646566466666666,-9.944789866666666,True,False,True,
O00032,C0392,R013,2026-08-14 20:38:00,2026-08-14 21:19:53.738003,delivered,medium,clear,D027,D027,2026-08-14 20:45:02.232178,,2026-08-14 20:56:00,eta-v3.2,2026-08-14 21:18:38.840632,2026-08-14 21:07:09.676879,False,7.0372029666666664,22.124078349999998,11.486062550000002,-1.2482895166666668,11.161281316666667,-12.409570833333333,False,False,True,
O00033,C0536,R024,2026-08-06 23:27:00,2026-08-07 00:46:48.000000,delivered,high,clear,D118,D118,2026-08-06 23:31:13.633524,,2026-08-06 23:45:00,eta-v3.2,2026-08-07 01:01:07.342758,2026-08-07 00:09:18.107741,False,4.2272254,38.07457028333333,51.82058361666667,14.3223793,24.301795683333335,-9.979416383333335,True,True,True,
O00034,C0356,R028,2026-08-25 17:32:00,2026-08-25 18:39:32.450377,delivered,high,clear,D035,D035,2026-08-25 17:33:01.283467,,2026-08-25 17:50:00,eta-v3.2,2026-08-25 18:39:08.259091,2026-08-25 17:56:21.860118,False,1.0213911166666667,23.342944183333334,42.773316216666665,-0.40318810000000005,6.3643353,-6.7675234,False,False,True,
O00035,C0386,R050,2026-08-10 18:44:00,2026-08-10 19:26:13.163221,delivered,medium,clear,D053,D113,2026-08-10 18:44:43.873396,2026-08-10 18:47:23.021261,2026-08-10 19:02:00,eta-v3.1,2026-08-10 19:27:44.429504,2026-08-10 19:12:19.400185,True,0.7312232666666667,27.59211315,15.417155316666667,1.5211047166666667,10.323336416666667,-8.8022317,True,False,True,
O00036,C0495,R025,2026-08-23 16:45:00,2026-08-23 17:56:06.187144,delivered,medium,rain,D082,D082,2026-08-23 16:46:59.531634,,2026-08-23 17:03:00,eta-v3.1,2026-08-23 17:53:16.280620,2026-08-23 17:04:53.954518,False,1.9921939,17.90704806666667,48.3721017,-2.8317753999999997,1.8992419666666664,-4.731017366666666,False,False,True,
O00037,C0346,R023,2026-08-09 20:18:00,2026-08-09 21:40:18.000000,delivered,high,rain,D076,D076,2026-08-09 20:21:33.202551,,2026-08-09 20:36:00,eta-v3.2,2026-08-09 21:55:45.135763,2026-08-09 20:50:48.474029,False,3.55337585,29.254524633333332,64.94436223333334,15.452262716666667,14.807900483333333,0.6443622333333341,True,True,True,
O00038,C0375,R041,2026-08-08 21:26:00,2026-08-08 22:38:48.000000,delivered,low,clear,D050,D050,2026-08-08 21:26:02.906589,,2026-08-08 21:44:00,eta-v3.1,2026-08-08 22:35:35.238022,2026-08-08 21:48:05.008508,False,0.04844315,22.035031983333333,47.50382523333334,-3.2126996333333335,4.083475133333334,-7.296174766666667,False,False,True,
O00039,C0266,R051,2026-08-11 21:55:00,2026-08-11 23:03:45.760272,delivered,high,clear,D037,D037,2026-08-11 21:55:13.558980,,2026-08-11 22:13:00,eta-v3.2,2026-08-11 23:09:25.053883,2026-08-11 22:27:09.021609,False,0.225983,31.92437715,42.26720456666667,5.654893516666666,14.150360150000001,-8.495466633333335,True,False,True,
O00040,C0374,R012,2026-08-11 19:56:00,2026-08-11 20:50:06.147184,delivered,high,rain,D035,D035,2026-08-11 19:56:17.772614,,2026-08-11 20:14:00,eta-v3.2,2026-08-11 21:15:39.373978,2026-08-11 20:40:03.749918,False,0.29621023333333335,43.7662884,35.59373433333334,25.5537799,26.062498633333334,-0.5087187333333354,True,True,True,
O00041,C0008,R028,2026-08-01 11:50:00,2026-08-01 13:02:48.000000,delivered,low,clear,D098,D098,2026-08-01 11:50:46.934189,,2026-08-01 12:08:00,eta-v3.1,2026-08-01 13:08:11.752741,2026-08-01 12:20:10.069906,False,0.7822364833333334,29.385595283333334,48.02804725,5.395879016666667,12.167831766666666,-6.771952749999999,True,False,True,
O00042,C0862,R025,2026-08-09 18:42:00,2026-08-09 19:28:40.298913,delivered,low,rain,D041,D041,2026-08-09 18:42:14.892102,,2026-08-09 19:00:00,eta-v3.2,2026-08-09 19:34:20.331287,2026-08-09 19:07:01.883678,False,0.2482017,24.783192933333332,27.30746015,5.667206233333333,7.031394633333333,-1.3641883999999997,True,False,True,
O00043,C0405,R008,2026-08-04 14:36:00,2026-08-04 15:47:08.390718,delivered,medium,clear,D102,D102,2026-08-04 14:37:05.759704,,2026-08-04 14:54:00,eta-v3.1,2026-08-04 16:17:15.734220,2026-08-04 15:24:49.846453,False,1.0959950666666667,47.73477915,52.43146278333334,30.122391699999998,30.83077421666667,-0.7083825166666706,True,True,True,
O00044,C0644,R006,2026-08-08 19:39:00,2026-08-08 20:44:05.343184,delivered,medium,clear,D080,D080,2026-08-08 19:41:07.211521,,2026-08-08 19:57:00,eta-v3.1,2026-08-08 20:50:55.989452,2026-08-08 20:09:43.232668,False,2.1201920166666666,28.60035245,41.21261306666667,6.844104466666667,12.720544466666666,-5.87644,True,False,True,
O00045,C0306,R038,2026-08-14 13:08:00,2026-08-14 14:30:18.000000,delivered,high,rain,D020,D020,2026-08-14 13:10:02.718628,,2026-08-14 13:26:00,eta-v3.2,2026-08-14 14:35:01.740517,2026-08-14 13:29:04.252494,False,2.0453104666666664,19.025564433333333,65.95813371666667,4.7290086166666665,3.0708749,1.6581337166666663,True,False,True,
O00046,C0828,R048,2026-08-05 20:14:00,2026-08-05 21:05:50.477087,delivered,high,clear,D034,D034,2026-08-05 20:14:04.652968,,2026-08-05 20:32:00,eta-v3.1,2026-08-05 20:51:44.881147,2026-08-05 20:29:13.634840,False,0.07754946666666668,15.149697866666665,22.52077178333333,-14.093265666666667,-2.772752666666667,-11.320513,False,False,True,
O00047,C0285,R011,2026-08-22 15:24:00,2026-08-22 16:45:39.750546,delivered,high,rain,D111,D111,2026-08-22 15:33:09.950615,,2026-08-22 15:42:00,eta-v3.1,2026-08-22 17:13:46.468098,2026-08-22 16:15:40.868551,False,9.165843583333332,42.515298933333334,58.09332578333333,28.1119592,33.68114251666667,-5.569183316666667,True,True,True,
O00048,C0675,R044,2026-08-10 23:07:00,2026-08-11 00:01:58.798201,delivered,low,rain,D039,D039,2026-08-10 23:08:03.299223,,2026-08-10 23:25:00,eta-v3.1,2026-08-11 00:20:25.937903,2026-08-10 23:53:00.424638,False,1.05498705,44.95209025,27.425221083333334,18.452328366666666,28.0070773,-9.554748933333332,True,True,True,
O00049,C0544,R025,2026-08-09 11:23:00,2026-08-09 12:04:23.146170,delivered,low,clear,D042,D042,2026-08-09 11:28:53.363758,,2026-08-09 11:41:00,eta-v3.2,2026-08-09 12:06:08.285589,2026-08-09 11:50:43.930186,False,5.889395966666667,21.8427738,15.405923383333334,1.7523236500000001,9.732169766666667,-7.979846116666667,True,False,True,
O00050,C0116,R036,2026-08-22 14:40:00,2026-08-22 15:33:47.676881,delivered,medium,clear,D070,D070,2026-08-22 14:41:00.401181,,2026-08-22 14:58:00,eta-v3.1,2026-08-22 15:36:07.615519,2026-08-22 15:11:29.011983,False,1.00668635,30.4768467,24.64339226666667,2.3323106333333334,13.48353305,-11.151222416666666,True,False,True,
O00051,C0875,R039,2026-08-01 15:09:00,2026-08-01 16:28:30.928528,delivered,severe,clear,D058,D058,2026-08-01 15:15:10.334213,,2026-08-01 15:27:00,eta-v3.1,2026-08-01 16:19:51.495665,2026-08-01 15:25:54.609569,False,6.1722368833333325,10.7379226,53.9481016,-8.657214383333333,-1.0898405166666667,-7.567373866666666,False,False,True,
O00052,C0610,R055,2026-08-24 17:07:00,2026-08-24 18:26:48.000000,delivered,high,clear,D086,D086,2026-08-24 17:09:27.940686,,2026-08-24 17:25:00,eta-v3.1,2026-08-24 18:11:16.946011,2026-08-24 17:19:34.353083,False,2.4656781,10.106873283333334,51.70988213333333,-15.517566483333333,-5.427448616666666,-10.090117866666667,False,False,True,
O00053,C0797,R030,2026-08-13 17:06:00,2026-08-13 17:58:50.809718,delivered,medium,rain,D028,D028,2026-08-13 17:06:45.255349,,2026-08-13 17:24:00,eta-v3.2,2026-08-13 18:20:53.797613,2026-08-13 17:42:23.641275,False,0.7542558166666667,35.63976543333333,38.50260563333333,22.04979825,18.394021249999998,3.6557770000000005,True,True,True,
O00054,C0270,R002,2026-08-28 19:56:00,2026-08-28 21:15:48.000000,delivered,high,clear,D113,D113,2026-08-28 20:00:49.745255,,2026-08-28 20:14:00,eta-v3.2,2026-08-28 21:20:10.582862,2026-08-28 20:23:52.944934,False,4.829087583333333,23.053327983333336,56.29396546666667,4.376381033333333,9.882415566666667,-5.5060345333333345,True,False,True,
O00055,C0511,R049,2026-08-16 12:53:00,2026-08-16 14:05:48.000000,delivered,low,clear,D030,D030,2026-08-16 12:53:41.483545,,2026-08-16 13:11:00,eta-v3.2,2026-08-16 14:03:05.645770,2026-08-16 13:20:04.394373,False,0.6913924166666666,26.381847133333334,43.02085661666667,-2.705903833333333,9.07323955,-11.779143383333334,False,False,True,
O00056,C0321,R022,2026-08-10 19:22:00,2026-08-10 20:30:21.288843,delivered,low,clear,D087,D087,2026-08-10 19:22:36.955188,,2026-08-10 19:40:00,eta-v3.1,2026-08-10 20:27:29.150791,2026-08-10 19:40:53.826897,False,0.6159198,18.28119515,46.58873156666667,-2.868967533333333,0.8971149500000001,-3.7660824833333333,False,False,True,
O00057,C0097,R006,2026-08-27 19:43:00,2026-08-27 20:59:09.428116,delivered,high,clear,D018,D018,2026-08-27 19:45:33.794550,,2026-08-27 20:01:00,eta-v3.2,2026-08-27 20:56:43.749750,2026-08-27 20:05:29.848536,False,2.5632425,19.934233099999997,51.2316869,-2.427972766666667,4.4974756000000005,-6.925448366666668,False,False,True,
O00058,C0604,R030,2026-08-05 20:01:00,2026-08-05 21:06:02.914275,delivered,low,clear,D007,D007,2026-08-05 20:01:56.036115,,2026-08-05 20:19:00,eta-v3.1,2026-08-05 21:08:44.647933,2026-08-05 20:32:28.460434,False,0.93393525,30.540405316666668,36.26979165,2.6955609666666667,13.474340566666665,-10.778779599999998,True,False,True,
O00059,C0242,R018,2026-08-09 18:27:00,2026-08-09 19:23:43.716443,delivered,medium,clear,D024,D024,2026-08-09 18:29:43.484607,,2026-08-09 18:45:00,eta-v3.2,2026-08-09 19:12:16.937862,2026-08-09 18:46:59.607808,False,2.72474345,17.26872001666667,25.288834233333333,-11.446309683333334,1.9934634666666669,-13.43977315,False,False,True,
O00060,C0210,R038,2026-08-10 22:49:00,2026-08-10 23:58:41.838166,delivered,low,clear,D023,D023,2026-08-10 22:50:51.500984,,2026-08-10 23:07:00,eta-v3.2,2026-08-11 00:10:51.404067,2026-08-10 23:32:03.056253,False,1.8583497333333334,41.192587816666666,38.805796900000004,12.159431683333334,25.05093755,-12.891505866666666,True,True,True,
O00061,C0352,R036,2026-08-03 21:36:00,2026-08-03 22:41:14.315041,delivered,medium,clear,D043,D043,2026-08-03 21:39:15.402003,,2026-08-03 21:54:00,eta-v3.2,2026-08-03 22:29:14.636022,2026-08-03 21:49:32.897292,False,3.25670005,10.291588149999999,39.6956455,-11.994650316666668,-4.4517118,-7.542938516666668,False,False,True,
O00062,C0243,R020,2026-08-17 12:55:00,2026-08-17 14:01:37.407879,delivered,medium,clear,D088,D088,2026-08-17 12:55:48.507772,,2026-08-17 13:13:00,eta-v3.2,2026-08-17 14:00:44.168583,2026-08-17 13:22:19.852864,False,0.8084628666666667,26.5224182,38.40526198333334,-0.8873216,9.330881066666667,-10.218202666666667,False,False,True,
O00063,C0427,R040,2026-08-20 13:48:00,2026-08-20 15:07:48.000000,delivered,high,clear,D103,D103,2026-08-20 13:49:54.129163,,2026-08-20 14:06:00,eta-v3.2,2026-08-20 14:59:23.320672,2026-08-20 14:07:56.067127,False,1.9021527166666667,18.0322994,51.45422575,-8.411322133333334,1.9344521166666666,-10.34577425,False,False,True,
O00064,C0265,R002,2026-08-09 19:22:00,2026-08-09 20:29:56.928762,delivered,medium,clear,D032,D032,2026-08-09 19:26:05.023505,,2026-08-09 19:40:00,eta-v3.2,2026-08-09 21:05:34.486949,2026-08-09 20:20:33.032412,False,4.083725083333333,54.466815116666666,45.024242283333336,35.62596978333333,40.5505402,-4.924570416666668,True,True,True,
O00065,C0553,R019,2026-08-21 13:38:00,2026-08-21 14:53:36.000000,delivered,medium,clear,D065,D065,2026-08-21 13:44:29.253719,,2026-08-21 13:56:00,eta-v3.1,2026-08-21 15:02:05.311675,2026-08-21 14:11:07.263020,False,6.487561983333333,26.63348835,50.967477583333334,8.488527916666666,15.121050333333333,-6.632522416666667,True,False,True,
O00066,C0479,R002,2026-08-13 17:21:00,2026-08-13 18:40:48.000000,delivered,high,clear,D086,D086,2026-08-13 17:21:42.558091,,2026-08-13 17:39:00,eta-v3.2,2026-08-13 18:41:27.984968,2026-08-13 17:41:22.556953,False,0.7093015166666666,19.6666477,60.090466916666664,0.6664161333333334,2.3759492166666667,-1.7095330833333333,True,False,True,
O00067,C0684,R033,2026-08-12 16:41:00,2026-08-12 18:00:48.000000,delivered,high,clear,D006,D006,2026-08-12 16:49:07.301771,,2026-08-12 16:59:00,eta-v3.1,2026-08-12 18:07:40.488736,2026-08-12 17:13:14.803034,False,8.121696183333333,24.12502105,54.428095033333335,6.874812266666667,14.246717233333333,-7.3719049666666665,True,False,True,
O00068,C0359,R058,2026-08-12 11:19:00,2026-08-12 12:31:48.000000,delivered,low,clear,D003,D003,2026-08-12 11:19:14.465568,,2026-08-12 11:37:00,eta-v3.1,2026-08-12 12:30:32.618666,2026-08-12 11:44:36.650431,False,0.2410928,25.369747716666666,45.932803916666664,-1.2563555666666666,7.610840516666667,-8.867196083333333,False,False,True,
O00069,C0341,R025,2026-08-20 13:24:00,2026-08-20 14:34:38.988329,delivered,low,clear,D048,D036,2026-08-20 13:25:59.328129,2026-08-20 13:32:43.400556,2026-08-20 13:42:00,eta-v3.1,2026-08-20 14:33:18.505133,2026-08-20 13:51:08.059244,True,1.9888021500000002,25.145518583333335,42.17409815,-1.3413866,9.134320733333334,-10.475707333333334,False,False,True,
O00070,C0304,R056,2026-08-26 20:57:00,2026-08-26 22:16:48.000000,delivered,high,clear,D021,D021,2026-08-26 20:57:14.949586,,2026-08-26 21:15:00,eta-v3.2,2026-08-26 21:58:51.688833,2026-08-26 21:07:28.452409,False,0.24915976666666667,10.22504705,51.38727373333334,-17.93851945,-7.525793183333334,-10.412726266666667,False,False,True,
O00071,C0391,R042,2026-08-21 18:23:00,2026-08-21 19:38:00.964322,delivered,medium,clear,D092,D092,2026-08-21 18:27:19.061676,,2026-08-21 18:41:00,eta-v3.1,2026-08-21 19:49:45.210065,2026-08-21 18:56:42.768236,False,4.317694599999999,29.395109333333334,53.04069715,11.73742905,15.712803933333333,-3.975374883333334,True,True,True,
O00072,C0499,R016,2026-08-15 21:59:00,2026-08-15 22:55:17.692598,delivered,low,clear,D013,D088,2026-08-15 21:59:14.442756,2026-08-15 22:07:06.896797,2026-08-15 22:17:00,eta-v3.2,2026-08-15 23:02:38.501816,2026-08-15 22:28:48.467550,True,0.2407126,29.5670799,33.83390443333333,7.3468203,11.8077925,-4.4609722,True,False,True,
O00073,C0750,R050,2026-08-27 13:45:00,2026-08-27 14:43:58.916284,delivered,medium,clear,D070,D070,2026-08-27 13:50:41.158034,,2026-08-27 14:03:00,eta-v3.2,2026-08-27 14:57:32.152522,2026-08-27 14:21:59.206034,False,5.685967233333333,31.3008,35.549108133333334,13.5539373,18.986767233333335,-5.432829933333336,True,True,True,
O00074,C0492,R041,2026-08-20 18:07:00,2026-08-20 19:26:48.000000,delivered,high,clear,D089,D089,2026-08-20 18:11:44.713280,,2026-08-20 18:25:00,eta-v3.1,2026-08-20 19:34:23.133807,2026-08-20 18:34:00.420270,False,4.745221333333333,22.261783166666664,60.37855895,7.5855634499999995,9.007004499999999,-1.4214410499999994,True,False,True,
O00075,C0055,R033,2026-08-17 23:04:00,2026-08-18 00:29:24.000000,cancelled,severe,clear,D035,D035,2026-08-17 23:12:21.575206,,2026-08-17 23:22:00,eta-v3.1,,,False,8.359586766666666,,,,,,False,False,False,cancelled
O00076,C0876,R012,2026-08-21 17:23:00,2026-08-21 18:38:36.000000,delivered,medium,clear,D041,D041,2026-08-21 17:26:01.579342,,2026-08-21 17:41:00,eta-v3.2,2026-08-21 18:41:37.819229,2026-08-21 17:50:53.912802,False,3.0263223666666668,24.872224333333335,50.73177378333333,3.0303204833333335,9.8985467,-6.868226216666667,True,False,True,
O00077,C0157,R053,2026-08-15 23:30:00,2026-08-16 00:35:21.487268,delivered,high,rain,D108,D108,2026-08-15 23:31:06.360619,,2026-08-15 23:48:00,eta-v3.1,2026-08-16 01:01:54.139242,2026-08-16 00:18:41.900236,False,1.1060103166666666,47.59232695,43.20398343333333,26.54419956666667,30.698337266666666,-4.154137699999996,True,True,True,
O00078,C0633,R027,2026-08-25 19:18:00,2026-08-25 20:36:06.000000,delivered,medium,rain,D055,D055,2026-08-25 19:19:56.156432,,2026-08-25 19:36:00,eta-v3.2,2026-08-25 20:30:57.518398,2026-08-25 19:38:13.247574,False,1.9359405333333333,18.284852366666666,52.73784706666667,-5.141360033333333,2.2207928999999997,-7.362152933333332,False,False,True,
O00079,C0387,R024,2026-08-09 20:46:00,2026-08-09 22:01:36.000000,delivered,medium,clear,D078,D078,2026-08-09 20:52:02.254713,,2026-08-09 21:04:00,eta-v3.2,2026-08-09 22:03:08.100826,2026-08-09 21:08:46.629720,False,6.03757855,16.73958345,54.35785176666666,1.5350137666666666,4.777162000000001,-3.2421482333333342,True,False,True,
O00080,C0229,R029,2026-08-20 23:17:00,2026-08-21 00:39:18.000000,delivered,high,rain,D037,D037,2026-08-20 23:18:04.387970,,2026-08-20 23:35:00,eta-v3.1,2026-08-21 01:01:48.459960,2026-08-21 00:04:18.199111,False,1.0731328333333332,46.23018568333334,57.504347483333326,22.507665999999997,29.303318516666664,-6.795652516666667,True,True,True,
O00081,C0581,R037,2026-08-19 11:09:00,2026-08-19 12:31:18.000000,delivered,high,rain,D004,D004,2026-08-19 11:09:44.491780,,2026-08-19 11:27:00,eta-v3.2,2026-08-19 12:24:09.886909,2026-08-19 11:26:02.999481,False,0.7415296666666666,16.308461683333334,58.11479046666667,-7.1352181833333335,-0.9500086499999999,-6.1852095333333335,False,False,True,
O00082,C0366,R060,2026-08-17 17:35:00,2026-08-17 18:22:00.755721,delivered,low,clear,D029,D029,2026-08-17 17:38:47.769677,,2026-08-17 17:53:00,eta-v3.1,2026-08-17 18:13:47.804039,2026-08-17 17:51:55.830854,False,3.7961612833333334,13.13435295,21.866219750000003,-8.215861366666667,-1.0694857666666666,-7.146375600000001,False,False,True,
O00083,C0404,R021,2026-08-15 23:51:00,2026-08-16 01:13:18.000000,delivered,high,rain,D061,D061,2026-08-15 23:51:19.432868,,2026-08-16 00:09:00,eta-v3.1,2026-08-16 01:15:40.179224,2026-08-16 00:13:07.414442,False,0.3238811333333333,21.7996929,62.5460797,2.3696537333333336,4.123574033333333,-1.7539202999999994,True,False,True,
O00084,C0242,R004,2026-08-07 20:15:00,2026-08-07 21:34:48.000000,delivered,high,clear,D008,D008,2026-08-07 20:16:03.111907,,2026-08-07 20:33:00,eta-v3.1,2026-08-07 21:27:14.338789,2026-08-07 20:31:38.288560,False,1.0518651166666666,15.58627755,55.60083715,-7.561020183333333,-1.3618573333333333,-6.19916285,False,False,True,
O00085,C0219,R009,2026-08-03 12:20:00,2026-08-03 13:39:48.000000,delivered,high,clear,D037,D037,2026-08-03 12:21:21.926124,,2026-08-03 12:38:00,eta-v3.1,2026-08-03 13:39:23.274303,2026-08-03 12:44:22.694982,False,1.3654354,23.0128143,55.00965535,-0.41209495,6.3782497,-6.79034465,False,False,True,
O00086,C0011,R042,2026-08-04 18:19:00,2026-08-04 19:31:48.000000,delivered,low,clear,D108,D108,2026-08-04 18:22:00.532758,,2026-08-04 18:37:00,eta-v3.2,2026-08-04 19:30:47.013099,2026-08-04 18:43:02.980015,False,3.0088793,21.040787616666666,47.73388473333333,-1.0164483500000001,6.049666916666666,-7.0661152666666665,False,False,True,
O00087,C0249,R016,2026-08-06 19:37:00,2026-08-06 20:49:48.000000,delivered,low,clear,D032,D032,2026-08-06 19:37:04.763046,,2026-08-06 19:55:00,eta-v3.1,2026-08-06 20:41:02.048528,2026-08-06 19:55:57.983013,False,0.0793841,18.88699945,45.06775858333333,-8.765857866666666,0.96638355,-9.732241416666666,False,False,True,
O00088,C0077,R034,2026-08-16 21:34:00,2026-08-16 22:55:36.000000,delivered,medium,heavy_rain,D032,D032,2026-08-16 21:37:43.084144,,2026-08-16 21:52:00,eta-v3.1,2026-08-16 22:55:19.466837,2026-08-16 21:51:36.170791,False,3.7180690666666667,13.88477745,63.72160076666667,-0.27555271666666664,-0.39715348333333333,0.1216007666666667,False,False,True,
O00089,C0341,R002,2026-08-24 23:22:00,2026-08-25 00:45:37.010931,delivered,severe,clear,D016,D016,2026-08-24 23:24:54.032709,,2026-08-24 23:40:00,eta-v3.1,2026-08-25 00:56:28.164196,2026-08-24 23:51:10.776789,False,2.90054515,26.279068,65.28979011666667,10.852554416666667,11.17961315,-0.3270587333333328,True,True,True,
O00090,C0435,R039,2026-08-20 17:55:00,2026-08-20 19:17:18.000000,delivered,high,rain,D106,D106,2026-08-20 18:11:21.855464,,2026-08-20 18:13:00,eta-v3.2,2026-08-20 19:37:33.495349,2026-08-20 18:31:29.635751,False,16.364257733333332,20.12967145,66.06432663333334,20.25825581666667,18.493929183333332,1.7643266333333365,True,True,True,
O00091,C0567,R026,2026-08-08 14:22:00,2026-08-08 15:34:48.000000,delivered,low,clear,D014,D050,2026-08-08 14:22:54.580132,2026-08-08 14:27:55.569795,2026-08-08 14:40:00,eta-v3.2,2026-08-08 15:32:46.714468,2026-08-08 14:42:22.888278,True,0.9096688666666667,19.471802433333334,50.39710316666667,-2.0214255333333333,2.3814713000000003,-4.402896833333333,False,False,True,
O00092,C0680,R030,2026-08-03 17:28:00,2026-08-03 18:47:48.000000,delivered,high,clear,D010,D010,2026-08-03 17:30:37.519570,,2026-08-03 17:46:00,eta-v3.2,2026-08-03 18:51:24.017088,2026-08-03 17:53:55.130436,False,2.6253261666666665,23.293514433333332,57.481444200000006,3.6002848,7.918840599999999,-4.3185557999999995,True,False,True,
O00093,C0110,R034,2026-08-02 11:45:00,2026-08-02 13:00:36.000000,delivered,medium,clear,D042,D042,2026-08-02 11:47:07.372808,,2026-08-02 12:03:00,eta-v3.1,2026-08-02 13:01:53.275765,2026-08-02 12:11:43.037180,False,2.1228801333333336,24.594406199999998,50.17064308333333,1.2879294166666668,8.717286333333334,-7.429356916666667,True,False,True,
O00094,C0878,R003,2026-08-19 16:52:00,2026-08-19 18:04:48.000000,delivered,low,clear,D072,D072,2026-08-19 16:52:38.461571,,2026-08-19 17:10:00,eta-v3.2,2026-08-19 18:24:21.698196,2026-08-19 17:39:02.564976,False,0.6410261833333333,46.40172341666666,45.318887000000004,19.5616366,29.042749599999997,-9.481112999999997,True,True,True,
O00095,C0091,R053,2026-08-21 20:49:00,2026-08-21 22:04:15.237941,delivered,high,clear,D107,D107,2026-08-21 20:50:07.616060,,2026-08-21 21:07:00,eta-v3.1,2026-08-21 22:30:16.567079,2026-08-21 21:34:59.863473,False,1.1269343333333335,44.87079021666667,55.278393433333335,26.022152300000002,27.99772455,-1.975572249999999,True,True,True,
O00096,C0757,R046,2026-08-28 21:46:00,2026-08-28 22:58:48.000000,delivered,low,clear,D006,D006,2026-08-28 21:50:16.462860,,2026-08-28 22:04:00,eta-v3.1,2026-08-28 22:54:02.388621,2026-08-28 22:07:07.159833,False,4.274381,16.84494955,46.920479799999995,-4.76018965,3.11933055,-7.8795202,False,False,True,
O00097,C0561,R026,2026-08-26 19:39:00,2026-08-26 21:00:36.000000,delivered,medium,heavy_rain,D026,D026,2026-08-26 19:39:04.059406,,2026-08-26 19:57:00,eta-v3.1,2026-08-26 21:07:54.066262,2026-08-26 20:05:04.445452,False,0.06765676666666667,26.0064341,62.8270135,7.301104366666666,8.074090866666667,-0.7729865000000009,True,False,True,
O00098,C0318,R054,2026-08-04 18:34:00,2026-08-04 19:37:11.970238,delivered,medium,heavy_rain,D035,D035,2026-08-04 18:39:40.954381,,2026-08-04 18:52:00,eta-v3.1,2026-08-04 19:47:49.583343,2026-08-04 19:02:55.655146,False,5.682573016666667,23.24501275,44.898803283333336,10.626885083333333,10.927585766666665,-0.3007006833333321,True,True,True,
O00099,C0046,R038,2026-08-18 19:08:00,2026-08-18 20:17:20.250376,delivered,low,clear,D040,D040,2026-08-18 19:08:35.042866,,2026-08-18 19:26:00,eta-v3.2,2026-08-18 20:19:55.577319,2026-08-18 19:38:28.716286,False,0.5840477666666666,29.894557000000002,41.44768388333333,2.588782383333333,12.478604766666667,-9.889822383333334,True,False,True,
O00100,C0485,R036,2026-08-18 23:10:00,2026-08-19 00:26:50.161016,delivered,medium,rain,D090,D090,2026-08-18 23:13:08.695394,,2026-08-18 23:28:00,eta-v3.1,2026-08-19 00:28:17.159744,2026-08-18 23:32:27.248969,False,3.144923233333333,19.30922625,55.83184625,1.4499788,4.4541494833333335,-3.0041706833333333,True,False,True,
O00101,C0538,R007,2026-08-24 20:59:00,2026-08-24 20:49:00.000000,delivered,low,rain,D111,D111,2026-08-24 20:59:18.554829,,2026-08-24 21:17:00,eta-v3.2,2026-08-24 22:14:30.685278,2026-08-24 21:25:03.983984,False,0.30924715,25.757152583333333,49.44502156666667,85.5114213,8.066399733333334,77.44502156666667,True,True,False,quarantined
O00102,C0263,R004,2026-08-11 16:41:00,2026-08-11 16:31:00.000000,delivered,medium,clear,D056,D056,2026-08-11 16:41:49.829394,,2026-08-11 16:59:00,eta-v3.1,2026-08-11 17:57:17.661772,2026-08-11 17:05:05.809584,False,0.8304899,23.2663365,52.19753646666666,86.29436286666667,6.096826399999999,80.19753646666668,True,True,False,quarantined
O00103,C0389,R020,2026-08-22 20:11:00,2026-08-22 20:01:00.000000,delivered,high,clear,D098,D098,2026-08-22 20:31:37.270437,,2026-08-22 20:29:00,eta-v3.1,2026-08-22 21:10:17.342305,2026-08-22 20:39:45.064627,False,20.62117395,8.129903166666667,30.5379613,69.28903841666667,10.751077116666666,58.537961300000006,True,True,False,quarantined
O00104,C0436,R031,2026-08-09 22:19:00,2026-08-09 22:09:00.000000,delivered,medium,clear,D055,D055,2026-08-09 22:19:13.529362,,2026-08-09 22:37:00,eta-v3.1,2026-08-09 23:36:20.740161,2026-08-09 22:47:33.934776,False,0.2254893666666667,28.340090233333335,48.78008975,87.34566935,10.565579600000001,76.78008974999999,True,True,False,quarantined
O00105,C0729,R027,2026-08-08 14:08:00,2026-08-08 15:23:36.000000,delivered,medium,clear,D069,D069,2026-08-08 14:08:15.473660,,2026-08-08 14:26:00,eta-v3.1,2026-08-08 15:14:12.630181,2026-08-08 14:26:39.014283,False,0.25789433333333334,18.39234371666667,47.560264966666665,-9.389496983333334,0.65023805,-10.039735033333335,False,False,True,
O00106,C0760,R035,2026-08-12 12:36:00,2026-08-12 13:51:18.000000,delivered,low,rain,D089,D089,2026-08-12 12:36:22.354057,,2026-08-12 12:54:00,eta-v3.2,2026-08-12 13:37:00.203394,2026-08-12 12:46:53.767240,False,0.37256761666666666,10.52355305,50.107269233333334,-14.2966101,-7.103879333333333,-7.192730766666667,False,False,True,
O00107,C0412,R050,2026-08-15 20:29:00,2026-08-15 21:38:08.527830,delivered,low,clear,D034,D001,2026-08-15 20:30:08.510533,2026-08-15 20:37:51.420888,2026-08-15 20:47:00,eta-v3.1,2026-08-15 21:37:21.933301,2026-08-15 20:53:47.105998,True,1.1418422166666666,23.64325775,43.58045505,-0.7765754833333334,6.7850999666666665,-7.56167545,False,False,True,
O00108,C0226,R040,2026-08-18 23:59:00,2026-08-19 01:24:48.000000,delivered,high,heavy_rain,D057,D057,2026-08-18 23:59:29.167560,,2026-08-19 00:17:00,eta-v3.2,2026-08-19 01:16:32.308921,2026-08-19 00:11:01.322470,False,0.486126,11.535915166666665,65.51644085000001,-8.261517983333333,-5.977958833333333,-2.2835591499999994,False,False,True,
O00109,C0894,R002,2026-08-28 18:41:00,2026-08-28 19:48:02.408337,delivered,high,clear,D040,D040,2026-08-28 18:41:49.636489,,2026-08-28 18:59:00,eta-v3.1,2026-08-28 19:44:50.633375,2026-08-28 19:01:15.568247,False,0.8272748166666666,19.432195966666665,43.5844188,-3.1962493666666663,2.2594707833333336,-5.455720149999999,False,False,True,
O00110,C0811,R040,2026-08-12 13:12:00,2026-08-12 14:37:24.000000,delivered,severe,clear,D027,D037,2026-08-12 13:12:35.349356,2026-08-12 13:15:03.611535,2026-08-12 13:30:00,eta-v3.1,2026-08-12 14:58:44.027044,2026-08-12 13:56:04.470524,True,0.5891559333333334,43.4853528,62.65927533333333,21.333784066666666,26.074508733333335,-4.740724666666669,True,True,True,
O00111,C0338,R031,2026-08-15 14:13:00,2026-08-15 15:32:48.000000,delivered,high,clear,D118,D118,2026-08-15 14:18:42.015588,,2026-08-15 14:31:00,eta-v3.2,2026-08-15 15:48:32.793183,2026-08-15 14:58:06.249152,False,5.7002597999999995,39.403892733333336,50.442400516666666,15.74655305,27.104152533333334,-11.357599483333335,True,True,True,
O00112,C0404,R056,2026-08-09 12:37:00,2026-08-09 13:59:18.000000,delivered,high,rain,D115,D115,2026-08-09 12:40:25.414043,,2026-08-09 12:55:00,eta-v3.2,2026-08-09 13:48:51.605724,2026-08-09 12:48:00.358227,False,3.4235673833333333,7.582403066666667,60.85412495,-10.4399046,-6.99402955,-3.4458750500000006,False,False,True,
O00113,C0605,R058,2026-08-18 18:54:00,2026-08-18 20:12:06.000000,delivered,medium,rain,D059,D059,2026-08-18 18:55:16.849786,,2026-08-18 19:12:00,eta-v3.2,2026-08-18 20:31:15.102926,2026-08-18 19:38:57.053016,False,1.2808297666666666,43.670053833333334,52.30083183333333,19.151715433333333,26.9508836,-7.799168166666668,True,True,True,
O00114,C0602,R056,2026-08-03 18:53:00,2026-08-03 20:05:48.000000,delivered,low,clear,D093,D093,2026-08-03 18:56:51.052635,,2026-08-03 19:11:00,eta-v3.1,2026-08-03 20:12:00.539850,2026-08-03 19:21:17.131133,False,3.8508772500000004,24.434641633333335,50.72347861666666,6.2089975,10.285518883333333,-4.076521383333334,True,False,True,
O00115,C0104,R017,2026-08-24 12:48:00,2026-08-24 13:39:28.307218,delivered,medium,clear,D029,D029,2026-08-24 12:54:24.984008,,2026-08-24 13:06:00,eta-v3.2,2026-08-24 13:30:45.204008,2026-08-24 13:10:51.877854,False,6.416400133333334,16.44823076666667,19.888769233333335,-8.718386833333334,4.8646309,-13.583017733333334,False,False,True,
O00116,C0264,R004,2026-08-26 23:30:00,2026-08-27 00:49:48.000000,delivered,high,clear,D100,D100,2026-08-26 23:32:22.462882,,2026-08-26 23:48:00,eta-v3.1,2026-08-27 01:02:35.610076,2026-08-27 00:07:01.064026,False,2.374381366666667,34.643352400000005,55.5757675,12.793501266666668,19.017733766666666,-6.224232499999998,True,True,True,
O00117,C0480,R032,2026-08-18 19:43:00,2026-08-18 20:58:36.000000,delivered,medium,clear,D016,D016,2026-08-18 19:44:49.668670,,2026-08-18 20:01:00,eta-v3.2,2026-08-18 20:55:24.550476,2026-08-18 20:06:42.521740,False,1.8278111666666668,21.880884499999997,48.700478933333336,-3.1908254,5.708695666666667,-8.899521066666667,False,False,True,
O00118,C0258,R060,2026-08-27 21:52:00,2026-08-27 23:02:48.825147,delivered,high,clear,D066,D032,2026-08-27 21:52:45.922287,2026-08-27 21:57:57.446344,2026-08-27 22:10:00,eta-v3.1,2026-08-27 23:11:23.618617,2026-08-27 22:23:32.703369,True,0.76537145,30.7796847,47.848587466666665,8.579891166666666,13.545056149999999,-4.965164983333333,True,False,True,
O00119,C0039,R041,2026-08-24 15:18:00,2026-08-24 16:33:18.000000,delivered,low,rain,D115,D115,2026-08-24 15:18:54.839349,,2026-08-24 15:36:00,eta-v3.1,2026-08-24 16:46:13.615274,2026-08-24 15:55:54.243412,False,0.91398915,36.990067716666665,50.322864366666664,12.926921233333333,19.904056866666668,-6.977135633333335,True,True,True,
O00120,C0501,R040,2026-08-13 18:15:00,2026-08-13 19:40:24.000000,delivered,severe,clear,D045,D045,2026-08-13 18:17:57.662658,,2026-08-13 18:33:00,eta-v3.1,2026-08-13 19:34:08.431508,2026-08-13 18:29:08.055622,False,2.9610442999999997,11.173216066666667,65.00626476666666,-6.259474866666666,-3.8657396333333334,-2.393735233333333,False,False,True,
O00121,C0008,R053,2026-08-14 19:21:00,2026-08-14 20:39:06.000000,delivered,medium,rain,D011,D011,2026-08-14 19:27:06.878434,,2026-08-14 19:39:00,eta-v3.1,2026-08-14 20:59:24.936926,2026-08-14 20:06:13.979013,False,6.114640566666667,39.118342983333335,53.182631883333336,20.315615433333335,27.232983549999997,-6.917368116666662,True,True,True,
O00122,C0829,R010,2026-08-11 11:13:00,2026-08-11 12:28:36.000000,delivered,medium,clear,D087,D087,2026-08-11 11:13:32.406921,,2026-08-11 11:31:00,eta-v3.2,2026-08-11 12:29:52.348141,2026-08-11 11:38:44.232576,False,0.54011535,25.197094250000003,51.13525941666667,1.2724690166666666,7.7372096,-6.464740583333334,True,False,True,
O00123,C0110,R017,2026-08-03 18:22:00,2026-08-03 19:31:39.126645,delivered,low,clear,D104,D104,2026-08-03 18:24:50.877021,,2026-08-03 18:40:00,eta-v3.2,2026-08-03 19:24:39.852763,2026-08-03 18:42:42.220551,False,2.84795035,17.855725500000002,41.960536866666665,-6.987898033333334,2.70367585,-9.691573883333334,False,False,True,
O00124,C0471,R042,2026-08-13 17:43:00,2026-08-13 18:54:16.027741,delivered,medium,clear,D053,D053,2026-08-13 17:43:52.312693,,2026-08-13 18:01:00,eta-v3.2,2026-08-13 18:51:21.876941,2026-08-13 18:08:49.859896,False,0.8718782166666668,24.959120050000003,42.533617416666665,-2.9025133333333333,7.830998266666667,-10.7335116,False,False,True,
O00125,C0583,R004,2026-08-01 22:28:00,2026-08-01 23:43:36.000000,delivered,medium,clear,D046,D103,2026-08-01 22:28:00.137257,2026-08-01 22:33:52.909575,2026-08-01 22:46:00,eta-v3.2,2026-08-01 23:45:02.539050,2026-08-01 22:57:54.141616,True,0.0022876166666666664,29.900072650000002,47.139957233333334,1.4423175000000001,11.902360266666667,-10.460042766666668,True,False,True,
O00126,C0834,R001,2026-08-03 20:35:00,2026-08-03 22:00:48.000000,delivered,high,heavy_rain,D104,D104,2026-08-03 20:35:34.635703,,2026-08-03 20:53:00,eta-v3.2,2026-08-03 22:13:14.216068,2026-08-03 21:03:22.215700,False,0.5772617166666667,27.792999950000002,69.8666728,12.436934466666665,10.370261666666666,2.066672799999999,True,True,True,
O00127,C0758,R001,2026-08-03 17:15:00,2026-08-03 18:34:48.000000,delivered,high,clear,D047,D047,2026-08-03 17:23:52.353629,,2026-08-03 17:33:00,eta-v3.2,2026-08-03 18:27:41.155050,2026-08-03 17:34:36.898065,False,8.872560483333332,10.742407266666667,53.07094975,-7.114082499999999,1.6149677500000001,-8.72905025,False,False,True,
O00128,C0704,R013,2026-08-20 13:20:00,2026-08-20 14:35:36.000000,delivered,medium,clear,D010,D010,2026-08-20 13:22:11.863262,,2026-08-20 13:38:00,eta-v3.2,2026-08-20 14:35:25.533191,2026-08-20 13:42:57.335430,False,2.197721033333333,20.757869466666666,52.46996268333333,-0.17444681666666667,4.9555905,-5.130037316666666,False,False,True,
O00129,C0495,R042,2026-08-12 12:36:00,2026-08-12 13:47:39.322319,cancelled,low,heavy_rain,D090,D090,2026-08-12 12:39:10.805397,,2026-08-12 12:54:00,eta-v3.1,,,False,3.18008995,,,,,,False,False,False,cancelled
O00130,C0783,R053,2026-08-15 20:53:00,2026-08-15 22:02:30.024370,delivered,high,rain,D041,D041,2026-08-15 20:55:30.052520,,2026-08-15 21:11:00,eta-v3.1,2026-08-15 21:59:47.592892,2026-08-15 21:15:07.369165,False,2.500875333333333,19.621944083333336,44.67039545,-2.7071913,4.122819416666667,-6.830010716666667,False,False,True,
O00131,C0106,R055,2026-08-28 19:34:00,2026-08-28 20:52:48.000000,delivered,low,heavy_rain,D060,D060,2026-08-28 19:34:10.825317,,2026-08-28 19:52:00,eta-v3.1,2026-08-28 21:07:19.033974,2026-08-28 19:57:44.311187,False,0.18042195,23.55809783333333,69.57871311666666,14.5172329,5.7385197833333335,8.778713116666665,True,True,True,
O00132,C0455,R003,2026-08-21 17:48:00,2026-08-21 19:06:06.000000,delivered,medium,rain,D052,D052,2026-08-21 17:48:36.784176,,2026-08-21 18:06:00,eta-v3.1,2026-08-21 19:19:26.978884,2026-08-21 18:25:18.336678,False,0.6130696,36.6925417,54.144036766666666,13.349648066666667,19.3056113,-5.955963233333332,True,True,True,
O00133,C0561,R033,2026-08-16 12:26:00,2026-08-16 13:51:24.000000,delivered,severe,clear,D119,D119,2026-08-16 12:29:16.834853,,2026-08-16 12:44:00,eta-v3.2,2026-08-16 13:47:43.845091,2026-08-16 12:42:56.533519,False,3.2805808833333336,13.661644433333333,64.7885262,-3.6692484833333334,-1.0577746833333335,-2.6114737999999997,False,False,True,
O00134,C0864,R023,2026-08-11 12:02:00,2026-08-11 13:21:48.000000,delivered,high,clear,D025,D025,2026-08-11 12:03:44.524207,,2026-08-11 12:20:00,eta-v3.1,2026-08-11 13:26:44.478045,2026-08-11 12:32:24.166489,False,1.7420701166666668,28.6607047,54.33852593333334,4.94130075,12.402774816666666,-7.461474066666666,True,False,True,
O00135,C0834,R019,2026-08-26 17:11:00,2026-08-26 18:23:48.000000,delivered,low,clear,D036,D036,2026-08-26 17:14:57.577372,,2026-08-26 17:29:00,eta-v3.1,2026-08-26 18:20:00.064441,2026-08-26 17:31:55.638508,False,3.9596228666666664,16.9676856,48.07376555,-3.7989259833333335,2.9273084666666667,-6.72623445,False,False,True,
O00136,C0158,R058,2026-08-19 12:55:00,2026-08-19 14:10:36.000000,delivered,medium,clear,D089,D089,2026-08-19 12:55:04.061679,,2026-08-19 13:13:00,eta-v3.2,2026-08-19 14:06:44.476209,2026-08-19 13:17:26.396076,False,0.06769465,22.37223995,49.30133555,-3.85872985,4.4399346,-8.29866445,False,False,True,
O00137,C0300,R059,2026-08-23 20:58:00,2026-08-23 22:05:46.644116,delivered,high,clear,D041,D041,2026-08-23 20:59:28.882061,,2026-08-23 21:16:00,eta-v3.2,2026-08-23 22:13:57.518372,2026-08-23 21:27:56.773299,False,1.4813676833333331,28.464853966666666,46.012417883333335,8.1812376,11.94622165,-3.7649840500000007,True,False,True,
O00138,C0083,R042,2026-08-06 18:31:00,2026-08-06 19:46:36.000000,delivered,medium,clear,D064,D064,2026-08-06 18:34:58.299104,,2026-08-06 18:49:00,eta-v3.1,2026-08-06 19:44:41.606985,2026-08-06 18:59:16.807438,False,3.971651733333333,24.308472233333337,45.413325783333335,-1.90655025,10.280123966666668,-12.186674216666669,False,False,True,
O00139,C0013,R002,2026-08-19 11:48:00,2026-08-19 13:03:36.000000,delivered,medium,clear,D040,D040,2026-08-19 11:49:09.457729,,2026-08-19 12:06:00,eta-v3.2,2026-08-19 13:04:24.637458,2026-08-19 12:11:44.683358,False,1.1576288166666666,22.587093816666666,52.66590166666666,0.8106243000000001,5.744722633333334,-4.934098333333334,True,False,True,
O00140,C0099,R047,2026-08-18 20:23:00,2026-08-18 21:10:26.587697,delivered,medium,clear,D003,D003,2026-08-18 20:23:17.268185,,2026-08-18 20:41:00,eta-v3.1,2026-08-18 20:55:05.861193,2026-08-18 20:37:17.560186,False,0.2878030833333333,14.004866683333335,17.805016783333333,-15.345441733333333,-3.7073302333333333,-11.638111499999999,False,False,True,
O00141,C0168,R031,2026-08-27 12:55:00,2026-08-27 14:16:04.794077,delivered,severe,clear,D015,D015,2026-08-27 13:04:35.578497,,2026-08-27 13:13:00,eta-v3.2,2026-08-27 14:17:35.745239,2026-08-27 13:19:30.920330,False,9.59297495,14.922363883333333,58.08041515,1.5158527,6.515338833333333,-4.999486133333333,True,False,True,
O00142,C0056,R022,2026-08-19 17:17:00,2026-08-19 18:21:25.422231,delivered,medium,clear,D036,D036,2026-08-19 17:29:03.325921,,2026-08-19 17:35:00,eta-v3.1,2026-08-19 18:08:17.238707,2026-08-19 17:28:46.105943,False,12.055432016666666,-0.28699963333333334,39.518879399999996,-13.136392066666668,-6.231567616666666,-6.904824450000001,False,False,True,
O00143,C0678,R013,2026-08-08 13:20:00,2026-08-08 14:39:48.000000,delivered,high,clear,D030,D030,2026-08-08 13:23:47.735317,,2026-08-08 13:38:00,eta-v3.2,2026-08-08 14:37:32.053193,2026-08-08 13:46:37.538377,False,3.795588616666667,22.830051,50.90858026666667,-2.265780116666667,8.625639616666666,-10.891419733333333,False,False,True,
O00144,C0771,R034,2026-08-23 22:23:00,2026-08-23 23:28:49.161332,delivered,medium,clear,D023,D023,2026-08-23 22:28:57.105060,,2026-08-23 22:41:00,eta-v3.2,2026-08-23 23:35:57.157310,2026-08-23 22:55:25.996875,False,5.951751,26.48153025,40.51934058333333,7.1332663,14.43328125,-7.3000149500000004,True,False,True,
O00145,C0377,R015,2026-08-11 18:08:00,2026-08-11 19:13:56.187318,delivered,medium,clear,D035,D035,2026-08-11 18:15:54.425659,,2026-08-11 18:26:00,eta-v3.2,2026-08-11 19:16:48.103141,2026-08-11 18:37:22.495775,False,7.907094316666667,21.46783526666667,39.42678943333333,2.8652637166666666,11.374929583333333,-8.509665866666667,True,False,True,
O00146,C0031,R015,2026-08-07 23:58:00,2026-08-08 00:41:44.791949,delivered,low,clear,D046,D046,2026-08-07 23:58:44.409581,,2026-08-08 00:16:00,eta-v3.2,2026-08-08 00:29:43.338196,2026-08-08 00:10:12.231564,False,0.7401596833333334,11.463699716666667,19.518443866666665,-12.024229216666667,-5.7961406,-6.228088616666667,False,False,True,
O00147,C0572,R016,2026-08-25 14:41:00,2026-08-25 15:37:14.765344,delivered,low,clear,D045,D025,2026-08-25 14:41:26.819021,2026-08-25 14:49:10.004812,2026-08-25 14:59:00,eta-v3.2,2026-08-25 15:59:59.246273,2026-08-25 15:31:31.074721,True,0.4469836833333333,50.070928333333335,28.469525866666668,22.74134881666667,32.51791201666666,-9.776563199999995,True,True,True,
O00148,C0197,R025,2026-08-10 13:49:00,2026-08-10 15:11:18.000000,delivered,high,rain,D106,D106,2026-08-10 13:50:14.884360,,2026-08-10 14:07:00,eta-v3.1,2026-08-10 15:11:50.036755,2026-08-10 14:16:35.150451,False,1.2480726666666666,26.33776818333333,55.24810506666667,0.5339459166666667,9.58584085,-9.051894933333333,True,False,True,
O00149,C0825,R055,2026-08-22 18:13:00,2026-08-22 19:25:48.000000,delivered,low,clear,D078,D078,2026-08-22 18:14:28.521298,,2026-08-22 18:31:00,eta-v3.1,2026-08-22 19:33:44.911350,2026-08-22 18:47:37.875668,False,1.4753549666666668,33.15590616666667,46.11726136666667,7.9485225,16.631261133333332,-8.682738633333333,True,False,True,
O00150,C0747,R020,2026-08-24 19:49:00,2026-08-24 20:50:53.351582,delivered,severe,clear,D043,D043,2026-08-24 19:57:00.181495,,2026-08-24 20:07:00,eta-v3.2,2026-08-24 21:02:17.714042,2026-08-24 20:19:34.582382,False,8.003024916666666,22.57334811666667,42.718861,11.406041,12.576373033333335,-1.1703320333333345,True,True,True,
O00151,C0641,R026,2026-08-08 18:07:00,2026-08-08 19:22:36.000000,delivered,medium,clear,D104,D104,2026-08-08 18:10:00.609659,,2026-08-08 18:25:00,eta-v3.2,2026-08-08 19:50:49.669847,2026-08-08 19:00:44.862820,False,3.0101609833333334,50.737552683333334,50.08011711666666,28.22783078333333,35.74771366666666,-7.519882883333331,True,True,True,
O00152,C0179,R010,2026-08-01 19:00:00,2026-08-01 19:57:13.357078,delivered,medium,clear,D109,D109,2026-08-01 19:04:41.972079,,2026-08-01 19:18:00,eta-v3.2,2026-08-01 20:10:58.760171,2026-08-01 19:41:35.702459,False,4.69953465,36.89550633333333,29.3842952,13.756718216666666,23.595040983333334,-9.838322766666668,True,True,True,
O00153,C0274,R049,2026-08-07 23:09:00,2026-08-08 00:24:36.000000,delivered,medium,clear,D009,D009,2026-08-07 23:09:39.768756,,2026-08-07 23:27:00,eta-v3.1,2026-08-08 00:17:04.059853,2026-08-07 23:27:02.113360,False,0.6628126000000001,17.372410066666664,50.03244155,-7.532335783333334,0.035222666666666666,-7.567558450000001,False,False,True,
O00154,C0795,R015,2026-08-20 19:19:00,2026-08-20 20:15:57.271706,cancelled,high,clear,D115,D115,2026-08-20 19:20:29.664319,,2026-08-20 19:37:00,eta-v3.2,,,False,1.4944053166666669,,,,,,False,False,False,cancelled
O00155,C0521,R023,2026-08-17 18:52:00,2026-08-17 20:09:17.422343,delivered,high,clear,D105,D072,2026-08-17 18:53:01.215037,2026-08-17 18:58:01.531356,2026-08-17 19:10:00,eta-v3.1,2026-08-17 20:28:38.696717,2026-08-17 19:39:21.661056,True,1.0202506166666667,46.34076698333333,49.28392768333333,19.3545729,29.3610176,-10.0064447,True,True,True,
O00156,C0772,R017,2026-08-02 18:36:00,2026-08-02 19:31:00.930944,delivered,low,clear,D006,D006,2026-08-02 18:38:16.257244,,2026-08-02 18:54:00,eta-v3.1,2026-08-02 19:25:53.583575,2026-08-02 18:56:34.642680,False,2.2709540666666665,18.306423933333335,29.315681583333333,-5.1224561500000005,2.5773780000000004,-7.699834150000001,False,False,True,
O00157,C0663,R045,2026-08-13 22:11:00,2026-08-13 23:38:54.000000,delivered,severe,rain,D090,D090,2026-08-13 22:11:49.251799,,2026-08-13 22:29:00,eta-v3.2,2026-08-13 23:38:51.565754,2026-08-13 22:26:56.657561,False,0.8208633166666667,15.123429366666667,71.91513655,-0.04057076666666667,-2.0557073166666666,2.01513655,False,False,True,
O00158,C0119,R004,2026-08-02 13:51:00,2026-08-02 15:06:36.000000,delivered,medium,clear,D009,D009,2026-08-02 13:51:52.510646,,2026-08-02 14:09:00,eta-v3.1,2026-08-02 15:13:25.227823,2026-08-02 14:23:48.867978,False,0.8751774333333333,31.93928886666667,49.60599741666667,6.820463716666667,14.8144663,-7.994002583333333,True,False,True,
O00159,C0306,R039,2026-08-26 16:39:00,2026-08-26 17:45:00.464137,delivered,medium,clear,D086,D086,2026-08-26 16:41:09.058708,,2026-08-26 16:57:00,eta-v3.1,2026-08-26 17:43:17.011006,2026-08-26 16:59:36.844737,False,2.1509784666666665,18.463100483333335,43.669437816666665,-1.72421885,2.61407895,-4.3382978,False,False,True,
O00160,C0676,R005,2026-08-11 11:42:00,2026-08-11 12:57:36.000000,delivered,medium,clear,D091,D091,2026-08-11 11:42:06.972897,,2026-08-11 12:00:00,eta-v3.1,2026-08-11 12:59:42.792322,2026-08-11 12:04:02.500906,False,0.11621495,21.925466816666667,55.6715236,2.1132053666666666,4.041681766666667,-1.9284764,True,False,True,
O00161,C0436,R031,2026-08-28 18:44:00,2026-08-28 20:03:08.425841,delivered,high,clear,D030,D030,2026-08-28 18:56:24.592115,,2026-08-28 19:02:00,eta-v3.1,2026-08-28 20:09:18.343135,2026-08-28 19:17:06.730220,False,12.409868583333333,20.70230175,52.19354858333334,6.165288233333333,15.112170333333333,-8.9468821,True,False,True,
O00162,C0348,R003,2026-08-26 17:53:00,2026-08-26 19:12:48.000000,delivered,high,clear,D001,D001,2026-08-26 17:53:25.977803,,2026-08-26 18:11:00,eta-v3.1,2026-08-26 19:21:12.950887,2026-08-26 18:27:32.131791,False,0.43296338333333334,34.102566466666666,53.68031826666667,8.415848116666668,16.53552985,-8.119681733333332,True,False,True,
O00163,C0251,R041,2026-08-10 18:54:00,2026-08-10 19:33:54.189206,delivered,low,clear,D057,D057,2026-08-10 18:55:31.977393,,2026-08-10 19:12:00,eta-v3.2,2026-08-10 19:29:29.287513,2026-08-10 19:15:54.739354,False,1.5329565500000002,20.379366016666665,13.575802650000002,-4.415028216666667,3.9123225666666666,-8.327350783333333,False,False,True,
O00164,C0258,R041,2026-08-10 15:11:00,2026-08-10 16:23:48.000000,delivered,low,clear,D114,D114,2026-08-10 15:14:18.726049,,2026-08-10 15:29:00,eta-v3.1,2026-08-10 16:20:22.459871,2026-08-10 15:33:17.488760,False,3.3121008166666663,18.979378516666667,47.08285185,-3.4256688166666667,4.291479333333333,-7.71714815,False,False,True,
O00165,C0433,R047,2026-08-05 14:25:00,2026-08-05 15:08:29.281600,delivered,medium,clear,D009,D058,2026-08-05 14:26:51.935124,2026-08-05 14:30:14.990265,2026-08-05 14:43:00,eta-v3.2,2026-08-05 15:09:05.679077,2026-08-05 14:53:45.473111,True,1.8655854,26.892299783333332,15.3367661,0.6066246166666667,10.757885183333334,-10.151260566666668,True,False,True,
O00166,C0423,R032,2026-08-11 12:29:00,2026-08-11 13:44:18.000000,delivered,low,rain,D080,D080,2026-08-11 12:29:42.130756,,2026-08-11 12:47:00,eta-v3.2,2026-08-11 13:39:02.394552,2026-08-11 12:50:16.683775,False,0.7021792666666666,20.575883649999998,48.76184628333333,-5.2600908,3.278062916666667,-8.538153716666667,False,False,True,
O00167,C0764,R011,2026-08-20 19:15:00,2026-08-20 20:34:48.000000,delivered,high,clear,D038,D038,2026-08-20 19:15:38.675206,,2026-08-20 19:33:00,eta-v3.1,2026-08-20 20:34:19.113734,2026-08-20 19:40:06.393514,False,0.6445867666666667,24.4619718,54.21200366666667,-0.48143776666666666,7.106558566666666,-7.587996333333333,False,False,True,
O00168,C0577,R043,2026-08-12 18:50:00,2026-08-12 20:07:21.283439,delivered,medium,rain,D090,D090,2026-08-12 18:54:36.119249,,2026-08-12 19:08:00,eta-v3.2,2026-08-12 20:04:23.421514,2026-08-12 19:15:03.881383,False,4.601987483333334,20.462702233333335,49.32566885000001,-2.964365416666667,7.064689716666667,-10.029055133333333,False,False,True,
O00169,C0389,R055,2026-08-22 15:34:00,2026-08-22 16:35:43.577965,delivered,high,rain,D064,D064,2026-08-22 15:38:53.145759,,2026-08-22 15:52:00,eta-v3.1,2026-08-22 17:04:40.775814,2026-08-22 16:19:20.745210,False,4.88576265,40.459990850000004,45.3338434,28.953297483333333,27.3457535,1.6075439833333327,True,True,True,
O00170,C0129,R015,2026-08-23 17:36:00,2026-08-23 18:46:40.410530,delivered,medium,clear,D072,D072,2026-08-23 17:42:05.390331,,2026-08-23 17:54:00,eta-v3.2,2026-08-23 18:51:18.866664,2026-08-23 18:07:56.927664,False,6.0898388500000005,25.85895555,43.365649999999995,4.640935566666667,13.9487944,-9.307858833333334,True,False,True,
O00171,C0197,R008,2026-08-17 18:21:00,2026-08-17 19:46:24.000000,delivered,severe,clear,D076,D103,2026-08-17 18:22:58.525097,2026-08-17 18:29:54.497561,2026-08-17 18:39:00,eta-v3.1,2026-08-17 20:14:45.009468,2026-08-17 19:10:31.744691,True,1.9754182833333334,47.5536599,64.22107961666667,28.350157799999998,31.529078183333336,-3.178920383333338,True,True,True,
O00172,C0027,R012,2026-08-04 16:20:00,2026-08-04 17:25:24.396622,delivered,low,clear,D074,D074,2026-08-04 16:22:18.954561,,2026-08-04 16:38:00,eta-v3.2,2026-08-04 17:23:20.738324,2026-08-04 16:46:21.529411,False,2.31590935,24.042914166666666,36.98681521666666,-2.060971633333333,8.358823516666666,-10.419795149999999,False,False,True,
O00173,C0316,R009,2026-08-06 20:44:00,2026-08-06 22:09:24.000000,cancelled,severe,clear,D098,D098,2026-08-06 20:44:08.412864,,2026-08-06 21:02:00,eta-v3.1,,,False,0.14021440000000002,,,,,,False,False,False,cancelled
O00174,C0797,R049,2026-08-21 18:59:00,2026-08-21 20:03:13.853211,delivered,medium,clear,D056,D056,2026-08-21 19:04:43.762336,,2026-08-21 19:17:00,eta-v3.2,2026-08-21 20:18:20.245322,2026-08-21 19:43:26.579106,False,5.729372266666667,38.71361283333333,34.89443693333333,15.106535183333333,26.442985099999998,-11.336449916666664,True,True,True,
O00175,C0062,R005,2026-08-24 11:24:00,2026-08-24 12:39:36.000000,delivered,medium,clear,D069,D069,2026-08-24 11:40:14.182700,,2026-08-24 11:42:00,eta-v3.2,2026-08-24 12:33:24.594820,2026-08-24 11:41:02.594801,False,16.23637833333333,0.80686835,52.36666698333333,-6.1900863333333325,-0.9567533166666667,-5.233333016666665,False,False,True,
O00176,C0045,R004,2026-08-10 11:16:00,2026-08-10 12:21:34.354653,delivered,severe,clear,D005,D005,2026-08-10 11:16:26.937519,,2026-08-10 11:34:00,eta-v3.1,2026-08-10 12:34:38.828932,2026-08-10 11:47:24.681107,False,0.44895865,30.962393133333332,47.23579708333333,13.074571316666667,13.411351783333334,-0.33678046666666717,True,True,True,
O00177,C0634,R023,2026-08-02 12:13:00,2026-08-02 13:09:59.404344,delivered,severe,clear,D044,D044,2026-08-02 12:14:53.378982,,2026-08-02 12:31:00,eta-v3.1,2026-08-02 13:06:28.125718,2026-08-02 12:36:41.288315,False,1.8896496999999999,21.798488883333334,29.78062338333333,-3.5213104333333334,5.688138583333333,-9.209449016666667,False,False,True,
O00178,C0642,R023,2026-08-20 18:06:00,2026-08-20 19:18:48.000000,delivered,low,clear,D120,D120,2026-08-20 18:13:59.311545,,2026-08-20 18:24:00,eta-v3.2,2026-08-20 19:37:12.390120,2026-08-20 18:52:50.068068,False,7.98852575,38.84594205,44.3720342,18.406502,28.834467800000002,-10.427965800000003,True,True,True,
O00179,C0076,R060,2026-08-15 15:53:00,2026-08-15 16:52:10.142586,delivered,medium,clear,D021,D021,2026-08-15 15:53:37.370349,,2026-08-15 16:11:00,eta-v3.1,2026-08-15 16:58:06.341578,2026-08-15 16:19:46.225712,False,0.62283915,26.147589383333333,38.335264433333336,5.9366498666666665,8.770428533333334,-2.8337786666666673,True,False,True,
O00180,C0505,R041,2026-08-08 18:05:00,2026-08-08 19:23:06.000000,delivered,medium,rain,D001,D001,2026-08-08 18:05:08.439625,,2026-08-08 18:23:00,eta-v3.2,2026-08-08 19:37:52.194153,2026-08-08 18:43:23.314022,False,0.14066041666666665,38.24790661666667,54.48133551666667,14.769902550000001,20.388567033333334,-5.618664483333333,True,True,True,
O00181,C0107,R006,2026-08-14 12:43:00,2026-08-14 14:00:30.808398,delivered,medium,heavy_rain,D096,D096,2026-08-14 12:43:02.387048,,2026-08-14 13:01:00,eta-v3.1,2026-08-14 14:04:55.731344,2026-08-14 13:08:26.991712,False,0.03978413333333333,25.41007773333333,56.47899386666666,4.415382433333334,7.449861866666667,-3.034479433333333,True,False,True,
O00182,C0441,R055,2026-08-23 19:33:00,2026-08-23 20:52:48.000000,delivered,high,clear,D083,D083,2026-08-23 19:34:46.464486,,2026-08-23 19:51:00,eta-v3.1,2026-08-23 21:07:17.763162,2026-08-23 20:13:00.455578,False,1.7744080999999998,38.23318486666667,54.28845973333333,14.4960527,22.007592966666667,-7.5115402666666675,True,True,True,
O00183,C0028,R041,2026-08-16 11:17:00,2026-08-16 12:16:05.414444,delivered,medium,clear,D018,D018,2026-08-16 11:18:06.518902,,2026-08-16 11:35:00,eta-v3.1,2026-08-16 12:17:16.575773,2026-08-16 11:47:02.970571,False,1.1086483666666667,28.94086115,30.226753366666667,1.1860221499999999,12.049509516666665,-10.863487366666666,True,False,True,
O00184,C0213,R058,2026-08-09 21:54:00,2026-08-09 23:13:48.000000,delivered,high,clear,D016,D016,2026-08-09 21:55:56.620795,,2026-08-09 22:12:00,eta-v3.2,2026-08-09 23:11:22.059651,2026-08-09 22:15:21.472383,False,1.9436799166666667,19.414193133333335,56.009787800000005,-2.43233915,3.3578730500000002,-5.7902122,False,False,True,
O00185,C0136,R012,2026-08-27 17:31:00,2026-08-27 18:53:18.000000,delivered,high,rain,D106,D106,2026-08-27 17:36:56.987167,,2026-08-27 17:49:00,eta-v3.1,2026-08-27 18:45:35.259246,2026-08-27 17:46:55.450542,False,5.949786116666667,9.974389583333334,58.6634784,-7.7123459,-2.0758243,-5.6365216,False,False,True,
O00186,C0099,R029,2026-08-07 21:15:00,2026-08-07 22:27:48.000000,delivered,low,clear,D010,D010,2026-08-07 21:15:11.057795,,2026-08-07 21:33:00,eta-v3.1,2026-08-07 22:23:24.875304,2026-08-07 21:39:56.381458,False,0.18429658333333335,24.755394383333332,43.47489743333333,-4.385411599999999,6.939690966666666,-11.325102566666665,False,False,True,
O00187,C0488,R009,2026-08-28 18:35:00,2026-08-28 19:50:36.000000,delivered,medium,clear,D027,D027,2026-08-28 18:37:38.528198,,2026-08-28 18:53:00,eta-v3.1,2026-08-28 19:33:07.522280,2026-08-28 18:48:13.151927,False,2.6421366333333336,10.57706215,44.906172549999994,-17.474628666666668,-4.780801216666666,-12.69382745,False,False,True,
O00188,C0303,R009,2026-08-09 19:32:00,2026-08-09 20:47:18.000000,delivered,low,rain,D033,D102,2026-08-09 19:32:35.094698,2026-08-09 19:38:50.599129,2026-08-09 19:50:00,eta-v3.2,2026-08-09 21:07:26.879602,2026-08-09 20:14:30.302194,True,0.5849116333333334,41.920124933333334,52.942956800000005,20.147993366666665,24.505036566666668,-4.357043200000003,True,True,True,
O00189,C0150,R011,2026-08-15 16:33:00,2026-08-15 17:38:17.145241,delivered,high,clear,D001,D001,2026-08-15 16:36:59.082592,,2026-08-15 16:51:00,eta-v3.2,2026-08-15 17:42:57.478082,2026-08-15 17:06:55.662026,False,3.984709866666667,29.942990566666666,36.0302676,4.672214016666667,15.927700433333333,-11.255486416666667,True,False,True,
O00190,C0859,R042,2026-08-09 19:55:00,2026-08-09 21:10:36.000000,delivered,medium,clear,D017,D017,2026-08-09 19:56:03.183303,,2026-08-09 20:13:00,eta-v3.1,2026-08-09 21:04:16.824909,2026-08-09 20:17:53.630198,False,1.05305505,21.840781583333335,46.38657851666667,-6.31958485,4.893836633333334,-11.213421483333335,False,False,True,
O00191,C0566,R004,2026-08-09 22:25:00,2026-08-09 23:06:45.216793,delivered,medium,clear,D113,D113,2026-08-09 22:28:54.341648,,2026-08-09 22:43:00,eta-v3.2,2026-08-09 22:57:38.025265,2026-08-09 22:43:11.060858,False,3.9056941333333333,14.278653499999999,14.449406783333334,-9.1198588,0.18434763333333332,-9.304206433333333,False,False,True,
O00192,C0100,R003,2026-08-06 16:30:00,2026-08-06 17:42:48.000000,delivered,low,clear,D035,D035,2026-08-06 16:30:35.695467,,2026-08-06 16:48:00,eta-v3.1,2026-08-06 17:43:05.149196,2026-08-06 16:53:44.325684,False,0.59492445,23.143836949999997,49.34705853333333,0.28581993333333333,5.7387614000000005,-5.452941466666667,True,False,True,
O00193,C0309,R034,2026-08-11 17:37:00,2026-08-11 18:44:24.895731,delivered,medium,rain,D015,D015,2026-08-11 17:37:17.791003,,2026-08-11 17:55:00,eta-v3.1,2026-08-11 18:44:22.949084,2026-08-11 17:57:35.187769,False,0.2965167166666667,20.2899461,46.79602191666667,-0.03244411666666667,2.5864628166666668,-2.6189069333333332,False,False,True,
O00194,C0771,R020,2026-08-11 17:36:00,2026-08-11 19:01:48.000000,delivered,high,heavy_rain,D018,D018,2026-08-11 17:37:11.757255,,2026-08-11 17:54:00,eta-v3.2,2026-08-11 19:40:08.111510,2026-08-11 18:31:39.836812,False,1.19595425,54.46799261666667,68.47124496666667,38.33519183333333,37.66394686666667,0.6712449666666629,True,True,True,
O00195,C0248,R033,2026-08-25 13:48:00,2026-08-25 15:03:18.000000,delivered,low,rain,D089,D089,2026-08-25 13:49:24.189532,,2026-08-25 14:06:00,eta-v3.2,2026-08-25 14:51:09.437606,2026-08-25 14:05:59.839412,False,1.4031588666666666,16.594164666666668,45.1599699,-12.142706566666668,-0.002676466666666667,-12.1400301,False,False,True,
O00196,C0604,R043,2026-08-01 21:48:00,2026-08-01 22:55:14.312387,delivered,high,clear,D017,D017,2026-08-01 21:50:50.595662,,2026-08-01 22:06:00,eta-v3.1,2026-08-01 22:58:24.258591,2026-08-01 22:13:32.237101,False,2.8432610333333335,22.694023983333334,44.86702483333333,3.1657700666666666,7.537285016666667,-4.37151495,True,False,True,
O00197,C0020,R009,2026-08-24 18:33:00,2026-08-24 19:47:45.443018,delivered,medium,rain,D062,D062,2026-08-24 18:40:01.397551,,2026-08-24 18:51:00,eta-v3.2,2026-08-24 19:46:59.770377,2026-08-24 18:53:02.892832,False,7.023292516666667,13.02492135,53.94795908333333,-0.7612106833333333,2.0482138666666665,-2.8094245499999997,False,False,True,
O00198,C0657,R016,2026-08-19 18:07:00,2026-08-19 18:57:33.382886,delivered,medium,clear,D100,D100,2026-08-19 18:10:14.081413,,2026-08-19 18:25:00,eta-v3.1,2026-08-19 19:32:47.457048,2026-08-19 19:02:58.154574,False,3.2346902166666665,52.73455268333333,29.8217079,35.23456936666666,37.969242900000005,-2.7346735333333427,True,True,True,
O00199,C0657,R057,2026-08-15 17:35:00,2026-08-15 18:25:56.810917,cancelled,medium,clear,D109,D109,2026-08-15 17:40:07.340626,,2026-08-15 17:53:00,eta-v3.1,,,False,5.122343766666666,,,,,,False,False,False,cancelled
O00200,C0099,R002,2026-08-22 18:39:00,2026-08-22 19:54:36.000000,delivered,medium,clear,D079,D079,2026-08-22 18:43:48.681791,,2026-08-22 18:57:00,eta-v3.1,2026-08-22 19:48:44.061281,2026-08-22 19:02:52.989888,False,4.811363183333333,19.07180161666667,45.85118988333333,-5.865645316666667,5.8831648,-11.748810116666668,False,False,True,
O00201,C0236,R044,2026-08-12 19:18:00,2026-08-12 20:30:48.000000,delivered,low,clear,D012,D018,2026-08-12 19:20:16.731085,2026-08-12 19:28:37.620704,2026-08-12 19:36:00,eta-v3.2,2026-08-12 20:26:04.092369,2026-08-12 19:36:31.160966,True,2.278851416666667,16.240498016666667,49.54885671666667,-4.73179385,0.5193494333333333,-5.251143283333333,False,False,True,
O00202,C0028,R002,2026-08-24 12:16:00,2026-08-24 13:35:48.000000,delivered,high,clear,D004,D004,2026-08-24 12:16:17.875381,,2026-08-24 12:34:00,eta-v3.2,2026-08-24 13:37:33.955969,2026-08-24 12:41:50.019998,False,0.2979230166666667,25.535743616666664,55.73226618333333,1.7659328166666666,7.833666633333333,-6.067733816666667,True,False,True,
O00203,C0030,R039,2026-08-01 21:42:00,2026-08-01 22:57:16.886898,delivered,high,clear,D052,D052,2026-08-01 21:43:13.684879,,2026-08-01 22:00:00,eta-v3.2,2026-08-01 22:49:16.501866,2026-08-01 21:57:25.508600,False,1.2280813166666666,14.197062016666667,51.84988776666667,-8.0064172,-2.574856666666667,-5.431560533333332,False,False,True,
O00204,C0078,R005,2026-08-14 19:51:00,2026-08-14 21:03:48.000000,delivered,low,clear,D046,D046,2026-08-14 19:53:25.677925,,2026-08-14 20:09:00,eta-v3.2,2026-08-14 21:17:33.766221,2026-08-14 20:25:54.560652,False,2.4279654166666664,32.481378783333334,51.65342615,13.76277035,16.9093442,-3.1465738499999993,True,True,True,
O00205,C0708,R023,2026-08-27 20:57:00,2026-08-27 22:12:18.000000,delivered,low,rain,D088,D088,2026-08-27 20:57:32.475626,,2026-08-27 21:15:00,eta-v3.1,2026-08-27 22:39:05.173478,2026-08-27 21:45:58.227850,False,0.5412604333333333,48.42920373333333,53.115760466666664,26.786224633333333,30.970464166666666,-4.184239533333333,True,True,True,
O00206,C0691,R017,2026-08-24 15:22:00,2026-08-24 16:24:00.543725,delivered,high,clear,D109,D109,2026-08-24 15:30:04.098237,,2026-08-24 15:40:00,eta-v3.2,2026-08-24 16:59:27.120052,2026-08-24 16:20:42.508840,False,8.068303949999999,50.640176716666666,38.7435202,35.44293878333334,40.70848066666667,-5.265541883333327,True,True,True,
O00207,C0470,R060,2026-08-09 11:14:00,2026-08-09 12:01:09.434287,delivered,high,clear,D009,D009,2026-08-09 11:15:13.652689,,2026-08-09 11:32:00,eta-v3.2,2026-08-09 12:12:32.100911,2026-08-09 11:50:44.010529,False,1.2275448166666665,35.505964,21.80150636666667,11.377777066666665,18.733508816666664,-7.355731749999999,True,True,True,
O00208,C0066,R051,2026-08-27 12:38:00,2026-08-27 14:03:24.000000,delivered,high,clear,D103,D103,2026-08-27 12:38:03.439131,,2026-08-27 12:56:00,eta-v3.1,2026-08-27 14:19:47.904938,2026-08-27 13:10:47.635198,False,0.057318850000000005,32.73660111666667,69.00449566666666,16.398415633333332,14.793919966666666,1.6044956666666668,True,True,True,
O00209,C0711,R034,2026-08-15 12:48:00,2026-08-15 13:45:50.420206,delivered,high,clear,D067,D067,2026-08-15 12:49:28.128977,,2026-08-15 13:06:00,eta-v3.1,2026-08-15 13:54:31.073405,2026-08-15 13:14:51.234060,False,1.4688162833333334,25.385084716666665,39.663989083333334,8.677553316666666,8.853901,-0.17634768333333461,True,False,True,
O00210,C0457,R022,2026-08-14 12:39:00,2026-08-14 13:50:10.282018,delivered,low,clear,D113,D113,2026-08-14 12:44:17.795919,,2026-08-14 12:57:00,eta-v3.2,2026-08-14 13:56:28.663330,2026-08-14 13:14:16.633243,False,5.296598650000001,29.98062206666667,42.200501450000004,6.3063552,17.277220716666665,-10.970865516666667,True,False,True,
O00211,C0629,R016,2026-08-22 19:32:00,2026-08-22 20:24:31.293362,delivered,low,clear,D051,D051,2026-08-22 19:43:03.884250,,2026-08-22 19:50:00,eta-v3.1,2026-08-22 20:56:54.054420,2026-08-22 20:30:58.587689,False,11.0647375,47.91172398333333,25.924445516666665,32.37935096666667,40.97646148333333,-8.59711051666666,True,True,True,
O00212,C0773,R037,2026-08-20 19:20:00,2026-08-20 20:08:44.328921,delivered,medium,clear,D064,D064,2026-08-20 19:21:40.380432,,2026-08-20 19:38:00,eta-v3.2,2026-08-20 20:07:31.126142,2026-08-20 19:47:06.305371,False,1.6730072,25.432082316666666,20.413679516666665,-1.2200463166666669,9.105089516666668,-10.325135833333334,False,False,True,
O00213,C0832,R058,2026-08-17 16:44:00,2026-08-17 17:23:01.795000,delivered,medium,clear,D083,D083,2026-08-17 16:45:19.425652,,2026-08-17 17:02:00,eta-v3.2,2026-08-17 17:17:26.305252,2026-08-17 17:04:50.610309,False,1.3237608666666667,19.519744283333335,12.594915716666666,-5.591495800000001,2.84350515,-8.435000950000001,False,False,True,
O00214,C0687,R052,2026-08-17 18:40:00,2026-08-17 19:55:36.000000,delivered,medium,clear,D003,D003,2026-08-17 18:58:58.012581,,2026-08-17 18:58:00,eta-v3.2,2026-08-17 20:04:36.555241,2026-08-17 19:14:32.141352,False,18.96687635,15.56881285,50.07356481666667,9.009254016666667,16.5356892,-7.526435183333334,True,False,True,
O00215,C0646,R030,2026-08-07 15:50:00,2026-08-07 17:02:48.000000,delivered,low,clear,D117,D117,2026-08-07 15:51:48.221822,,2026-08-07 16:08:00,eta-v3.1,2026-08-07 16:55:34.879004,2026-08-07 16:13:00.435235,False,1.8036970333333333,21.20355688333333,42.57406281666667,-7.218683266666667,5.0072539166666665,-12.225937183333333,False,False,True,
O00216,C0148,R009,2026-08-18 17:32:00,2026-08-18 18:54:18.000000,delivered,high,rain,D033,D033,2026-08-18 17:35:30.157438,,2026-08-18 17:50:00,eta-v3.2,2026-08-18 18:46:38.289296,2026-08-18 17:47:02.127090,False,3.502623966666667,11.532827533333334,59.60270343333333,-7.661845066666667,-2.9645485,-4.697296566666667,False,False,True,
O00217,C0210,R039,2026-08-20 21:55:00,2026-08-20 23:17:18.000000,delivered,high,rain,D089,D089,2026-08-20 21:59:54.058832,,2026-08-20 22:13:00,eta-v3.1,2026-08-20 23:30:50.343756,2026-08-20 22:26:51.296982,False,4.900980533333334,26.953969166666663,63.9841129,13.5390626,13.854949699999999,-0.3158870999999994,True,True,True,
O00218,C0792,R058,2026-08-06 23:47:00,2026-08-07 00:53:07.226252,delivered,medium,clear,D071,D071,2026-08-06 23:47:43.382092,,2026-08-07 00:05:00,eta-v3.2,2026-08-07 01:03:24.532067,2026-08-07 00:18:46.205586,False,0.7230348666666667,31.047058233333335,44.63877468333333,10.288430250000001,13.7700931,-3.4816628499999993,True,True,True,
O00219,C0139,R011,2026-08-25 22:39:00,2026-08-25 23:37:20.159468,delivered,high,clear,D031,D031,2026-08-25 22:39:28.173583,,2026-08-25 22:57:00,eta-v3.1,2026-08-25 23:42:42.522840,2026-08-25 23:07:07.403085,False,0.4695597166666667,27.65382503333333,35.58532925,5.372722866666667,10.123384750000001,-4.7506618833333345,True,False,True,
O00220,C0242,R037,2026-08-08 21:42:00,2026-08-08 22:49:58.216241,delivered,medium,clear,D054,D054,2026-08-08 21:42:12.330683,,2026-08-08 22:00:00,eta-v3.1,2026-08-08 22:39:22.717471,2026-08-08 21:56:57.150068,False,0.20551138333333335,14.746989750000001,42.42612338333333,-10.591646166666667,-3.0474988666666665,-7.5441473000000006,False,False,True,
O00221,C0734,R003,2026-08-02 19:20:00,2026-08-02 20:38:06.000000,cancelled,medium,rain,D073,D073,2026-08-02 19:23:33.252342,,2026-08-02 19:38:00,eta-v3.2,,,False,3.5542057,,,,,,False,False,False,cancelled
O00222,C0118,R017,2026-08-17 20:28:00,2026-08-17 21:27:39.749518,delivered,medium,clear,D095,D095,2026-08-17 20:31:19.705858,,2026-08-17 20:46:00,eta-v3.1,2026-08-17 21:23:40.777654,2026-08-17 20:53:03.318779,False,3.3284309666666667,21.726882016666664,30.624314583333334,-3.9828644,7.055312983333334,-11.038177383333334,False,False,True,
O00223,C0009,R048,2026-08-14 21:13:00,2026-08-14 22:15:36.432168,delivered,medium,clear,D061,D061,2026-08-14 21:15:11.816907,,2026-08-14 21:31:00,eta-v3.1,2026-08-14 22:15:48.757674,2026-08-14 21:43:01.908501,False,2.19694845,27.8348599,32.780819550000004,0.2054251,12.03180835,-11.826383250000001,True,False,True,
O00224,C0843,R003,2026-08-03 18:14:00,2026-08-03 19:39:24.000000,delivered,severe,clear,D047,D047,2026-08-03 18:22:28.816836,,2026-08-03 18:32:00,eta-v3.1,2026-08-03 19:33:55.006553,2026-08-03 18:27:41.400103,False,8.4802806,5.209721116666667,66.22677416666667,-5.483224116666666,-4.309998283333333,-1.1732258333333334,False,False,True,
O00225,C0659,R030,2026-08-23 21:22:00,2026-08-23 22:41:56.858166,delivered,severe,clear,D026,D026,2026-08-23 21:26:56.441822,,2026-08-23 21:40:00,eta-v3.2,2026-08-23 22:37:54.569290,2026-08-23 21:34:40.586784,False,4.9406970333333335,7.735749366666667,63.233041766666666,-4.038147933333333,-5.323553599999999,1.2854056666666667,False,False,True,
O00226,C0147,R005,2026-08-05 20:50:00,2026-08-05 21:59:52.178916,delivered,high,clear,D007,D007,2026-08-05 21:02:11.682709,,2026-08-05 21:08:00,eta-v3.2,2026-08-05 21:55:44.667731,2026-08-05 21:12:48.675379,False,12.194711816666667,10.6165445,42.93320586666667,-4.125186416666667,4.811256316666667,-8.936442733333333,False,False,True,
O00227,C0765,R014,2026-08-04 11:36:00,2026-08-04 12:51:36.000000,delivered,medium,clear,D092,D092,2026-08-04 11:36:37.095514,,2026-08-04 11:54:00,eta-v3.2,2026-08-04 12:39:49.635946,2026-08-04 11:56:24.808083,False,0.6182585666666667,19.795209483333334,43.413797716666664,-11.772734233333333,2.41346805,-14.186202283333333,False,False,True,
O00228,C0863,R034,2026-08-07 12:42:00,2026-08-07 14:04:18.000000,delivered,high,rain,D038,D038,2026-08-07 12:49:31.063737,,2026-08-07 13:00:00,eta-v3.2,2026-08-07 13:54:30.909888,2026-08-07 12:54:25.997721,False,7.51772895,4.9155664,60.08186945,-9.7848352,-5.56670465,-4.21813055,False,False,True,
O00229,C0534,R014,2026-08-05 19:15:00,2026-08-05 20:01:09.875300,delivered,low,clear,D074,D074,2026-08-05 19:18:39.405393,,2026-08-05 19:33:00,eta-v3.1,2026-08-05 19:59:59.576166,2026-08-05 19:34:58.114221,False,3.65675655,16.3118138,25.02436575,-1.1716522333333332,1.96857035,-3.1402225833333333,False,False,True,
O00230,C0109,R021,2026-08-26 14:47:00,2026-08-26 16:06:48.000000,delivered,high,clear,D099,D099,2026-08-26 14:50:03.045243,,2026-08-26 15:05:00,eta-v3.2,2026-08-26 16:14:46.113824,2026-08-26 15:20:35.724645,False,3.05075405,30.5446567,54.17315298333333,7.968563733333334,15.595410750000001,-7.626847016666667,True,False,True,
O00231,C0761,R049,2026-08-27 15:52:00,2026-08-27 17:04:48.000000,delivered,low,clear,D066,D028,2026-08-27 15:52:37.280471,2026-08-27 15:59:02.563599,2026-08-27 16:10:00,eta-v3.2,2026-08-27 16:57:15.411001,2026-08-27 16:14:21.027804,True,0.6213411833333333,21.729122216666667,42.906386616666666,-7.5431499833333335,4.3504634,-11.893613383333333,False,False,True,
O00232,C0384,R041,2026-08-18 18:49:00,2026-08-18 19:49:17.705707,delivered,low,clear,D095,D095,2026-08-18 18:52:09.931479,,2026-08-18 19:07:00,eta-v3.1,2026-08-18 19:46:40.076059,2026-08-18 19:15:24.960281,False,3.16552465,23.250480033333336,31.251929633333337,-2.6271608,8.416004683333334,-11.043165483333334,False,False,True,
O00233,C0605,R016,2026-08-26 23:43:00,2026-08-27 00:55:48.000000,delivered,low,clear,D029,D029,2026-08-26 23:45:43.198405,,2026-08-27 00:01:00,eta-v3.2,2026-08-27 00:53:51.846104,2026-08-27 00:09:45.356652,False,2.719973416666667,24.035970783333333,44.10815753333333,-1.9358982666666666,8.7559442,-10.691842466666667,False,False,True,
O00234,C0669,R028,2026-08-03 15:14:00,2026-08-03 16:26:48.000000,delivered,low,clear,D084,D116,2026-08-03 15:15:13.802362,2026-08-03 15:19:29.912228,2026-08-03 15:32:00,eta-v3.2,2026-08-03 16:22:45.539351,2026-08-03 15:34:32.833871,True,1.2300393666666667,19.317191816666664,48.211758,-4.041010816666667,2.547231183333333,-6.588241999999999,False,False,True,
O00235,C0200,R030,2026-08-19 19:53:00,2026-08-19 20:49:41.074319,delivered,low,clear,D029,D029,2026-08-19 19:53:17.650658,,2026-08-19 20:11:00,eta-v3.2,2026-08-19 20:58:07.392789,2026-08-19 20:32:35.796300,False,0.29417763333333335,39.30242736666666,25.52660815,8.438641166666667,21.596605,-13.157963833333334,True,False,True,
O00236,C0499,R041,2026-08-06 14:32:00,2026-08-06 15:44:20.976175,delivered,high,clear,D073,D073,2026-08-06 14:35:28.845840,,2026-08-06 14:50:00,eta-v3.2,2026-08-06 15:43:15.337316,2026-08-06 14:57:23.989880,False,3.480764,21.91906733333333,45.8557906,-1.0939809833333334,7.399831333333334,-8.493812316666668,False,False,True,
O00237,C0586,R013,2026-08-08 11:36:00,2026-08-08 12:26:36.103840,delivered,medium,clear,D073,D073,2026-08-08 11:36:27.884653,,2026-08-08 11:54:00,eta-v3.2,2026-08-08 12:23:28.548159,2026-08-08 11:58:58.236455,False,0.46474421666666665,22.505863366666667,24.505195066666666,-3.1259280166666668,4.970607583333333,-8.0965356,False,False,True,
O00238,C0138,R018,2026-08-27 16:05:00,2026-08-27 16:45:12.731702,delivered,low,clear,D097,D097,2026-08-27 16:07:32.513733,,2026-08-27 16:23:00,eta-v3.1,2026-08-27 16:41:13.945139,2026-08-27 16:29:29.912528,False,2.54189555,21.956646583333335,11.73387685,-3.97977605,6.498542133333333,-10.478318183333332,False,False,True,
O00239,C0519,R055,2026-08-03 14:24:00,2026-08-03 15:33:34.499795,delivered,low,clear,D113,D113,2026-08-03 14:29:48.394690,,2026-08-03 14:42:00,eta-v3.1,2026-08-03 15:35:54.815008,2026-08-03 14:47:11.880018,False,5.806578166666667,17.391422133333332,48.71558316666667,2.3385868833333334,5.1980003,-2.859413416666667,True,False,True,
O00240,C0850,R028,2026-08-25 12:30:00,2026-08-25 13:39:40.727261,delivered,high,rain,D058,D058,2026-08-25 12:33:36.867543,,2026-08-25 12:48:00,eta-v3.1,2026-08-25 13:54:43.870567,2026-08-25 13:09:45.724465,False,3.6144590500000002,36.14761536666666,44.9691017,15.052388433333334,21.762074416666668,-6.709685983333333,True,True,True,
O00241,C0765,R030,2026-08-24 22:53:00,2026-08-25 00:09:46.426430,delivered,high,clear,D059,D059,2026-08-24 22:54:41.479428,,2026-08-24 23:11:00,eta-v3.2,2026-08-25 00:24:07.293935,2026-08-24 23:30:43.463053,False,1.6913238,36.033060416666665,53.39718136666667,14.34779175,19.724384216666667,-5.376592466666667,True,True,True,
O00242,C0801,R025,2026-08-19 18:33:00,2026-08-19 19:41:33.444966,delivered,low,clear,D025,D025,2026-08-19 18:34:31.469285,,2026-08-19 18:51:00,eta-v3.2,2026-08-19 19:47:18.082571,2026-08-19 19:02:07.134998,False,1.5244880833333334,27.59442855,45.18245955,5.7439600833333335,11.118916633333333,-5.374956549999999,True,False,True,
O00243,C0366,R051,2026-08-18 20:30:00,2026-08-18 21:23:06.113832,delivered,low,clear,D104,D104,2026-08-18 20:35:22.214724,,2026-08-18 20:48:00,eta-v3.1,2026-08-18 21:29:18.676372,2026-08-18 20:59:54.324407,False,5.3702454,24.53516138333333,29.405866083333333,6.209375666666667,11.905406783333332,-5.696031116666664,True,False,True,
O00244,C0864,R047,2026-08-23 22:06:00,2026-08-23 23:00:42.146886,delivered,low,clear,D108,D108,2026-08-23 22:09:15.110195,,2026-08-23 22:24:00,eta-v3.1,2026-08-23 22:56:12.575827,2026-08-23 22:26:46.606052,False,3.2518365833333336,17.524930949999998,29.432829583333334,-4.492850983333333,2.7767675333333335,-7.269618516666666,False,False,True,
O00245,C0516,R006,2026-08-09 14:05:00,2026-08-09 15:20:36.000000,delivered,medium,clear,D069,D069,2026-08-09 14:05:12.901611,,2026-08-09 14:23:00,eta-v3.1,2026-08-09 15:17:12.754442,2026-08-09 14:26:32.065655,False,0.21502685000000002,21.319400733333335,50.67814645,-3.3874259666666666,3.534427583333333,-6.92185355,False,False,True,
O00246,C0231,R048,2026-08-22 22:33:00,2026-08-22 23:48:36.000000,delivered,medium,clear,D032,D021,2026-08-22 22:36:50.617446,2026-08-22 22:43:25.725476,2026-08-22 22:51:00,eta-v3.1,2026-08-22 23:33:30.939288,2026-08-22 22:43:19.130186,True,3.8436241,6.475212333333333,50.19681836666667,-15.0843452,-7.681163566666667,-7.4031816333333325,False,False,True,
O00247,C0247,R030,2026-08-17 11:45:00,2026-08-17 12:45:14.956657,delivered,low,clear,D120,D120,2026-08-17 11:45:47.463172,,2026-08-17 12:03:00,eta-v3.2,2026-08-17 12:36:16.480018,2026-08-17 12:04:15.974181,False,0.7910528666666666,18.475183483333335,32.008430616666665,-8.974610649999999,1.26623635,-10.240846999999999,False,False,True,
O00248,C0089,R058,2026-08-06 17:06:00,2026-08-06 18:21:36.000000,delivered,medium,clear,D119,D119,2026-08-06 17:08:18.659174,,2026-08-06 17:24:00,eta-v3.2,2026-08-06 18:15:14.871854,2026-08-06 17:32:56.600700,False,2.3109862333333333,24.632358766666666,42.30451923333333,-6.352135766666667,8.943344999999999,-15.295480766666666,False,False,True,
O00249,C0135,R059,2026-08-15 21:55:00,2026-08-15 22:51:12.474173,delivered,low,clear,D066,D066,2026-08-15 21:55:13.450392,,2026-08-15 22:13:00,eta-v3.2,2026-08-15 22:57:58.772271,2026-08-15 22:32:17.195880,False,0.22417320000000002,37.0624248,25.692939850000002,6.771634966666666,19.286598,-12.514963033333334,True,False,True,
O00250,C0610,R051,2026-08-10 12:43:00,2026-08-10 14:02:48.000000,delivered,high,clear,D007,D007,2026-08-10 12:45:51.393524,,2026-08-10 13:01:00,eta-v3.1,2026-08-10 14:04:06.770459,2026-08-10 13:07:46.912923,False,2.8565587333333338,21.925323316666667,56.330958933333335,1.3128409833333334,6.781882049999999,-5.469041066666666,True,False,True,
O00251,C0521,R036,2026-08-28 15:14:00,2026-08-28 16:26:48.000000,delivered,low,clear,D091,D091,2026-08-28 15:24:12.828783,,2026-08-28 15:32:00,eta-v3.2,2026-08-28 16:22:11.264660,2026-08-28 15:35:59.517626,False,10.21381305,11.778147383333334,46.1957839,-4.612255666666667,3.9919604333333334,-8.6042161,False,False,True,
O00252,C0310,R025,2026-08-11 18:56:00,2026-08-11 19:56:03.342084,delivered,high,rain,D119,D119,2026-08-11 18:57:33.110771,,2026-08-11 19:14:00,eta-v3.1,2026-08-11 19:47:00.008093,2026-08-11 19:08:05.137962,False,1.5518461833333332,10.533786516666668,38.91450218333333,-9.055566516666666,-5.914367299999999,-3.1411992166666662,False,False,True,
O00253,C0153,R022,2026-08-06 18:07:00,2026-08-06 19:02:23.376338,delivered,high,clear,D008,D008,2026-08-06 18:08:51.083827,,2026-08-06 18:25:00,eta-v3.2,2026-08-06 19:21:01.734655,2026-08-06 18:45:28.815425,False,1.8513971166666667,36.62885996666667,35.54865383333333,18.639305283333332,20.480257083333335,-1.8409518000000027,True,True,True,
O00254,C0100,R002,2026-08-16 17:26:00,2026-08-16 18:31:43.960799,delivered,high,clear,D024,D024,2026-08-16 17:30:33.917477,,2026-08-16 17:44:00,eta-v3.1,2026-08-16 18:27:55.036836,2026-08-16 17:44:39.740270,False,4.565291283333334,14.09704655,43.254942766666666,-3.8153993833333333,0.6623378333333334,-4.477737216666666,False,False,True,
O00255,C0087,R034,2026-08-26 23:09:00,2026-08-27 00:21:37.867271,delivered,medium,clear,D072,D072,2026-08-26 23:09:41.426848,,2026-08-26 23:27:00,eta-v3.2,2026-08-27 00:20:49.932172,2026-08-26 23:34:38.487121,False,0.6904474666666667,24.95100455,46.19075085,-0.7989183166666667,7.641452016666666,-8.440370333333334,False,False,True,
O00256,C0289,R008,2026-08-06 12:52:00,2026-08-06 14:10:06.000000,delivered,medium,rain,D006,D006,2026-08-06 13:00:56.892247,,2026-08-06 13:10:00,eta-v3.2,2026-08-06 14:25:39.923296,2026-08-06 13:22:55.816674,False,8.948204116666666,21.98207378333333,62.73511036666666,15.565388266666668,12.9302779,2.6351103666666678,True,True,True,
O00257,C0324,R039,2026-08-20 14:36:00,2026-08-20 15:55:48.000000,delivered,high,clear,D018,D018,2026-08-20 14:53:07.908738,,2026-08-20 14:54:00,eta-v3.2,2026-08-20 15:59:58.073061,2026-08-20 15:06:02.989481,False,17.1318123,12.918012383333332,53.918059666666664,4.16788435,12.049824683333332,-7.881940333333333,True,False,True,
O00258,C0656,R006,2026-08-11 17:39:00,2026-08-11 18:37:05.681393,delivered,medium,rain,D041,D041,2026-08-11 17:40:47.039914,,2026-08-11 17:57:00,eta-v3.2,2026-08-11 18:45:58.931227,2026-08-11 18:09:24.033904,False,1.7839985666666667,28.616566499999998,36.58162205,8.887497233333333,12.400565066666667,-3.5130678333333343,True,False,True,
O00259,C0285,R032,2026-08-06 13:01:00,2026-08-06 14:13:48.000000,delivered,low,clear,D014,D014,2026-08-06 13:02:25.418552,,2026-08-06 13:19:00,eta-v3.1,2026-08-06 14:14:59.886717,2026-08-06 13:30:47.934772,False,1.4236425333333333,28.375270333333333,44.19919908333333,1.1981119500000001,11.798912866666665,-10.600800916666666,True,False,True,
O00260,C0296,R028,2026-08-09 19:05:00,2026-08-09 20:14:11.024973,delivered,high,rain,D022,D022,2026-08-09 19:10:42.401996,,2026-08-09 19:23:00,eta-v3.1,2026-08-09 20:24:00.711509,2026-08-09 19:35:28.756223,False,5.706699933333334,24.77257045,48.5325881,9.828108933333334,12.479270383333333,-2.6511614499999983,True,False,True,
O00261,C0715,R051,2026-08-18 22:35:00,2026-08-18 23:41:09.639283,delivered,medium,heavy_rain,D002,D002,2026-08-18 22:36:48.234396,,2026-08-18 22:53:00,eta-v3.2,2026-08-18 23:45:02.098682,2026-08-18 23:05:19.486790,False,1.8039066000000001,28.520873233333337,39.7101982,3.8743233166666666,12.324779833333334,-8.450456516666668,True,False,True,
O00262,C0263,R041,2026-08-10 17:16:00,2026-08-10 18:28:48.000000,delivered,low,clear,D093,D093,2026-08-10 17:17:45.878363,,2026-08-10 17:34:00,eta-v3.2,2026-08-10 18:20:11.031749,2026-08-10 17:36:52.143291,False,1.7646393833333331,19.10441546666667,43.31480763333333,-8.616137516666667,2.86905485,-11.485192366666666,False,False,True,
O00263,C0511,R032,2026-08-18 17:26:00,2026-08-18 18:41:12.790516,delivered,high,clear,D112,D112,2026-08-18 17:27:53.810415,,2026-08-18 17:44:00,eta-v3.1,2026-08-18 18:44:48.004054,2026-08-18 17:47:22.990397,False,1.8968402500000001,19.486333033333334,57.416894283333335,3.5868923,3.3831732833333334,0.2037190166666667,True,False,True,
O00264,C0442,R037,2026-08-23 19:18:00,2026-08-23 20:03:23.571179,delivered,high,clear,D068,D068,2026-08-23 19:20:14.014941,,2026-08-23 19:36:00,eta-v3.2,2026-08-23 20:08:16.109566,2026-08-23 19:46:05.099974,False,2.23358235,25.85141721666667,22.1834932,4.875639783333333,10.084999566666665,-5.2093597833333325,True,False,True,
O00265,C0477,R018,2026-08-18 11:06:00,2026-08-18 12:07:35.616582,cancelled,medium,clear,D065,D065,2026-08-18 11:06:05.359626,,2026-08-18 11:24:00,eta-v3.2,,,False,0.08932709999999999,,,,,,False,False,False,cancelled
O00266,C0796,R058,2026-08-10 20:31:00,2026-08-10 21:56:24.000000,delivered,severe,clear,D101,D023,2026-08-10 20:35:09.330859,2026-08-10 20:39:54.148005,2026-08-10 20:49:00,eta-v3.2,2026-08-10 21:54:49.095897,2026-08-10 20:49:43.021037,True,4.155514316666666,14.561502966666666,65.10124766666667,-1.58173505,0.7170172833333334,-2.2987523333333333,False,False,True,
O00267,C0891,R001,2026-08-08 17:28:00,2026-08-08 18:49:36.000000,delivered,medium,heavy_rain,D116,D116,2026-08-08 17:30:20.653325,,2026-08-08 17:46:00,eta-v3.2,2026-08-08 18:58:29.175060,2026-08-08 17:52:17.197705,False,2.3442220833333334,21.942406333333334,66.19962258333334,8.886251,6.286628416666667,2.599622583333333,True,False,True,
O00268,C0392,R042,2026-08-18 18:16:00,2026-08-18 19:31:36.000000,delivered,medium,clear,D070,D070,2026-08-18 18:18:31.398600,,2026-08-18 18:34:00,eta-v3.1,2026-08-18 19:50:08.272395,2026-08-18 19:04:45.635105,False,2.52331,46.23727508333333,45.377288166666666,18.53787325,30.760585083333336,-12.222711833333335,True,True,True,
O00269,C0073,R046,2026-08-19 20:30:00,2026-08-19 21:30:14.067027,delivered,high,clear,D017,D017,2026-08-19 20:30:40.247783,,2026-08-19 20:48:00,eta-v3.1,2026-08-19 21:32:15.685345,2026-08-19 20:55:39.464242,False,0.6707963833333334,24.986940983333334,36.603685049999996,2.026971966666667,7.657737366666667,-5.6307654,True,False,True,
O00270,C0406,R023,2026-08-08 16:35:00,2026-08-08 17:35:26.409529,delivered,high,clear,D090,D090,2026-08-08 16:36:49.867268,,2026-08-08 16:53:00,eta-v3.1,2026-08-08 17:48:54.357852,2026-08-08 17:06:06.246062,False,1.8311211333333333,29.2729799,42.801863166666664,13.465805383333333,13.104101033333334,0.36170434999999834,True,True,True,
O00271,C0227,R044,2026-08-10 18:31:00,2026-08-10 19:07:03.000000,delivered,low,clear,D089,D089,2026-08-10 18:38:44.788561,,2026-08-10 18:49:00,eta-v3.1,2026-08-10 19:12:50.086181,2026-08-10 19:00:33.708939,False,7.746476016666667,21.815339633333334,12.272954033333333,5.784769683333334,11.56181565,-5.777045966666666,True,False,True,
O00272,C0073,R038,2026-08-15 11:40:00,2026-08-15 12:51:07.234660,delivered,medium,clear,D022,D022,2026-08-15 11:48:32.888020,,2026-08-15 11:58:00,eta-v3.1,2026-08-15 12:56:13.079753,2026-08-15 12:12:12.819359,False,8.548133666666667,23.665522316666667,44.0043399,5.097418216666667,14.213655983333332,-9.116237766666664,True,False,True,
O00273,C0627,R053,2026-08-14 19:07:00,2026-08-14 20:19:48.000000,cancelled,low,clear,D107,D107,2026-08-14 19:07:59.535042,,2026-08-14 19:25:00,eta-v3.1,,,False,0.9922506999999999,,,,,,False,False,False,cancelled
O00274,C0792,R007,2026-08-04 11:41:00,2026-08-04 13:00:48.000000,delivered,high,clear,D094,D094,2026-08-04 11:44:20.677150,,2026-08-04 11:59:00,eta-v3.1,2026-08-04 12:51:27.414687,2026-08-04 11:50:04.120318,False,3.344619166666667,5.7240528,61.38823948333334,-9.343088550000001,-8.931328033333333,-0.4117605166666678,False,False,True,
O00275,C0731,R029,2026-08-15 20:03:00,2026-08-15 21:18:36.000000,delivered,medium,clear,D082,D082,2026-08-15 20:04:47.382902,,2026-08-15 20:21:00,eta-v3.1,2026-08-15 21:16:46.009723,2026-08-15 20:29:43.272580,False,1.7897150333333334,24.931494633333333,47.04561905,-1.8331712833333333,8.721209666666665,-10.554380949999999,False,False,True,
O00276,C0754,R057,2026-08-08 18:12:00,2026-08-08 18:54:34.180197,delivered,low,clear,D017,D017,2026-08-08 18:14:54.608412,,2026-08-08 18:30:00,eta-v3.2,2026-08-08 19:00:24.003233,2026-08-08 18:41:49.927610,False,2.9101402,26.921986633333333,18.567927049999998,5.830383933333334,11.832126833333332,-6.001742899999998,True,False,True,
O00277,C0105,R053,2026-08-06 18:38:00,2026-08-06 19:53:36.000000,delivered,medium,clear,D092,D092,2026-08-06 18:45:24.822493,,2026-08-06 18:56:00,eta-v3.2,2026-08-06 19:48:20.028067,2026-08-06 18:55:30.744066,False,7.413708216666667,10.098692883333333,52.821400016666665,-5.266198883333333,-0.4875989,-4.778599983333333,False,False,True,
O00278,C0183,R033,2026-08-24 15:28:00,2026-08-24 16:43:36.000000,delivered,medium,clear,D096,D096,2026-08-24 15:34:51.555545,,2026-08-24 15:46:00,eta-v3.2,2026-08-24 16:44:03.642516,2026-08-24 15:55:21.486457,False,6.859259083333333,20.498848533333334,48.70260098333333,0.4607086,9.358107616666667,-8.897399016666666,True,False,True,
O00279,C0648,R039,2026-08-23 20:58:00,2026-08-23 21:52:00.142269,cancelled,medium,clear,D108,D108,2026-08-23 21:02:59.699287,,2026-08-23 21:16:00,eta-v3.1,,,False,4.994988116666667,,,,,,False,False,False,cancelled
O00280,C0343,R015,2026-08-09 17:37:00,2026-08-09 18:42:07.736626,delivered,medium,clear,D050,D050,2026-08-09 17:38:15.919865,,2026-08-09 17:55:00,eta-v3.2,2026-08-09 18:47:13.505917,2026-08-09 18:07:20.012310,False,1.2653310833333333,29.068207416666667,39.89156011666667,5.0961548500000005,12.3335385,-7.237383649999999,True,False,True,
O00281,C0608,R015,2026-08-27 22:38:00,2026-08-27 23:45:57.257164,delivered,high,clear,D116,D116,2026-08-27 22:41:53.909432,,2026-08-27 22:56:00,eta-v3.2,2026-08-27 23:44:10.732761,2026-08-27 23:01:04.623515,False,3.8984905333333333,19.178568050000003,43.10182076666667,-1.7754067166666667,5.077058583333334,-6.8524653,False,False,True,
O00282,C0367,R015,2026-08-21 21:59:00,2026-08-21 23:11:48.000000,cancelled,low,clear,D098,D098,2026-08-21 22:00:18.590874,,2026-08-21 22:17:00,eta-v3.1,,,False,1.3098479,,,,,,False,False,False,cancelled
O00283,C0094,R052,2026-08-11 18:14:00,2026-08-11 19:11:24.812183,delivered,low,clear,D113,D113,2026-08-11 18:15:49.145578,,2026-08-11 18:32:00,eta-v3.2,2026-08-11 19:01:47.091394,2026-08-11 18:29:04.753850,False,1.8190929666666666,13.260137866666668,32.705625733333335,-9.628679816666667,-2.9207691666666666,-6.7079106500000005,False,False,True,
O00284,C0331,R060,2026-08-09 12:32:00,2026-08-09 13:17:37.224154,delivered,medium,clear,D091,D091,2026-08-09 12:33:37.104856,,2026-08-09 12:50:00,eta-v3.1,2026-08-09 13:17:11.445942,2026-08-09 12:57:08.585107,False,1.6184142666666665,23.52467085,20.04768058333333,-0.4296368666666667,7.143085116666667,-7.5727219833333335,False,False,True,
O00285,C0378,R037,2026-08-22 17:23:00,2026-08-22 18:38:24.175521,delivered,medium,clear,D095,D095,2026-08-22 17:33:57.346497,,2026-08-22 17:41:00,eta-v3.2,2026-08-22 18:41:51.915946,2026-08-22 17:51:09.129424,False,10.95577495,17.196382116666665,50.7131087,3.4623404166666663,10.152157066666666,-6.689816649999999,True,False,True,
O00286,C0714,R001,2026-08-28 12:47:00,2026-08-28 13:46:37.008959,delivered,low,rain,D102,D102,2026-08-28 12:47:24.239488,,2026-08-28 13:05:00,eta-v3.1,2026-08-28 13:38:27.029598,2026-08-28 13:05:31.182691,False,0.4039914666666667,18.11572005,32.93078178333334,-8.166322683333332,0.5197115166666666,-8.686034199999998,False,False,True,
O00287,C0201,R039,2026-08-09 18:39:00,2026-08-09 19:41:39.048514,delivered,high,clear,D068,D068,2026-08-09 18:40:15.642940,,2026-08-09 18:57:00,eta-v3.2,2026-08-09 19:58:06.401473,2026-08-09 19:18:49.059800,False,1.2607156666666666,38.556947666666666,39.28902788333333,16.45588265,21.817663333333332,-5.361780683333333,True,True,True,
O00288,C0760,R050,2026-08-09 19:58:00,2026-08-09 21:20:18.000000,delivered,high,rain,D090,D090,2026-08-09 20:02:00.955042,,2026-08-09 20:16:00,eta-v3.1,2026-08-09 21:39:23.200153,2026-08-09 20:38:09.682298,False,4.015917366666667,36.14545426666667,61.22529758333334,19.086669216666667,22.16137163333333,-3.074702416666664,True,True,True,
O00289,C0796,R035,2026-08-23 11:15:00,2026-08-23 12:40:24.000000,cancelled,severe,clear,D070,D070,2026-08-23 11:15:26.833779,,2026-08-23 11:33:00,eta-v3.2,,,False,0.44722965,,,,,,False,False,False,cancelled
O00290,C0500,R048,2026-08-21 16:32:00,2026-08-21 17:33:14.828540,delivered,medium,clear,D050,D050,2026-08-21 16:35:47.983987,,2026-08-21 16:50:00,eta-v3.2,2026-08-21 17:34:23.549810,2026-08-21 16:57:55.403525,False,3.799733116666667,22.123658966666667,36.46910475,1.1453545,7.923392083333334,-6.778037583333334,True,False,True,
O00291,C0875,R018,2026-08-22 19:40:00,2026-08-22 20:44:46.075448,delivered,high,clear,D051,D051,2026-08-22 19:46:50.655247,,2026-08-22 19:58:00,eta-v3.1,2026-08-22 20:42:22.373562,2026-08-22 20:00:35.334397,False,6.844254116666666,13.7446525,41.78398608333334,-2.3950314333333336,2.5889066166666668,-4.983938050000001,False,False,True,
O00292,C0735,R048,2026-08-05 16:45:00,2026-08-05 17:59:00.716564,delivered,high,rain,D083,D083,2026-08-05 16:46:01.062364,,2026-08-05 17:03:00,eta-v3.1,2026-08-05 18:08:15.442834,2026-08-05 17:12:17.506734,False,1.0177060666666666,26.27407283333333,55.965601666666664,9.245437833333334,9.2917789,-0.04634106666666682,True,False,True,
O00293,C0425,R033,2026-08-05 20:48:00,2026-08-05 22:09:36.000000,delivered,medium,heavy_rain,D024,D024,2026-08-05 20:50:15.505346,,2026-08-05 21:06:00,eta-v3.2,2026-08-05 22:14:56.306129,2026-08-05 21:13:35.349867,False,2.2584224333333336,23.330742016666665,61.34927103333334,5.338435483333333,7.58916445,-2.250728966666667,True,False,True,
O00294,C0761,R059,2026-08-20 19:38:00,2026-08-20 20:53:36.000000,delivered,medium,clear,D100,D100,2026-08-20 19:40:47.178393,,2026-08-20 19:56:00,eta-v3.2,2026-08-20 20:50:41.502789,2026-08-20 20:01:53.647350,False,2.78630655,21.10781595,48.79759065,-2.90828685,5.8941225,-8.80240935,False,False,True,
O00295,C0322,R027,2026-08-08 11:48:00,2026-08-08 13:15:54.000000,delivered,severe,rain,D090,D090,2026-08-08 11:50:09.748734,,2026-08-08 12:06:00,eta-v3.1,2026-08-08 13:37:09.251713,2026-08-08 12:27:33.592157,False,2.1624789000000004,37.39739038333333,69.59432593333332,21.25419521666667,21.559869283333335,-0.30567406666666486,True,True,True,
O00296,C0704,R040,2026-08-13 20:38:00,2026-08-13 21:57:48.000000,delivered,high,clear,D042,D042,2026-08-13 20:44:23.343163,,2026-08-13 20:56:00,eta-v3.1,2026-08-13 22:01:13.834192,2026-08-13 21:04:29.187057,False,6.389052716666667,20.097398233333333,56.74411891666667,3.4305698666666666,8.48645095,-5.055881083333333,True,False,True,
O00297,C0303,R017,2026-08-24 11:24:00,2026-08-24 12:37:24.026885,delivered,medium,clear,D040,D040,2026-08-24 11:28:31.390637,,2026-08-24 11:42:00,eta-v3.2,2026-08-24 12:47:10.827183,2026-08-24 12:00:31.515909,False,4.523177283333334,32.00208786666666,46.6551879,9.780004966666667,18.52526515,-8.745260183333333,True,False,True,
O00298,C0287,R052,2026-08-15 20:28:00,2026-08-15 21:29:36.748678,delivered,low,clear,D064,D064,2026-08-15 20:31:29.575393,,2026-08-15 20:46:00,eta-v3.2,2026-08-15 21:23:05.997016,2026-08-15 20:47:55.535139,False,3.4929232166666666,16.432662433333334,35.17436461666667,-6.512527700000001,1.92558565,-8.43811335,False,False,True,
O00299,C0531,R017,2026-08-15 12:20:00,2026-08-15 13:42:18.000000,delivered,high,rain,D032,D032,2026-08-15 12:25:13.719665,,2026-08-15 12:38:00,eta-v3.2,2026-08-15 13:41:58.302211,2026-08-15 12:40:14.931931,False,5.228661083333334,15.020204433333333,61.722838,-0.32829648333333333,2.2488655166666667,-2.577162,False,False,True,
O00300,C0331,R037,2026-08-02 20:58:00,2026-08-02 22:09:40.636372,delivered,medium,rain,D040,D090,2026-08-02 21:11:01.310830,2026-08-02 21:15:11.308518,2026-08-02 21:16:00,eta-v3.2,2026-08-02 22:03:46.840978,2026-08-02 21:16:11.755388,True,13.021847166666667,5.174075966666666,47.58475983333334,-5.8965898999999995,0.19592313333333333,-6.092513033333333,False,False,True,
O00301,C0440,R059,2026-08-20 20:00:00,2026-08-20 21:18:06.000000,delivered,medium,rain,D053,D053,2026-08-20 20:02:02.011363,,2026-08-20 20:18:00,eta-v3.2,2026-08-20 21:33:53.109909,2026-08-20 20:45:28.977122,False,2.0335227166666665,43.44942931666667,48.402213116666665,15.785165150000001,27.482952033333333,-11.697786883333332,True,True,True,
O00302,C0800,R019,2026-08-20 19:52:00,2026-08-20 21:11:48.000000,delivered,high,clear,D063,D063,2026-08-20 20:06:12.460769,,2026-08-20 20:10:00,eta-v3.1,2026-08-20 21:38:07.176647,2026-08-20 20:42:14.783326,False,14.207679483333333,36.03870928333333,55.873222016666666,26.319610783333335,32.24638876666667,-5.926777983333334,True,True,True,
O00303,C0411,R039,2026-08-19 20:11:00,2026-08-19 21:33:34.265202,delivered,severe,clear,D038,D038,2026-08-19 20:12:52.642413,,2026-08-19 20:29:00,eta-v3.2,2026-08-19 22:06:43.654438,2026-08-19 21:00:38.818166,False,1.8773735500000002,47.76959588333333,66.08060453333333,33.156487266666666,31.646969433333332,1.5095178333333337,True,True,True,
O00304,C0531,R052,2026-08-23 21:21:00,2026-08-23 22:36:36.000000,delivered,medium,clear,D050,D050,2026-08-23 21:24:39.712257,,2026-08-23 21:39:00,eta-v3.1,2026-08-23 22:30:24.419630,2026-08-23 21:42:03.681952,False,3.66187095,17.399494916666665,48.34562796666667,-6.193006166666667,3.0613658666666668,-9.254372033333333,False,False,True,
O00305,C0385,R030,2026-08-20 17:08:00,2026-08-20 18:27:30.696940,delivered,high,clear,D110,D110,2026-08-20 17:10:31.039137,,2026-08-20 17:26:00,eta-v3.2,2026-08-20 18:27:45.687998,2026-08-20 17:34:44.066387,False,2.5173189500000004,24.217120833333336,53.02702685,0.24985096666666667,8.734439783333332,-8.484588816666665,True,False,True,
O00306,C0032,R014,2026-08-26 12:54:00,2026-08-26 14:06:48.000000,delivered,low,clear,D057,D057,2026-08-26 13:02:52.225831,,2026-08-26 13:12:00,eta-v3.2,2026-08-26 14:13:33.863579,2026-08-26 13:27:42.072743,False,8.870430516666666,24.830781866666666,45.8631806,6.764392983333334,15.701212383333333,-8.9368194,True,False,True,
O00307,C0161,R010,2026-08-11 20:07:00,2026-08-11 21:26:48.000000,cancelled,high,clear,D044,D044,2026-08-11 20:07:52.078620,,2026-08-11 20:25:00,eta-v3.2,,,False,0.867977,,,,,,False,False,False,cancelled
O00308,C0049,R029,2026-08-27 16:43:00,2026-08-27 17:51:58.596765,delivered,medium,clear,D017,D017,2026-08-27 16:52:14.898598,,2026-08-27 17:01:00,eta-v3.2,2026-08-27 17:57:33.839883,2026-08-27 17:15:15.153714,False,9.248309966666666,23.004251933333332,42.31143615,5.587385299999999,14.2525619,-8.6651766,True,False,True,
O00309,C0257,R055,2026-08-18 18:13:00,2026-08-18 19:24:34.179870,delivered,medium,clear,D032,D032,2026-08-18 18:14:38.641945,,2026-08-18 18:31:00,eta-v3.2,2026-08-18 19:17:32.988197,2026-08-18 18:31:14.682527,False,1.6440324166666669,16.600676366666665,46.3050945,-7.0198612166666665,0.24470878333333335,-7.26457,False,False,True,
O00310,C0356,R006,2026-08-28 20:19:00,2026-08-28 21:18:33.759603,delivered,high,clear,D010,D010,2026-08-28 20:24:40.519100,,2026-08-28 20:37:00,eta-v3.1,2026-08-28 21:24:21.391755,2026-08-28 20:50:09.314799,False,5.675318333333333,25.479928316666665,34.2012826,5.7938692000000005,13.15524665,-7.36137745,True,False,True,
O00311,C0212,R054,2026-08-03 18:01:00,2026-08-03 19:23:18.000000,delivered,high,rain,D054,D054,2026-08-03 18:07:55.063503,,2026-08-03 18:19:00,eta-v3.2,2026-08-03 19:35:03.569984,2026-08-03 18:28:07.996297,False,6.9177250500000005,20.215546566666667,66.92622811666666,11.759499733333334,9.133271616666667,2.626228116666667,True,True,True,
O00312,C0056,R055,2026-08-22 23:13:00,2026-08-23 00:06:01.172658,cancelled,high,clear,D041,D041,2026-08-22 23:28:10.315053,,2026-08-22 23:31:00,eta-v3.1,,,False,15.17191755,,,,,,False,False,False,cancelled
O00313,C0767,R001,2026-08-11 18:02:00,2026-08-11 19:14:48.000000,delivered,low,clear,D070,D070,2026-08-11 18:08:49.211900,,2026-08-11 18:20:00,eta-v3.2,2026-08-11 19:27:46.494195,2026-08-11 18:41:55.323810,False,6.820198333333334,33.10186516666667,45.85283975,12.97490325,21.9220635,-8.94716025,True,True,True,
O00314,C0182,R059,2026-08-04 11:39:00,2026-08-04 12:46:34.708158,delivered,medium,clear,D062,D062,2026-08-04 11:44:58.792612,,2026-08-04 11:57:00,eta-v3.1,2026-08-04 12:35:12.883567,2026-08-04 11:54:59.260084,False,5.979876866666667,10.007791200000002,40.22705805,-11.363743183333334,-2.0123319333333334,-9.35141125,False,False,True,
O00315,C0141,R011,2026-08-16 22:03:00,2026-08-16 22:51:14.139789,delivered,low,clear,D095,D095,2026-08-16 22:03:14.830771,,2026-08-16 22:21:00,eta-v3.2,2026-08-16 22:36:13.722274,2026-08-16 22:17:16.329046,False,0.24717951666666668,14.02497125,18.9565538,-15.006958583333333,-3.727849233333333,-11.279109349999999,False,False,True,
O00316,C0557,R057,2026-08-03 23:48:00,2026-08-04 00:33:06.724821,delivered,high,clear,D031,D031,2026-08-03 23:49:39.328973,,2026-08-04 00:06:00,eta-v3.2,2026-08-04 00:41:08.358449,2026-08-04 00:25:01.239441,False,1.6554828833333335,35.365174466666666,16.118650133333333,8.027227133333334,19.02065735,-10.993430216666667,True,False,True,
O00317,C0054,R056,2026-08-12 17:44:00,2026-08-12 19:09:24.000000,delivered,severe,clear,D009,D009,2026-08-12 17:45:14.322398,,2026-08-12 18:02:00,eta-v3.2,2026-08-12 19:06:26.431046,2026-08-12 18:03:37.236364,False,1.2387066333333334,18.381899433333334,62.819911366666666,-2.9594825666666664,1.6206060666666666,-4.580088633333333,False,False,True,
O00318,C0413,R046,2026-08-17 12:52:00,2026-08-17 14:11:48.000000,delivered,high,clear,D017,D017,2026-08-17 12:55:31.596468,,2026-08-17 13:10:00,eta-v3.1,2026-08-17 14:24:36.997551,2026-08-17 13:27:57.043764,False,3.5266078,32.4241216,56.66589645,12.816625850000001,17.9507294,-5.134103549999999,True,True,True,
O00319,C0318,R007,2026-08-14 18:21:00,2026-08-14 19:36:36.000000,delivered,medium,clear,D082,D082,2026-08-14 18:21:38.828344,,2026-08-14 18:39:00,eta-v3.2,2026-08-14 20:00:44.129361,2026-08-14 19:12:10.363848,False,0.6471390666666667,50.525591733333336,48.56275855,24.13548935,33.1727308,-9.037241449999996,True,True,True,
O00320,C0379,R018,2026-08-13 12:06:00,2026-08-13 13:14:18.956685,delivered,high,clear,D033,D033,2026-08-13 12:07:11.618102,,2026-08-13 12:24:00,eta-v3.1,2026-08-13 13:01:48.473552,2026-08-13 12:20:09.876998,False,1.1936350333333332,12.9709816,41.643275900000006,-12.508052216666666,-3.835383366666667,-8.672668849999999,False,False,True,
O00321,C0533,R050,2026-08-15 18:24:00,2026-08-15 19:33:01.397181,delivered,high,clear,D017,D017,2026-08-15 18:28:06.794643,,2026-08-15 18:42:00,eta-v3.2,2026-08-15 19:21:30.240887,2026-08-15 18:36:00.140455,False,4.1132440500000005,7.889096866666667,45.50167386666667,-11.519271566666667,-5.997659083333334,-5.5216124833333335,False,False,True,
O00322,C0357,R052,2026-08-28 13:18:00,2026-08-28 14:33:18.000000,delivered,low,rain,D076,D076,2026-08-28 13:22:42.457207,,2026-08-28 13:36:00,eta-v3.1,2026-08-28 14:55:30.304349,2026-08-28 14:04:39.367541,False,4.707620116666666,41.94850556666667,50.8489468,22.205072483333332,28.656125683333336,-6.451053200000004,True,True,True,
O00323,C0496,R028,2026-08-06 18:12:00,2026-08-06 19:25:34.259282,delivered,medium,rain,D058,D058,2026-08-06 18:13:39.496294,,2026-08-06 18:30:00,eta-v3.1,2026-08-06 19:19:08.468302,2026-08-06 18:28:34.628352,False,1.6582715666666668,14.918867633333333,50.56399916666667,-6.429849666666667,-1.4228607999999998,-5.006988866666667,False,False,True,
O00324,C0161,R020,2026-08-22 18:08:00,2026-08-22 19:00:56.818878,delivered,low,clear,D017,D017,2026-08-22 18:08:09.251865,,2026-08-22 18:26:00,eta-v3.1,2026-08-22 18:52:49.576995,2026-08-22 18:25:38.578468,False,0.15419775,17.488776716666667,27.183308783333334,-8.12069805,-0.3570255333333333,-7.7636725166666665,False,False,True,
O00325,C0013,R005,2026-08-19 18:46:00,2026-08-19 19:58:39.561493,delivered,medium,clear,D068,D068,2026-08-19 18:59:55.162805,,2026-08-19 19:04:00,eta-v3.2,2026-08-19 19:56:49.826012,2026-08-19 19:09:09.791464,False,13.919380083333333,9.243810983333333,47.66724246666667,-1.8289246833333332,5.163191066666667,-6.99211575,False,False,True,
O00326,C0636,R036,2026-08-25 20:29:00,2026-08-25 21:44:36.000000,delivered,medium,clear,D037,D037,2026-08-25 20:29:44.774757,,2026-08-25 20:47:00,eta-v3.2,2026-08-25 21:49:43.512376,2026-08-25 21:04:21.204453,False,0.74624595,34.607161600000005,45.37179871666667,5.125206266666667,17.35340755,-12.228201283333334,True,False,True,
O00327,C0081,R021,2026-08-19 20:26:00,2026-08-19 21:47:36.000000,delivered,medium,heavy_rain,D001,D001,2026-08-19 20:27:19.053446,,2026-08-19 20:44:00,eta-v3.2,2026-08-19 21:50:57.630966,2026-08-19 20:50:44.724434,False,1.3175574333333333,23.4278498,60.21510886666667,3.3605161,6.745407233333333,-3.3848911333333334,True,False,True,
O00328,C0488,R030,2026-08-01 16:05:00,2026-08-01 17:17:48.000000,delivered,low,clear,D109,D109,2026-08-01 16:10:53.655714,,2026-08-01 16:23:00,eta-v3.1,2026-08-01 17:10:24.095574,2026-08-01 16:27:51.282392,False,5.8942619,16.96044463333333,42.54688636666666,-7.3984071,4.854706533333333,-12.253113633333333,False,False,True,
O00329,C0696,R044,2026-08-26 19:31:00,2026-08-26 20:43:48.000000,delivered,low,clear,D016,D016,2026-08-26 19:32:14.871018,,2026-08-26 19:49:00,eta-v3.2,2026-08-26 21:04:31.001842,2026-08-26 20:20:50.763861,False,1.2478503,48.59821405,43.67063301666667,20.716697366666665,31.84606435,-11.129366983333334,True,True,True,
O00330,C0609,R015,2026-08-19 20:22:00,2026-08-19 21:09:50.313623,delivered,low,clear,D054,D054,2026-08-19 20:28:04.824168,,2026-08-19 20:40:00,eta-v3.1,2026-08-19 21:12:42.624005,2026-08-19 20:47:39.420763,False,6.0804028,19.576609916666666,25.053387366666666,2.8718397,7.657012716666667,-4.785173016666667,True,False,True,
O00331,C0369,R006,2026-08-15 17:20:00,2026-08-15 18:31:58.306739,delivered,severe,clear,D032,D032,2026-08-15 17:20:24.439805,,2026-08-15 17:38:00,eta-v3.2,2026-08-15 18:53:57.358916,2026-08-15 18:02:06.194305,False,0.4073300833333333,41.695908333333335,51.85274351666667,21.98420295,24.103238416666667,-2.1190354666666664,True,True,True,
O00332,C0624,R055,2026-08-22 20:46:00,2026-08-22 22:04:35.142048,delivered,high,clear,D002,D094,2026-08-22 20:46:12.044473,2026-08-22 20:54:01.354063,2026-08-22 21:04:00,eta-v3.1,2026-08-22 22:01:08.472938,2026-08-22 21:03:06.859842,True,0.20074121666666667,16.913589483333332,58.026884933333335,-3.4444851666666665,-0.8856693,-2.5588158666666665,False,False,True,
O00333,C0671,R033,2026-08-24 16:12:00,2026-08-24 17:24:48.000000,delivered,low,clear,D027,D027,2026-08-24 16:12:33.429298,,2026-08-24 16:30:00,eta-v3.1,2026-08-24 17:30:23.742830,2026-08-24 16:45:10.913093,False,0.5571549666666668,32.624729916666666,45.21382895,5.595713833333334,15.181884883333334,-9.58617105,True,False,True,
O00334,C0696,R030,2026-08-26 23:57:00,2026-08-27 00:52:53.783494,delivered,low,clear,D047,D047,2026-08-26 23:58:17.218194,,2026-08-27 00:15:00,eta-v3.2,2026-08-27 00:47:37.871156,2026-08-27 00:18:52.271358,False,1.2869698999999999,20.5842194,28.759996633333333,-5.265205633333333,3.8711892999999997,-9.136394933333333,False,False,True,
O00335,C0639,R021,2026-08-13 16:03:00,2026-08-13 17:21:06.000000,delivered,medium,rain,D006,D006,2026-08-13 16:05:40.601785,,2026-08-13 16:21:00,eta-v3.1,2026-08-13 17:42:05.613011,2026-08-13 16:44:18.311732,False,2.6766964166666667,38.62849911666667,57.788354649999995,20.993550183333333,23.305195533333332,-2.311645349999999,True,True,True,
O00336,C0503,R015,2026-08-03 12:46:00,2026-08-03 13:42:37.672955,delivered,medium,clear,D073,D073,2026-08-03 12:47:37.722681,,2026-08-03 13:04:00,eta-v3.2,2026-08-03 13:42:42.794076,2026-08-03 13:10:05.894716,False,1.62871135,22.469533916666666,32.614989333333334,0.08535201666666666,6.098245266666667,-6.01289325,True,False,True,
O00337,C0864,R024,2026-08-16 18:25:00,2026-08-16 19:47:18.000000,cancelled,high,rain,D005,D005,2026-08-16 18:25:10.684495,,2026-08-16 18:43:00,eta-v3.2,,,False,0.17807491666666667,,,,,,False,False,False,cancelled
O00338,C0331,R018,2026-08-04 18:59:00,2026-08-04 20:07:26.348596,delivered,severe,clear,D031,D031,2026-08-04 19:07:48.334320,,2026-08-04 19:17:00,eta-v3.2,2026-08-04 20:27:05.860421,2026-08-04 19:42:45.398764,False,8.805572000000002,34.95107406666667,44.341027616666665,19.658530416666668,25.75664606666667,-6.09811565,True,True,True,
O00339,C0367,R038,2026-08-22 13:44:00,2026-08-22 14:59:36.000000,delivered,medium,clear,D080,D080,2026-08-22 13:46:21.010886,,2026-08-22 14:02:00,eta-v3.1,2026-08-22 14:59:03.530059,2026-08-22 14:07:38.997695,False,2.3501814333333333,21.29978015,51.40887273333333,-0.5411656833333333,5.649961583333334,-6.191127266666667,False,False,True,
O00340,C0266,R055,2026-08-10 18:53:00,2026-08-10 20:18:48.000000,delivered,high,heavy_rain,D007,D007,2026-08-10 18:58:50.760008,,2026-08-10 19:11:00,eta-v3.2,2026-08-10 20:41:49.445594,2026-08-10 19:32:49.800549,False,5.846000133333334,33.98400901666667,68.99408408333333,23.024093233333335,21.830009150000002,1.1940840833333333,True,True,True,
O00341,C0302,R035,2026-08-24 13:41:00,2026-08-24 14:56:18.000000,delivered,low,rain,D052,D052,2026-08-24 13:46:31.708497,,2026-08-24 13:59:00,eta-v3.2,2026-08-24 14:56:47.963711,2026-08-24 14:02:59.669982,False,5.5284749500000006,16.46602475,53.80489548333333,0.4993951833333333,3.9944997,-3.4951045166666668,True,False,True,
O00342,C0047,R024,2026-08-19 12:52:00,2026-08-19 14:04:48.000000,delivered,low,clear,D067,D067,2026-08-19 12:58:31.563059,,2026-08-19 13:10:00,eta-v3.2,2026-08-19 14:05:58.984450,2026-08-19 13:18:19.110517,False,6.5260509833333336,19.792457633333335,47.66456555,1.1830741666666666,8.318508616666668,-7.135434450000001,True,False,True,
O00343,C0674,R038,2026-08-02 19:21:00,2026-08-02 20:33:48.000000,delivered,low,clear,D063,D063,2026-08-02 19:23:05.679596,,2026-08-02 19:39:00,eta-v3.1,2026-08-02 20:39:51.698929,2026-08-02 19:56:53.359370,False,2.0946599333333333,33.7946629,42.972325983333334,6.061648816666667,17.88932283333333,-11.827674016666665,True,False,True,
O00344,C0851,R033,2026-08-03 19:37:00,2026-08-03 20:56:48.000000,delivered,high,clear,D020,D020,2026-08-03 19:41:50.592809,,2026-08-03 19:55:00,eta-v3.2,2026-08-03 20:50:06.391097,2026-08-03 19:52:50.568117,False,4.843213483333333,10.999588466666667,57.263716333333335,-6.693481716666667,-2.15719805,-4.536283666666667,False,False,True,
O00345,C0190,R046,2026-08-16 19:05:00,2026-08-16 20:25:58.837917,delivered,high,rain,D022,D022,2026-08-16 19:07:18.377693,,2026-08-16 19:23:00,eta-v3.2,2026-08-16 20:36:49.818387,2026-08-16 19:39:53.069929,False,2.3062948833333334,32.578203933333334,56.94580763333333,10.849674499999999,16.884498816666667,-6.034824316666668,True,True,True,
O00346,C0897,R012,2026-08-02 13:50:00,2026-08-02 14:58:01.091506,delivered,low,rain,D048,D029,2026-08-02 13:54:17.992359,2026-08-02 13:58:17.719457,2026-08-02 14:08:00,eta-v3.2,2026-08-02 14:54:43.522053,2026-08-02 14:08:21.516421,True,4.29987265,14.058734366666666,46.366760533333334,-3.292824216666667,0.35860701666666667,-3.6514312333333336,False,False,True,
O00347,C0398,R002,2026-08-16 18:04:00,2026-08-16 19:23:48.000000,delivered,high,clear,D024,D024,2026-08-16 18:04:00.198211,,2026-08-16 18:22:00,eta-v3.1,2026-08-16 19:18:39.792906,2026-08-16 18:23:52.342556,False,0.0033035166666666666,19.869072416666665,54.790839166666665,-5.136784899999999,1.8723759333333334,-7.009160833333333,False,False,True,
O00348,C0599,R050,2026-08-07 17:14:00,2026-08-07 18:12:56.676640,delivered,low,clear,D073,D073,2026-08-07 17:14:34.907292,,2026-08-07 17:32:00,eta-v3.2,2026-08-07 18:34:03.056448,2026-08-07 17:58:27.684576,False,0.5817882,43.8796214,35.5895312,21.106330133333334,26.461409600000003,-5.35507946666667,True,True,True,
O00349,C0523,R057,2026-08-02 15:07:00,2026-08-02 16:09:34.555807,delivered,high,clear,D094,D094,2026-08-02 15:19:58.140379,,2026-08-02 15:25:00,eta-v3.1,2026-08-02 16:17:46.573484,2026-08-02 15:36:55.065279,False,12.969006316666668,16.948748333333334,40.85847008333334,8.200294616666666,11.917754650000001,-3.717460033333335,True,False,True,
O00350,C0524,R048,2026-08-07 19:53:00,2026-08-07 20:59:23.366458,delivered,medium,clear,D044,D044,2026-08-07 20:00:58.147154,,2026-08-07 20:11:00,eta-v3.1,2026-08-07 20:50:25.990790,2026-08-07 20:09:15.242894,False,7.969119233333333,8.284929,41.1791316,-8.956261133333333,-1.7459517666666666,-7.210309366666666,False,False,True,
O00351,C0643,R028,2026-08-16 20:32:00,2026-08-16 21:44:48.000000,delivered,low,clear,D015,D015,2026-08-16 20:33:45.057545,,2026-08-16 20:50:00,eta-v3.1,2026-08-16 21:50:09.729065,2026-08-16 21:00:40.289073,False,1.7509590833333335,26.920525466666668,49.49066653333333,5.362151083333333,10.67148455,-5.309333466666668,True,False,True,
O00352,C0772,R013,2026-08-16 19:10:00,2026-08-16 20:31:28.569291,delivered,high,rain,D015,D015,2026-08-16 19:10:19.375167,,2026-08-16 19:28:00,eta-v3.2,2026-08-16 20:52:52.901477,2026-08-16 19:54:00.821798,False,0.32291945,43.69077718333333,58.86799465,21.405536433333335,26.013696633333332,-4.608160199999997,True,True,True,
O00353,C0059,R040,2026-08-23 16:02:00,2026-08-23 17:17:36.000000,delivered,medium,clear,D082,D082,2026-08-23 16:02:37.993676,,2026-08-23 16:20:00,eta-v3.2,2026-08-23 17:15:03.310079,2026-08-23 16:29:05.535612,False,0.6332279333333334,26.459032266666668,45.962907783333335,-2.5448320166666667,9.0922602,-11.637092216666666,False,False,True,
O00354,C0859,R056,2026-08-12 21:07:00,2026-08-12 22:22:36.000000,delivered,medium,clear,D034,D034,2026-08-12 21:07:49.966294,,2026-08-12 21:25:00,eta-v3.1,2026-08-12 22:25:46.080603,2026-08-12 21:34:24.381053,False,0.8327715666666666,26.573579316666667,51.36165916666666,3.16801005,9.406350883333333,-6.238340833333334,True,False,True,
O00355,C0056,R059,2026-08-25 19:44:00,2026-08-25 20:44:23.613450,delivered,low,clear,D113,D113,2026-08-25 19:47:50.872937,,2026-08-25 20:02:00,eta-v3.1,2026-08-25 20:48:45.398257,2026-08-25 20:14:48.229896,False,3.8478822833333335,26.955949316666665,33.95280601666666,4.363080116666667,12.8038316,-8.440751483333333,True,False,True,
O00356,C0101,R046,2026-08-18 21:28:00,2026-08-18 22:25:40.505807,delivered,high,rain,D074,D074,2026-08-18 21:30:37.479785,,2026-08-18 21:46:00,eta-v3.2,2026-08-18 22:29:46.405078,2026-08-18 21:53:05.327226,False,2.624663083333333,22.464124016666666,36.684630866666666,4.098321183333334,7.0887871,-2.9904659166666665,True,False,True,
O00357,C0853,R043,2026-08-23 13:09:00,2026-08-23 14:06:15.000676,delivered,high,clear,D003,D003,2026-08-23 13:11:54.524483,,2026-08-23 13:27:00,eta-v3.2,2026-08-23 14:01:29.257915,2026-08-23 13:33:54.394112,False,2.9087413833333335,21.99782715,27.581063383333333,-4.76237935,6.906568533333333,-11.668947883333333,False,False,True,
O00358,C0207,R045,2026-08-28 20:53:00,2026-08-28 22:14:29.275144,delivered,severe,clear,D086,D086,2026-08-28 21:05:15.113023,,2026-08-28 21:11:00,eta-v3.2,2026-08-28 22:21:08.692875,2026-08-28 21:25:44.733578,False,12.251883716666667,20.493675916666668,55.39932161666666,6.6569621833333334,14.745559633333333,-8.088597449999998,True,False,True,
O00359,C0536,R019,2026-08-08 18:18:00,2026-08-08 19:37:48.000000,delivered,high,clear,D024,D024,2026-08-08 18:18:44.776650,,2026-08-08 18:36:00,eta-v3.2,2026-08-08 19:52:10.109482,2026-08-08 18:52:01.594456,False,0.7462774999999999,33.280296766666666,60.1419171,14.368491366666666,16.026574266666668,-1.658082900000002,True,True,True,
O00360,C0682,R028,2026-08-05 13:07:00,2026-08-05 14:04:58.570767,delivered,low,clear,D115,D115,2026-08-05 13:09:37.955358,,2026-08-05 13:25:00,eta-v3.2,2026-08-05 14:14:36.129525,2026-08-05 13:36:07.262652,False,2.6325893,26.4884549,38.48111455,9.625979300000001,11.1210442,-1.4950648999999991,True,False,True,
O00361,C0696,R012,2026-08-16 20:29:00,2026-08-16 21:32:04.512977,delivered,severe,clear,D038,D038,2026-08-16 20:29:43.159397,,2026-08-16 20:47:00,eta-v3.2,2026-08-16 21:31:40.293468,2026-08-16 20:51:50.456544,False,0.7193232833333333,22.12161911666667,39.830615400000006,-0.4036584833333333,4.8409424,-5.244600883333334,False,False,True,
O00362,C0395,R054,2026-08-11 19:46:00,2026-08-11 21:01:36.000000,cancelled,medium,clear,D049,D049,2026-08-11 19:47:08.041270,,2026-08-11 20:04:00,eta-v3.1,,,False,1.1340211666666666,,,,,,False,False,False,cancelled
O00363,C0345,R051,2026-08-15 17:20:00,2026-08-15 18:12:54.543911,delivered,low,clear,D070,D032,2026-08-15 17:24:40.582018,2026-08-15 17:32:37.351601,2026-08-15 17:38:00,eta-v3.1,2026-08-15 17:54:21.366296,2026-08-15 17:28:21.700020,True,4.6763669666666665,3.6853000333333332,25.994437933333334,-18.55296025,-9.638333,-8.914627250000002,False,False,True,
O00364,C0394,R011,2026-08-12 17:45:00,2026-08-12 18:49:11.775703,delivered,high,clear,D085,D085,2026-08-12 17:45:02.535886,,2026-08-12 18:03:00,eta-v3.1,2026-08-12 18:57:44.158657,2026-08-12 18:18:14.197763,False,0.04226476666666667,33.19436461666667,39.49934823333333,8.539715900000001,15.236629383333334,-6.696913483333333,True,False,True,
O00365,C0501,R018,2026-08-14 20:26:00,2026-08-14 21:38:48.000000,delivered,low,clear,D074,D074,2026-08-14 20:38:34.354915,,2026-08-14 20:44:00,eta-v3.2,2026-08-14 21:50:07.724515,2026-08-14 21:04:25.341143,False,12.572581916666667,25.849770466666666,45.70638953333333,11.328741916666667,20.422352383333337,-9.09361046666667,True,True,True,
O00366,C0217,R037,2026-08-05 14:53:00,2026-08-05 15:35:49.999247,delivered,medium,clear,D082,D082,2026-08-05 14:54:57.731861,,2026-08-05 15:11:00,eta-v3.1,2026-08-05 15:48:06.842914,2026-08-05 15:35:52.058284,False,1.9621976833333332,40.905440383333335,12.2464105,12.280727783333333,24.867638066666665,-12.586910283333332,True,True,True,
O00367,C0404,R059,2026-08-16 12:42:00,2026-08-16 13:49:08.677012,delivered,high,clear,D025,D025,2026-08-16 12:47:07.491135,,2026-08-16 13:00:00,eta-v3.1,2026-08-16 13:41:30.839347,2026-08-16 13:02:35.163684,False,5.12485225,15.46120915,38.927927716666666,-7.63062775,2.5860613999999997,-10.21668915,False,False,True,
O00368,C0345,R003,2026-08-16 23:52:00,2026-08-17 01:04:48.000000,delivered,low,clear,D063,D063,2026-08-16 23:53:03.916642,,2026-08-17 00:10:00,eta-v3.1,2026-08-17 01:05:57.795524,2026-08-17 00:20:48.059677,False,1.0652773666666666,27.73571725,45.16226411666666,1.1632587333333333,10.800994616666665,-9.637735883333333,True,False,True,
O00369,C0752,R009,2026-08-12 11:18:00,2026-08-12 12:36:06.000000,delivered,medium,rain,D025,D025,2026-08-12 11:20:57.677162,,2026-08-12 11:36:00,eta-v3.2,2026-08-12 12:40:10.926714,2026-08-12 11:49:39.189589,False,2.9612860333333333,28.69187378333333,50.52895208333334,4.0821119,13.653159816666665,-9.571047916666664,True,False,True,
O00370,C0844,R016,2026-08-12 20:00:00,2026-08-12 21:02:39.192990,delivered,low,clear,D100,D100,2026-08-12 20:00:22.007831,,2026-08-12 20:18:00,eta-v3.1,2026-08-12 21:02:20.863369,2026-08-12 20:29:08.557201,False,0.36679718333333333,28.775822833333333,33.2051028,-0.3054936833333333,11.142620016666665,-11.448113699999999,False,False,True,
O00371,C0215,R007,2026-08-04 20:59:00,2026-08-04 22:11:48.000000,delivered,low,clear,D010,D010,2026-08-04 21:01:07.714026,,2026-08-04 21:17:00,eta-v3.2,2026-08-04 22:13:52.159366,2026-08-04 21:32:19.080236,False,2.1285671,31.189436833333332,41.55131883333333,2.0693227666666667,15.318003933333333,-13.248681166666668,True,False,True,
O00372,C0240,R007,2026-08-05 19:19:00,2026-08-05 20:31:48.000000,delivered,low,clear,D116,D116,2026-08-05 19:28:02.955507,,2026-08-05 19:37:00,eta-v3.1,2026-08-05 20:33:09.521921,2026-08-05 19:50:49.397797,False,9.04925845,22.774038166666667,42.33540206666667,1.3586986833333334,13.823296616666665,-12.464597933333332,True,False,True,
O00373,C0349,R056,2026-08-02 18:58:00,2026-08-02 20:13:36.000000,delivered,medium,clear,D023,D023,2026-08-02 19:00:46.016576,,2026-08-02 19:16:00,eta-v3.1,2026-08-02 20:09:38.146404,2026-08-02 19:17:32.288314,False,2.766942933333333,16.771195633333335,52.09763483333334,-3.9642266000000004,1.5381385666666667,-5.502365166666667,False,False,True,
O00374,C0843,R036,2026-08-19 17:10:00,2026-08-19 18:24:58.125026,delivered,high,rain,D001,D001,2026-08-19 17:12:31.845744,,2026-08-19 17:28:00,eta-v3.1,2026-08-19 18:31:14.298709,2026-08-19 17:34:20.116953,False,2.5307624,21.80452015,56.903029266666664,6.2695613833333335,6.3352825500000005,-0.06572116666666705,True,False,True,
O00375,C0707,R044,2026-08-07 22:54:00,2026-08-08 00:13:48.000000,delivered,high,clear,D085,D085,2026-08-07 22:58:01.334960,,2026-08-07 23:12:00,eta-v3.2,2026-08-08 00:10:32.483413,2026-08-07 23:14:11.858204,False,4.022249333333333,16.175387399999998,56.34375348333333,-3.258609783333333,2.1976367333333333,-5.456246516666667,False,False,True,
O00376,C0276,R048,2026-08-15 12:08:00,2026-08-15 12:53:04.458548,delivered,medium,clear,D110,D110,2026-08-15 12:13:05.323007,,2026-08-15 12:26:00,eta-v3.2,2026-08-15 12:50:42.324350,2026-08-15 12:34:27.705834,False,5.088716783333334,21.373047116666665,16.243641933333333,-2.3689033,8.4617639,-10.830667199999999,False,False,True,
O00377,C0260,R020,2026-08-28 17:54:00,2026-08-28 18:52:41.615973,delivered,low,rain,D053,D053,2026-08-28 17:57:25.138781,,2026-08-28 18:12:00,eta-v3.1,2026-08-28 18:53:13.696174,2026-08-28 18:18:11.811990,False,3.4189796833333332,20.77788681666667,35.03140306666667,0.5346700166666667,6.1968665,-5.662196483333333,True,False,True,
O00378,C0087,R041,2026-08-23 19:06:00,2026-08-23 20:28:18.000000,delivered,high,rain,D011,D011,2026-08-23 19:07:15.191834,,2026-08-23 19:24:00,eta-v3.2,2026-08-23 20:36:56.288888,2026-08-23 19:32:45.361566,False,1.2531972333333334,25.50282886666667,64.18212203333333,8.638148133333335,8.756026100000001,-0.11787796666666672,True,False,True,
O00379,C0582,R042,2026-08-26 20:25:00,2026-08-26 21:22:29.238692,delivered,medium,clear,D098,D098,2026-08-26 20:28:21.334093,,2026-08-26 20:43:00,eta-v3.1,2026-08-26 21:08:17.367164,2026-08-26 20:37:02.211297,False,3.3555682166666667,8.681286733333334,31.252597783333332,-14.1978588,-5.96314505,-8.234713750000001,False,False,True,
O00380,C0536,R017,2026-08-16 19:11:00,2026-08-16 20:13:57.495432,delivered,medium,clear,D005,D005,2026-08-16 19:25:37.155625,,2026-08-16 19:29:00,eta-v3.2,2026-08-16 20:01:53.244407,2026-08-16 19:25:02.611520,False,14.619260416666666,-0.5757350833333333,36.843881450000005,-12.070850416666667,-3.9564746666666664,-8.11437575,False,False,True,
O00381,C0282,R055,2026-08-18 17:55:00,2026-08-18 19:10:36.000000,delivered,medium,clear,D080,D080,2026-08-18 17:56:56.395657,,2026-08-18 18:13:00,eta-v3.2,2026-08-18 19:08:39.382818,2026-08-18 18:20:57.058759,False,1.9399276166666666,24.0110517,47.705400983333334,-1.9436197,7.9509793166666665,-9.894599016666666,False,False,True,
O00382,C0573,R004,2026-08-28 20:56:00,2026-08-28 21:54:13.123900,delivered,high,clear,D082,D082,2026-08-28 21:01:56.241266,,2026-08-28 21:14:00,eta-v3.2,2026-08-28 22:12:02.937686,2026-08-28 21:39:20.716819,False,5.937354433333334,37.407925883333334,32.703681116666665,17.830229766666665,25.345280316666667,-7.5150505500000016,True,True,True,
O00383,C0557,R050,2026-08-13 19:22:00,2026-08-13 20:22:18.067805,delivered,high,clear,D100,D100,2026-08-13 19:22:30.138989,,2026-08-13 19:40:00,eta-v3.2,2026-08-13 20:44:09.791917,2026-08-13 20:09:01.449265,False,0.5023164833333333,46.52183793333334,35.139044199999994,21.862068533333336,29.024154416666665,-7.162085883333329,True,True,True,
O00384,C0012,R060,2026-08-21 16:05:00,2026-08-21 17:11:27.779222,cancelled,severe,clear,D110,D110,2026-08-21 16:06:07.696795,,2026-08-21 16:23:00,eta-v3.2,,,False,1.1282799166666666,,,,,,False,False,False,cancelled
O00385,C0667,R018,2026-08-22 21:36:00,2026-08-22 22:38:31.151906,delivered,medium,clear,D065,D065,2026-08-22 21:40:41.714396,,2026-08-22 21:54:00,eta-v3.2,2026-08-22 23:01:01.308053,2026-08-22 22:26:04.337203,False,4.695239933333334,45.377046783333334,34.94951416666667,22.502602449999998,32.07228671666667,-9.56968426666667,True,True,True,
O00386,C0101,R043,2026-08-11 13:19:00,2026-08-11 14:06:14.265833,delivered,medium,clear,D072,D072,2026-08-11 13:33:14.998636,,2026-08-11 13:37:00,eta-v3.2,2026-08-11 14:01:21.008075,2026-08-11 13:43:10.825241,False,14.249977266666667,9.930443416666666,18.169713899999998,-4.8876293,6.180420683333334,-11.068049983333335,False,False,True,
O00387,C0457,R057,2026-08-03 19:37:00,2026-08-03 20:35:10.014244,delivered,low,clear,D070,D070,2026-08-03 19:42:39.923082,,2026-08-03 19:55:00,eta-v3.2,2026-08-03 20:53:23.748909,2026-08-03 20:21:29.972443,False,5.665384700000001,38.83415601666666,31.896274433333335,18.228911083333333,26.49954071666667,-8.270629633333336,True,True,True,
O00388,C0181,R033,2026-08-20 18:42:00,2026-08-20 20:01:48.000000,delivered,high,clear,D063,D063,2026-08-20 18:46:56.388794,,2026-08-20 19:00:00,eta-v3.2,2026-08-20 20:12:32.475488,2026-08-20 19:20:01.461152,False,4.939813233333334,33.084539299999996,52.5169056,10.741258133333334,20.024352533333335,-9.283094400000001,True,True,True,
O00389,C0608,R045,2026-08-08 13:43:00,2026-08-08 14:54:38.461031,delivered,high,rain,D073,D073,2026-08-08 13:43:54.431980,,2026-08-08 14:01:00,eta-v3.2,2026-08-08 15:02:50.349868,2026-08-08 14:13:48.970442,False,0.9071996666666667,29.908974366666666,49.022990433333334,8.198147283333334,12.816174033333334,-4.61802675,True,False,True,
O00390,C0666,R017,2026-08-04 13:01:00,2026-08-04 14:01:21.052216,delivered,medium,rain,D022,D009,2026-08-04 13:02:32.020054,2026-08-04 13:06:26.559079,2026-08-04 13:19:00,eta-v3.1,2026-08-04 13:51:42.914025,2026-08-04 13:14:57.572546,True,1.5336675666666666,12.425874866666668,36.75569131666667,-9.635636516666667,-4.0404575666666664,-5.59517895,False,False,True,
O00391,C0024,R035,2026-08-16 20:03:00,2026-08-16 21:22:03.940450,delivered,high,clear,D007,D007,2026-08-16 20:03:34.560019,,2026-08-16 20:21:00,eta-v3.1,2026-08-16 21:36:10.361588,2026-08-16 20:40:29.052534,False,0.5760003166666666,36.908208583333334,55.688484233333334,14.107018966666667,19.4842089,-5.377189933333332,True,True,True,
O00392,C0372,R003,2026-08-04 18:53:00,2026-08-04 20:08:36.000000,delivered,medium,clear,D113,D113,2026-08-04 18:54:51.063417,,2026-08-04 19:11:00,eta-v3.2,2026-08-04 20:12:56.928491,2026-08-04 19:25:11.487414,False,1.85105695,30.340399950000002,47.757351283333335,4.348808183333333,14.191456899999999,-9.842648716666666,True,False,True,
O00393,C0512,R054,2026-08-07 23:28:00,2026-08-08 00:46:06.000000,delivered,medium,rain,D109,D109,2026-08-07 23:28:08.223102,,2026-08-07 23:46:00,eta-v3.1,2026-08-08 01:10:59.732094,2026-08-08 00:12:22.791458,False,0.13705170000000003,44.24280593333334,58.615677266666665,24.895534899999998,26.379857633333334,-1.484322733333336,True,True,True,
O00394,C0062,R048,2026-08-01 19:57:00,2026-08-01 21:14:48.850681,delivered,medium,rain,D067,D067,2026-08-01 20:05:25.505677,,2026-08-01 20:15:00,eta-v3.2,2026-08-01 21:13:09.877796,2026-08-01 20:26:47.410789,False,8.425094616666666,21.3650852,46.37445011666667,-1.6495480833333334,11.790179816666667,-13.439727900000001,False,False,True,
O00395,C0060,R040,2026-08-15 17:58:00,2026-08-15 19:25:54.000000,delivered,severe,rain,D059,D059,2026-08-15 18:00:08.192369,,2026-08-15 18:16:00,eta-v3.1,2026-08-15 19:30:28.678239,2026-08-15 18:20:44.580725,False,2.1365394833333338,20.6064726,69.73495856666666,4.57797065,4.7430120833333325,-0.16504143333333232,True,False,True,
O00396,C0775,R055,2026-08-28 12:49:00,2026-08-28 14:14:24.000000,delivered,severe,clear,D012,D012,2026-08-28 12:51:47.554710,,2026-08-28 13:07:00,eta-v3.1,2026-08-28 14:13:24.650787,2026-08-28 13:09:42.864711,False,2.7925785,17.92183335,63.696434599999996,-0.9891535499999999,2.71441185,-3.7035653999999996,False,False,True,
O00397,C0747,R005,2026-08-27 18:20:00,2026-08-27 19:31:26.416249,delivered,medium,clear,D038,D038,2026-08-27 18:22:51.305679,,2026-08-27 18:38:00,eta-v3.2,2026-08-27 19:46:41.191047,2026-08-27 19:02:28.708725,False,2.85509465,39.623384099999996,44.208038699999996,15.246246633333334,24.47847875,-9.232232116666667,True,True,True,
O00398,C0225,R050,2026-08-23 23:53:00,2026-08-24 01:03:58.563290,delivered,high,clear,D076,D076,2026-08-23 23:54:16.377851,,2026-08-24 00:11:00,eta-v3.1,2026-08-24 01:07:49.200891,2026-08-24 00:21:08.275161,False,1.2729641833333334,26.864955166666668,46.682095499999996,3.8439600166666663,10.13791935,-6.293959333333334,True,False,True,
O00399,C0530,R001,2026-08-13 22:56:00,2026-08-14 00:10:49.485364,delivered,medium,clear,D036,D036,2026-08-13 22:58:13.969837,,2026-08-13 23:14:00,eta-v3.2,2026-08-14 00:25:09.809597,2026-08-13 23:38:16.479414,False,2.232830616666667,40.04182628333333,46.888836383333334,14.338737216666667,24.2746569,-9.935919683333333,True,True,True,
O00400,C0851,R004,2026-08-05 12:23:00,2026-08-05 13:00:37.220060,delivered,low,clear,D035,D035,2026-08-05 12:24:28.223503,,2026-08-05 12:41:00,eta-v3.1,2026-08-05 13:14:08.233667,2026-08-05 13:04:02.481272,False,1.4703917166666665,39.570962816666665,10.09587325,13.51689345,23.041354533333333,-9.524461083333334,True,True,True,
O00401,C0842,,2026-08-24 18:08:00,2026-08-24 19:23:36.000000,delivered,medium,clear,D046,D046,2026-08-24 18:22:24.633221,,2026-08-24 18:26:00,eta-v3.1,2026-08-24 19:32:35.926083,2026-08-24 18:43:49.644278,False,14.410553683333335,21.41685095,48.77136341666667,8.998768049999999,17.827404633333334,-8.828636583333335,True,False,True,
O00402,C0662,,2026-08-21 18:00:00,2026-08-21 18:52:49.033044,delivered,medium,rain,D107,D107,2026-08-21 18:03:15.539928,,2026-08-21 18:18:00,eta-v3.2,2026-08-21 18:47:25.022309,2026-08-21 18:21:13.418765,False,3.2589988,17.96464728333333,26.1933924,-5.4001789166666665,3.2236460833333336,-8.623825,False,False,True,
O00403,C0240,,2026-08-16 22:38:00,2026-08-17 00:09:24.000000,delivered,severe,heavy_rain,D099,D099,2026-08-16 22:39:59.093875,,2026-08-16 22:56:00,eta-v3.2,2026-08-17 00:26:52.711811,2026-08-16 23:10:17.272665,False,1.9848979166666667,30.302979833333332,76.59065243333333,17.47853018333333,14.28787775,3.19065243333333,True,True,True,
O00404,C0715,R010,2026-08-06 18:59:00,2026-08-06 19:55:50.781031,delivered,medium,clear,D064,D064,2026-08-06 19:06:51.174716,,2026-08-06 19:17:00,eta-v3.2,2026-08-06 20:14:58.336586,2026-08-06 19:44:41.534794,False,7.852911933333333,37.83933463333334,30.280029866666666,19.125925916666667,27.692246566666665,-8.566320649999998,True,True,True,
O00405,C0809,R035,2026-08-20 20:59:00,2026-08-20 22:10:59.969242,delivered,medium,clear,D094,D094,2026-08-20 21:00:08.605374,,2026-08-20 21:17:00,eta-v3.2,2026-08-20 21:58:43.608157,2026-08-20 21:10:48.826622,False,1.1434229,10.670354133333332,47.91302558333334,-12.27268475,-6.186222966666667,-6.086461783333333,False,False,True,
O00406,C0746,R048,2026-08-06 19:27:00,2026-08-06 20:42:18.000000,delivered,low,rain,D020,D020,2026-08-06 19:50:31.108474,,2026-08-06 19:45:00,eta-v3.1,2026-08-06 20:29:35.614643,2026-08-06 19:43:30.498697,False,23.518474566666665,-7.01016295,46.085265766666666,-12.706422616666666,-1.4916883833333332,-11.214734233333333,False,False,True,
O00407,C0522,R005,2026-08-06 21:47:00,2026-08-06 23:02:36.000000,delivered,medium,clear,D089,D089,2026-08-06 21:48:02.889654,,2026-08-06 22:05:00,eta-v3.1,2026-08-06 22:52:25.575684,2026-08-06 22:11:11.408483,False,1.0481609,23.141980483333334,41.23612001666667,-10.1737386,6.190141383333333,-16.363879983333334,False,False,True,
O00408,C0801,R042,2026-08-04 21:01:00,2026-08-04 22:22:36.000000,delivered,medium,heavy_rain,D059,D105,2026-08-04 21:03:57.651168,2026-08-04 21:11:46.544843,2026-08-04 21:19:00,eta-v3.2,2026-08-04 22:40:13.132647,2026-08-04 21:37:07.720823,True,2.9608528,33.167827583333334,63.09019706666666,17.61887745,18.128680383333336,-0.5098029333333365,True,True,True,
O00409,C0833,R018,2026-08-15 16:46:00,2026-08-15 18:13:54.000000,delivered,severe,rain,D047,D047,2026-08-15 16:50:37.432568,,2026-08-15 17:04:00,eta-v3.1,2026-08-15 18:41:17.365236,2026-08-15 17:33:56.083111,False,4.623876133333334,43.31084238333334,67.35470208333334,27.3894206,29.934718516666667,-2.545297916666666,True,True,True,
O00410,C0240,R057,2026-08-01 21:10:00,2026-08-01 22:25:36.000000,delivered,medium,clear,D038,D038,2026-08-01 21:23:16.385374,,2026-08-01 21:28:00,eta-v3.2,2026-08-01 22:17:16.393051,2026-08-01 21:28:28.765037,False,13.273089566666666,5.206327716666666,48.79380023333333,-8.326782483333334,0.47941728333333333,-8.806199766666667,False,False,True,
O00411,C0227,R017,2026-08-07 18:56:00,2026-08-07 20:11:36.000000,delivered,medium,clear,D087,D087,2026-08-07 18:58:44.807082,,2026-08-07 19:14:00,eta-v3.1,2026-08-07 20:20:35.202056,2026-08-07 19:29:13.619671,False,2.7467847,30.480209816666665,51.35970641666667,8.986700933333333,15.226994516666668,-6.240293583333335,True,False,True,
O00412,C0504,R008,2026-08-16 18:41:00,2026-08-16 19:56:36.000000,delivered,medium,clear,D003,D003,2026-08-16 18:41:39.246265,,2026-08-16 18:59:00,eta-v3.2,2026-08-16 19:55:09.085320,2026-08-16 19:07:10.882552,False,0.6541044166666666,25.52727145,47.970046133333334,-1.4485780000000001,8.181375866666666,-9.629953866666666,False,False,True,
O00413,C0463,R017,2026-08-14 17:29:00,2026-08-14 18:48:48.000000,delivered,high,clear,D044,D044,2026-08-14 17:31:19.016620,,2026-08-14 17:47:00,eta-v3.2,2026-08-14 18:59:53.343732,2026-08-14 18:05:07.858144,False,2.3169436666666665,33.8140254,54.75809313333333,11.0890622,18.13096906666667,-7.041906866666668,True,True,True,
O00414,C0794,R045,2026-08-23 16:37:00,2026-08-23 17:36:16.732852,delivered,high,clear,D077,D077,2026-08-23 16:37:57.159678,,2026-08-23 16:55:00,eta-v3.1,2026-08-23 17:35:10.727789,2026-08-23 17:01:32.420393,False,0.9526613,23.587678583333332,33.6384566,-1.1000843833333334,6.540339883333333,-7.640424266666667,False,False,True,
O00415,C0339,R040,2026-08-04 11:41:00,2026-08-04 12:56:36.000000,delivered,medium,clear,D072,D072,2026-08-04 11:43:03.841326,,2026-08-04 11:59:00,eta-v3.2,2026-08-04 13:02:04.576882,2026-08-04 12:05:41.256716,False,2.0640221,22.62358983333333,56.388669433333334,5.476281366666667,6.687611933333333,-1.2113305666666658,True,False,True,
O00416,C0662,R020,2026-08-23 23:54:00,2026-08-24 00:44:27.031961,delivered,low,clear,D056,D056,2026-08-23 23:57:03.733768,,2026-08-24 00:12:00,eta-v3.2,2026-08-24 01:02:02.845479,2026-08-24 00:38:00.030492,False,3.0622294666666665,40.93827873333333,24.04691645,17.596891966666664,26.000508200000002,-8.403616233333338,True,True,True,
O00417,C0302,R022,2026-08-16 11:28:00,2026-08-16 12:43:36.000000,delivered,medium,clear,D035,D035,2026-08-16 11:29:45.350003,,2026-08-16 11:46:00,eta-v3.2,2026-08-16 12:38:13.516569,2026-08-16 11:51:05.315081,False,1.7558333833333333,21.332751299999998,47.13669146666667,-5.37472385,5.088584683333334,-10.463308533333333,False,False,True,
O00418,C0476,R057,2026-08-16 18:46:00,2026-08-16 19:49:46.772563,delivered,high,clear,D032,D032,2026-08-16 18:53:54.411369,,2026-08-16 19:04:00,eta-v3.2,2026-08-16 19:41:01.155907,2026-08-16 19:04:58.710867,False,7.906856149999999,11.0716583,36.04075066666667,-8.7602776,0.97851445,-9.73879205,False,False,True,
O00419,C0729,R032,2026-08-21 17:44:00,2026-08-21 18:59:36.000000,delivered,medium,clear,D046,D046,2026-08-21 17:48:04.442655,,2026-08-21 18:02:00,eta-v3.2,2026-08-21 18:52:37.016518,2026-08-21 18:08:48.212238,False,4.07404425,20.72949305,43.81340466666666,-6.983058033333333,6.8035373,-13.786595333333334,False,False,True,
O00420,C0696,R010,2026-08-22 19:23:00,2026-08-22 20:25:52.048553,delivered,high,rain,D072,D072,2026-08-22 19:24:19.644867,,2026-08-22 19:41:00,eta-v3.1,2026-08-22 20:12:57.582167,2026-08-22 19:35:15.327557,False,1.32741445,10.928044833333333,37.7042435,-12.907773100000002,-5.744540716666666,-7.163232383333336,False,False,True,
O00421,C0246,R045,2026-08-16 16:13:00,2026-08-16 17:30:19.761307,delivered,medium,heavy_rain,D049,D049,2026-08-16 16:25:53.862113,,2026-08-16 16:31:00,eta-v3.1,2026-08-16 17:22:02.337957,2026-08-16 16:27:24.562471,False,12.897701883333333,1.5116726333333332,54.62959143333333,-8.290389166666667,-3.5906254833333335,-4.699763683333334,False,False,True,
O00422,C0193,R024,2026-08-09 23:50:00,2026-08-10 01:05:36.000000,delivered,medium,clear,D068,D068,2026-08-09 23:50:58.074662,,2026-08-10 00:08:00,eta-v3.1,2026-08-10 01:11:13.941923,2026-08-10 00:21:17.685063,False,0.9679110333333333,30.326840016666665,49.937614333333336,5.632365383333333,13.29475105,-7.662385666666667,True,False,True,
O00423,C0757,R054,2026-08-20 20:06:00,2026-08-20 21:14:47.938614,delivered,high,clear,D046,D046,2026-08-20 20:09:57.238597,,2026-08-20 20:24:00,eta-v3.2,2026-08-20 21:24:09.603263,2026-08-20 20:38:45.082177,False,3.9539766166666666,28.797393,45.40868476666667,9.361077483333334,14.751369616666667,-5.3902921333333325,True,False,True,
O00424,C0205,R036,2026-08-28 14:26:00,2026-08-28 15:42:26.121250,delivered,high,clear,D072,D072,2026-08-28 14:32:26.981857,,2026-08-28 14:44:00,eta-v3.2,2026-08-28 15:36:54.841762,2026-08-28 14:42:25.733641,False,6.449697616666667,9.979196400000001,54.48513535,-5.5213248,-1.5711059833333332,-3.950218816666667,False,False,True,
O00425,C0173,R027,2026-08-08 13:27:00,2026-08-08 14:32:01.304358,delivered,medium,clear,D019,D074,2026-08-08 13:29:45.274364,2026-08-08 13:37:08.738146,2026-08-08 13:45:00,eta-v3.1,2026-08-08 14:28:50.303810,2026-08-08 13:54:11.889666,True,2.754572733333333,24.443588366666667,34.640235733333334,-3.1833424666666668,9.1981611,-12.381503566666666,False,False,True,
O00426,C0023,R034,2026-08-02 19:41:00,2026-08-02 20:53:48.000000,delivered,low,clear,D120,D120,2026-08-02 19:42:51.210578,,2026-08-02 19:59:00,eta-v3.2,2026-08-02 20:44:23.948590,2026-08-02 20:00:38.300571,False,1.8535096333333334,17.784833216666666,43.76080031666667,-9.400856833333334,1.6383428500000001,-11.039199683333335,False,False,True,
O00427,C0894,R015,2026-08-17 19:09:00,2026-08-17 20:07:43.943480,delivered,high,clear,D024,D024,2026-08-17 19:22:07.270419,,2026-08-17 19:27:00,eta-v3.2,2026-08-17 19:50:24.964047,2026-08-17 19:20:28.637551,False,13.12117365,-1.6438811333333334,29.93877493333333,-17.316323883333332,-6.522707483333334,-10.793616399999998,False,False,True,
O00428,C0882,R007,2026-08-05 18:34:00,2026-08-05 19:49:36.000000,delivered,medium,clear,D103,D040,2026-08-05 18:40:50.383056,2026-08-05 18:46:37.154766,2026-08-05 18:52:00,eta-v3.2,2026-08-05 19:58:06.809822,2026-08-05 19:08:12.922426,True,6.8397176,27.375656166666666,49.898123266666666,8.513497033333334,16.215373766666666,-7.701876733333332,True,False,True,
O00429,C0002,R044,2026-08-12 15:32:00,2026-08-12 16:47:36.000000,delivered,medium,clear,D003,D003,2026-08-12 15:32:13.196234,,2026-08-12 15:50:00,eta-v3.1,2026-08-12 16:37:40.219550,2026-08-12 15:44:29.195931,False,0.21993723333333334,12.266661616666665,53.18372698333334,-9.929674166666667,-5.513401150000001,-4.416273016666666,False,False,True,
O00430,C0202,R030,2026-08-23 18:08:00,2026-08-23 18:59:04.338422,delivered,high,clear,D012,D012,2026-08-23 18:09:16.133736,,2026-08-23 18:26:00,eta-v3.1,2026-08-23 19:08:20.075743,2026-08-23 18:38:58.898892,False,1.2688956,29.712752599999998,29.352947516666667,9.262288683333333,12.9816482,-3.7193595166666675,True,False,True,
O00431,C0502,R029,2026-08-15 12:43:00,2026-08-15 13:55:24.648274,delivered,medium,clear,D002,D002,2026-08-15 12:47:07.936022,,2026-08-15 13:01:00,eta-v3.2,2026-08-15 14:09:44.999580,2026-08-15 13:24:20.674411,False,4.132267033333333,37.212306483333336,45.40541948333334,14.339188433333334,23.344573516666667,-9.005385083333334,True,True,True,
O00432,C0381,R008,2026-08-15 13:45:00,2026-08-15 14:48:20.523075,cancelled,medium,clear,D030,D030,2026-08-15 13:46:07.435801,,2026-08-15 14:03:00,eta-v3.2,,,False,1.1239300166666666,,,,,,False,False,False,cancelled
O00433,C0336,R050,2026-08-04 19:26:00,2026-08-04 20:38:48.000000,delivered,low,clear,D051,D051,2026-08-04 19:28:56.894563,,2026-08-04 19:44:00,eta-v3.2,2026-08-04 20:48:09.272928,2026-08-04 20:01:46.731336,False,2.948242716666667,32.83061288333333,46.3756932,9.3545488,17.7788556,-8.4243068,True,False,True,
O00434,C0101,R060,2026-08-10 21:13:00,2026-08-10 22:14:23.774461,delivered,low,clear,D102,D102,2026-08-10 21:13:42.126837,,2026-08-10 21:31:00,eta-v3.2,2026-08-10 22:21:41.776640,2026-08-10 21:47:32.917101,False,0.70211395,33.8465044,34.147658983333336,7.300036316666667,16.54861835,-9.248582033333335,True,False,True,
O00435,C0132,R024,2026-08-25 18:28:00,2026-08-25 19:40:48.000000,delivered,low,clear,D039,D039,2026-08-25 18:28:30.039286,,2026-08-25 18:46:00,eta-v3.1,2026-08-25 19:46:59.243904,2026-08-25 19:06:12.364806,False,0.5006547666666666,37.70542533333333,40.781318299999995,6.1873984,20.2060801,-14.018681700000002,True,False,True,
O00436,C0841,R020,2026-08-26 20:19:00,2026-08-26 21:07:14.832222,delivered,medium,clear,D074,D023,2026-08-26 20:24:06.600807,2026-08-26 20:29:45.737399,2026-08-26 20:37:00,eta-v3.2,2026-08-26 21:07:50.694054,2026-08-26 20:43:39.141619,True,5.110013449999999,19.542346866666666,24.192540583333333,0.5976972,6.652360316666667,-6.054663116666667,True,False,True,
O00437,C0685,R008,2026-08-06 23:17:00,2026-08-07 00:03:37.872613,delivered,high,clear,D057,D057,2026-08-06 23:20:38.318059,,2026-08-06 23:35:00,eta-v3.2,2026-08-07 00:09:45.053104,2026-08-06 23:43:31.993973,False,3.638634316666667,22.894598566666666,26.217652183333332,6.11967485,8.533232883333334,-2.4135580333333335,True,False,True,
O00438,C0376,R022,2026-08-11 17:05:00,2026-08-11 18:11:10.630939,delivered,low,clear,D111,D111,2026-08-11 17:05:17.840740,,2026-08-11 17:23:00,eta-v3.2,2026-08-11 18:04:08.838969,2026-08-11 17:25:56.515880,False,0.2973456666666667,20.644585666666668,38.205384816666665,-7.029866166666666,2.9419313333333337,-9.971797500000001,False,False,True,
O00439,C0642,R053,2026-08-01 19:19:00,2026-08-01 20:16:27.122711,delivered,medium,clear,D037,D037,2026-08-01 19:23:07.064660,,2026-08-01 19:37:00,eta-v3.1,2026-08-01 20:07:49.250300,2026-08-01 19:35:45.766686,False,4.1177443333333335,12.645033766666668,32.058060233333336,-8.631206850000002,-1.2372219,-7.393984950000002,False,False,True,
O00440,C0531,R017,2026-08-04 15:20:00,2026-08-04 16:35:36.000000,delivered,medium,clear,D061,D061,2026-08-04 15:22:12.241966,,2026-08-04 15:38:00,eta-v3.1,2026-08-04 16:34:17.163086,2026-08-04 15:41:19.457322,False,2.2040327666666664,19.120255933333333,52.96176273333333,-1.3139485666666666,3.3242887,-4.638237266666667,False,False,True,
O00441,C0294,R016,2026-08-21 18:50:00,2026-08-21 20:13:53.409808,delivered,severe,clear,D005,D005,2026-08-21 18:53:26.565612,,2026-08-21 19:08:00,eta-v3.2,2026-08-21 20:13:54.660469,2026-08-21 19:11:05.536493,False,3.4427602,17.649514683333333,62.81873293333333,0.02084435,3.0922748833333333,-3.0714305333333334,True,False,True,
O00442,C0758,R058,2026-08-16 15:16:00,2026-08-16 16:35:48.000000,delivered,high,clear,D096,D012,2026-08-16 15:19:17.940385,2026-08-16 15:25:02.257885,2026-08-16 15:34:00,eta-v3.1,2026-08-16 16:41:19.586539,2026-08-16 15:45:58.484206,True,3.2990064166666664,26.67573035,55.35170555,5.5264423166666665,11.974736766666666,-6.44829445,True,False,True,
O00443,C0495,R053,2026-08-07 19:51:00,2026-08-07 20:39:40.493123,delivered,medium,clear,D120,D120,2026-08-07 19:52:07.561205,,2026-08-07 20:09:00,eta-v3.2,2026-08-07 20:39:53.336758,2026-08-07 20:18:36.734225,False,1.1260200833333334,26.486217,21.276708883333335,0.21406058333333336,9.612237083333333,-9.3981765,True,False,True,
O00444,C0307,R026,2026-08-20 18:57:00,2026-08-20 20:09:48.000000,delivered,low,clear,D081,D081,2026-08-20 18:57:05.240164,,2026-08-20 19:15:00,eta-v3.1,2026-08-20 20:13:22.809956,2026-08-20 19:28:04.430931,False,0.08733606666666667,30.986512783333335,45.30631708333333,3.5801659333333333,13.07384885,-9.493682916666666,True,False,True,
O00445,C0741,R060,2026-08-06 21:51:00,2026-08-06 22:52:49.650682,delivered,high,clear,D036,D074,2026-08-06 21:54:38.873951,2026-08-06 22:01:24.706779,2026-08-06 22:09:00,eta-v3.2,2026-08-06 22:55:45.658926,2026-08-06 22:14:43.060868,True,3.6478991833333336,20.06978195,41.04330096666667,2.933470733333333,5.7176811333333335,-2.7842104000000005,True,False,True,
O00446,C0780,R045,2026-08-02 15:57:00,2026-08-02 17:16:48.000000,delivered,high,clear,D081,D081,2026-08-02 15:58:34.474195,,2026-08-02 16:15:00,eta-v3.1,2026-08-02 17:37:54.470187,2026-08-02 16:42:19.366626,False,1.5745699166666667,43.748207183333335,55.58505935,21.107836449999997,27.3227771,-6.214940650000003,True,True,True,
O00447,C0725,R048,2026-08-09 22:54:00,2026-08-10 00:01:40.137664,delivered,medium,clear,D036,D036,2026-08-09 22:55:56.904030,,2026-08-09 23:12:00,eta-v3.2,2026-08-09 23:56:36.830649,2026-08-09 23:14:55.686606,False,1.9484005000000002,18.9797096,41.68573404999999,-5.055116916666666,2.9281101,-7.983227016666666,False,False,True,
O00448,C0284,R026,2026-08-11 17:26:00,2026-08-11 18:41:36.000000,delivered,medium,clear,D028,D028,2026-08-11 17:28:36.473253,,2026-08-11 17:44:00,eta-v3.2,2026-08-11 18:28:35.108836,2026-08-11 17:35:39.744301,False,2.60788755,7.054517466666667,52.922742250000006,-13.014852733333333,-8.337594983333334,-4.677257749999999,False,False,True,
O00449,C0070,R035,2026-08-24 14:44:00,2026-08-24 15:59:36.000000,delivered,medium,clear,D008,D008,2026-08-24 14:47:47.933260,,2026-08-24 15:02:00,eta-v3.2,2026-08-24 16:03:31.310257,2026-08-24 15:16:58.800082,False,3.7988876666666664,29.1811137,46.541836249999996,3.9218376166666666,14.980001366666666,-11.05816375,True,False,True,
O00450,C0202,R007,2026-08-11 21:15:00,2026-08-11 22:27:48.000000,delivered,low,clear,D094,D094,2026-08-11 21:18:43.794928,,2026-08-11 21:33:00,eta-v3.2,2026-08-11 22:28:04.340517,2026-08-11 21:43:23.756324,False,3.7299154666666667,24.666023266666667,44.67640321666667,0.27234195,10.395938733333333,-10.123596783333333,True,False,True,
O00451,C0549,R018,2026-08-28 19:50:00,2026-08-28 21:05:18.000000,delivered,low,rain,D088,D088,2026-08-28 19:50:16.819458,,2026-08-28 20:08:00,eta-v3.1,2026-08-28 20:50:59.561341,2026-08-28 20:06:53.045584,False,0.2803243,16.60376876666667,44.10859595,-14.307310983333334,-1.1159069333333334,-13.191404050000001,False,False,True,
O00452,C0020,R057,2026-08-20 11:24:00,2026-08-20 12:39:36.000000,delivered,medium,clear,D067,D106,2026-08-20 11:30:23.324236,2026-08-20 11:34:41.165577,2026-08-20 11:42:00,eta-v3.1,2026-08-20 12:29:57.824096,2026-08-20 11:44:42.156314,True,6.388737266666666,14.313867966666667,45.2611297,-9.636265066666665,2.7026052333333337,-12.338870299999998,False,False,True,
O00453,C0546,R057,2026-08-26 21:57:00,2026-08-26 22:56:53.748975,delivered,medium,clear,D095,D095,2026-08-26 21:57:22.564545,,2026-08-26 22:15:00,eta-v3.1,2026-08-26 22:49:09.630432,2026-08-26 22:14:23.713907,False,0.37607575,17.019156033333335,34.76527541666667,-7.73530905,-0.6047682166666667,-7.130540833333333,False,False,True,
O00454,C0179,R036,2026-08-19 21:49:00,2026-08-19 22:51:28.955751,delivered,low,clear,D027,D027,2026-08-19 21:49:20.117762,,2026-08-19 22:07:00,eta-v3.1,2026-08-19 22:50:24.317720,2026-08-19 22:20:59.619685,False,0.3352960333333333,31.658365383333333,29.411633916666666,-1.0773005166666667,13.993661416666667,-15.070961933333333,False,False,True,
O00455,C0202,R024,2026-08-07 19:12:00,2026-08-07 20:31:48.000000,delivered,high,clear,D003,D003,2026-08-07 19:12:42.765595,,2026-08-07 19:30:00,eta-v3.2,2026-08-07 20:23:57.360990,2026-08-07 19:29:38.924040,False,0.7127599166666666,16.935974083333335,54.3072825,-7.843983499999999,-0.35126599999999997,-7.4927174999999995,False,False,True,
O00456,C0746,R009,2026-08-01 19:44:00,2026-08-01 20:59:36.000000,delivered,medium,clear,D053,D053,2026-08-01 19:49:59.520126,,2026-08-01 20:02:00,eta-v3.1,2026-08-01 20:50:35.703316,2026-08-01 20:02:34.501796,False,5.9920021,12.583027833333334,48.02002533333334,-9.004944733333334,0.5750299333333333,-9.579974666666667,False,False,True,
O00457,C0168,R037,2026-08-01 18:09:00,2026-08-01 19:23:01.963181,cancelled,medium,clear,D026,D035,2026-08-01 18:09:05.663443,2026-08-01 18:13:04.985814,2026-08-01 18:27:00,eta-v3.1,,,True,0.09439071666666667,,,,,,False,False,False,cancelled
O00458,C0438,R012,2026-08-09 20:21:00,2026-08-09 21:40:48.000000,delivered,high,clear,D032,D032,2026-08-09 20:24:56.174530,,2026-08-09 20:39:00,eta-v3.1,2026-08-09 21:46:14.169158,2026-08-09 20:48:52.500807,False,3.9362421666666667,23.93877128333333,57.36113918333333,5.436152633333333,9.87501345,-4.438860816666668,True,False,True,
O00459,C0468,R041,2026-08-15 15:51:00,2026-08-15 17:06:36.000000,delivered,medium,clear,D002,D002,2026-08-15 16:02:30.823538,,2026-08-15 16:09:00,eta-v3.1,2026-08-15 17:10:33.050292,2026-08-15 16:19:29.867757,False,11.513725633333333,16.984070316666667,51.05304225,3.9508382,10.49779595,-6.546957750000001,True,False,True,
O00460,C0087,R026,2026-08-12 16:27:00,2026-08-12 17:52:24.000000,delivered,severe,clear,D104,D104,2026-08-12 16:32:19.367112,,2026-08-12 16:45:00,eta-v3.1,2026-08-12 18:29:16.970368,2026-08-12 17:21:45.188189,False,5.3227852,49.43035128333334,67.52970298333334,36.88283946666666,36.753136483333336,0.12970298333332408,True,True,True,
O00461,C0106,R051,2026-08-07 20:50:00,2026-08-07 22:00:29.282287,delivered,medium,clear,D094,D094,2026-08-07 20:53:34.807834,,2026-08-07 21:08:00,eta-v3.2,2026-08-07 22:11:51.984216,2026-08-07 21:24:54.520288,False,3.580130566666667,31.3285409,46.95773213333334,11.378365483333333,16.908671466666668,-5.530305983333335,True,True,True,
O00462,C0013,R014,2026-08-19 17:58:00,2026-08-19 19:16:51.095938,delivered,high,clear,D008,D008,2026-08-19 17:58:38.246425,,2026-08-19 18:16:00,eta-v3.2,2026-08-19 19:15:36.063975,2026-08-19 18:22:08.015036,False,0.6374404166666667,23.496143516666667,53.46748231666666,-1.2505327166666667,6.133583933333333,-7.384116649999999,False,False,True,
O00463,C0046,R043,2026-08-05 20:18:00,2026-08-05 21:09:20.034501,delivered,medium,clear,D094,D094,2026-08-05 20:26:37.264470,,2026-08-05 20:36:00,eta-v3.2,2026-08-05 20:59:25.548003,2026-08-05 20:38:40.569574,False,8.621074499999999,12.055085066666667,20.749640483333334,-9.9081083,2.6761595666666667,-12.584267866666668,False,False,True,
O00464,C0113,R006,2026-08-12 22:18:00,2026-08-12 23:19:16.349188,delivered,high,clear,D053,D053,2026-08-12 22:26:29.875703,,2026-08-12 22:36:00,eta-v3.1,2026-08-12 23:20:52.276320,2026-08-12 22:38:43.935647,False,8.497928383333333,12.2343324,42.13901121666667,1.5987855333333334,2.732260783333333,-1.1334752499999996,True,False,True,
O00465,C0061,R038,2026-08-22 21:12:00,2026-08-22 22:37:48.000000,delivered,high,heavy_rain,D039,D112,2026-08-22 21:16:01.543900,2026-08-22 21:19:59.918914,2026-08-22 21:30:00,eta-v3.2,2026-08-22 22:44:22.405513,2026-08-22 21:37:56.960467,True,4.025731666666667,21.92360945,66.4240841,6.573425216666666,7.949341116666667,-1.3759159000000007,True,False,True,
O00466,C0746,R007,2026-08-25 22:55:00,2026-08-26 00:10:36.000000,delivered,medium,clear,D088,D088,2026-08-25 22:56:49.197253,,2026-08-25 23:13:00,eta-v3.2,2026-08-25 23:54:10.521612,2026-08-25 23:09:57.216011,False,1.8199542166666667,13.133645966666668,44.221760016666664,-16.4246398,-3.0463998166666664,-13.378239983333335,False,False,True,
O00467,C0778,R006,2026-08-25 22:26:00,2026-08-25 23:09:25.878898,delivered,low,clear,D016,D016,2026-08-25 22:34:38.389393,,2026-08-25 22:44:00,eta-v3.1,2026-08-25 22:57:16.469139,2026-08-25 22:39:36.250437,False,8.639823216666667,4.964350733333333,17.6703117,-12.156829316666666,-4.39582605,-7.761003266666666,False,False,True,
O00468,C0736,R004,2026-08-25 19:19:00,2026-08-25 20:28:18.813867,delivered,medium,clear,D003,D003,2026-08-25 19:27:18.750017,,2026-08-25 19:37:00,eta-v3.2,2026-08-25 20:26:28.040733,2026-08-25 19:45:10.926338,False,8.312500283333334,17.869605349999997,41.28523991666667,-1.8462189,8.182105633333332,-10.028324533333333,False,False,True,
O00469,C0266,R041,2026-08-16 12:36:00,2026-08-16 14:01:24.000000,delivered,severe,clear,D005,D005,2026-08-16 12:36:43.811791,,2026-08-16 12:54:00,eta-v3.2,2026-08-16 13:57:01.320777,2026-08-16 12:50:02.914224,False,0.7301965166666666,13.318373883333333,66.97344255,-4.37798705,-3.9514296,-0.4265574499999998,False,False,True,
O00470,C0897,R030,2026-08-08 16:33:00,2026-08-08 17:21:01.861986,delivered,low,clear,D083,D083,2026-08-08 16:33:32.010924,,2026-08-08 16:51:00,eta-v3.1,2026-08-08 17:21:49.192249,2026-08-08 17:01:51.082439,False,0.5335154000000001,28.317858583333336,19.968496833333333,0.7888377166666667,10.851373983333334,-10.062536266666667,True,False,True,
O00471,C0099,R010,2026-08-07 16:52:00,2026-08-07 18:05:01.715169,delivered,high,clear,D007,D007,2026-08-07 16:55:43.984474,,2026-08-07 17:10:00,eta-v3.2,2026-08-07 18:12:27.727545,2026-08-07 17:20:12.632435,False,3.7330745666666667,24.477466016666664,52.25158516666667,7.4335396000000005,10.210540583333334,-2.777000983333333,True,False,True,
O00472,C0448,R056,2026-08-08 18:58:00,2026-08-08 20:13:36.000000,delivered,medium,clear,D109,D109,2026-08-08 18:59:04.970716,,2026-08-08 19:16:00,eta-v3.2,2026-08-08 20:27:50.690781,2026-08-08 19:33:38.617887,False,1.0828452666666666,34.560786183333335,54.2012149,14.24484635,17.64363145,-3.3987851000000013,True,True,True,
O00473,C0719,R002,2026-08-14 18:58:00,2026-08-14 20:17:48.000000,delivered,high,clear,D064,D064,2026-08-14 19:04:15.085545,,2026-08-14 19:16:00,eta-v3.1,2026-08-14 21:04:00.769224,2026-08-14 20:05:22.631148,False,6.25142575,61.125760050000004,58.6356346,46.212820400000005,49.3771858,-3.164365399999994,True,True,True,
O00474,C0127,R021,2026-08-04 23:04:00,2026-08-05 00:23:48.000000,delivered,high,clear,D004,D050,2026-08-04 23:09:36.471040,2026-08-04 23:12:07.213147,2026-08-04 23:22:00,eta-v3.2,2026-08-05 00:17:35.652368,2026-08-04 23:19:24.678164,True,5.607850666666667,9.803452066666667,58.1829034,-6.205793866666666,-2.5886972666666663,-3.6170966,False,False,True,
O00475,C0883,R056,2026-08-11 19:29:00,2026-08-11 20:44:36.000000,delivered,medium,clear,D058,D058,2026-08-11 19:32:29.153860,,2026-08-11 19:47:00,eta-v3.1,2026-08-11 20:37:47.131885,2026-08-11 19:45:41.208149,False,3.485897666666667,13.200904816666668,52.098728933333334,-6.814468583333333,-1.3131975166666665,-5.501271066666667,False,False,True,
O00476,C0889,R054,2026-08-04 18:25:00,2026-08-04 19:37:48.000000,delivered,low,clear,D117,D117,2026-08-04 18:34:37.843313,,2026-08-04 18:43:00,eta-v3.1,2026-08-04 19:51:57.232492,2026-08-04 19:08:28.451241,False,9.630721883333333,33.843465466666665,43.479687516666665,14.153874866666666,25.47418735,-11.320312483333336,True,True,True,
O00477,C0117,R007,2026-08-21 19:42:00,2026-08-21 21:01:48.000000,delivered,high,clear,D011,D011,2026-08-21 19:43:05.513917,,2026-08-21 20:00:00,eta-v3.2,2026-08-21 21:10:10.485830,2026-08-21 20:14:32.816157,False,1.0918986166666669,31.455037333333333,55.62782788333333,8.374763833333335,14.54693595,-6.172172116666665,True,False,True,
O00478,C0264,R045,2026-08-11 20:43:00,2026-08-11 21:47:16.786315,delivered,high,clear,D096,D096,2026-08-11 20:47:26.864409,,2026-08-11 21:01:00,eta-v3.2,2026-08-11 21:41:14.596300,2026-08-11 20:58:20.684682,False,4.4477401500000004,10.89700455,42.898526966666665,-6.0365002500000005,-2.6552553,-3.3812449500000006,False,False,True,
O00479,C0477,R038,2026-08-13 22:07:00,2026-08-13 23:22:36.000000,cancelled,medium,clear,D023,D023,2026-08-13 22:13:03.641406,,2026-08-13 22:25:00,eta-v3.1,,,False,6.0606901,,,,,,False,False,False,cancelled
O00480,C0718,R045,2026-08-03 19:17:00,2026-08-03 20:09:31.086534,delivered,high,clear,D119,D119,2026-08-03 19:17:23.871406,,2026-08-03 19:35:00,eta-v3.1,2026-08-03 20:24:59.005306,2026-08-03 20:01:17.339837,False,0.3978567666666667,43.89114051666666,23.694424483333332,15.465312866666666,26.288997283333334,-10.823684416666667,True,True,True,
O00481,C0811,R014,2026-08-23 17:59:00,2026-08-23 19:24:24.000000,delivered,severe,clear,D036,D036,2026-08-23 18:10:46.714724,,2026-08-23 18:17:00,eta-v3.2,2026-08-23 19:28:49.624756,2026-08-23 18:28:42.877804,False,11.778578733333335,17.936051333333335,60.1124492,4.4270792666666665,11.714630066666667,-7.2875508,True,False,True,
O00482,C0093,R043,2026-08-13 18:47:00,2026-08-13 19:33:41.196323,delivered,medium,clear,D073,D073,2026-08-13 19:00:16.214237,,2026-08-13 19:05:00,eta-v3.2,2026-08-13 19:27:34.860111,2026-08-13 19:05:44.137111,False,13.270237283333334,5.465381233333333,21.845383333333334,-6.105603533333333,0.7356185166666667,-6.84122205,False,False,True,
O00483,C0670,R004,2026-08-10 14:24:00,2026-08-10 15:16:30.689606,delivered,low,clear,D079,D079,2026-08-10 14:25:39.817772,,2026-08-10 14:42:00,eta-v3.2,2026-08-10 15:12:37.375389,2026-08-10 14:48:51.887736,False,1.6636295333333335,23.201166066666666,23.758127549999998,-3.8885702833333338,6.8647956,-10.753365883333334,False,False,True,
O00484,C0028,R057,2026-08-21 20:48:00,2026-08-21 21:34:23.305353,delivered,low,rain,D065,D065,2026-08-21 20:49:53.007285,,2026-08-21 21:06:00,eta-v3.1,2026-08-21 21:34:51.865762,2026-08-21 21:12:39.799380,False,1.8834547499999998,22.77986825,22.201106366666668,0.47600681666666667,6.663323,-6.187316183333333,True,False,True,
O00485,C0864,R026,2026-08-15 19:04:00,2026-08-15 20:14:10.687624,delivered,high,clear,D005,D005,2026-08-15 19:13:14.767258,,2026-08-15 19:22:00,eta-v3.1,2026-08-15 20:15:21.486824,2026-08-15 19:32:08.015329,False,9.246120966666666,18.88746785,43.22452491666666,1.1799866666666667,10.133588816666666,-8.95360215,True,False,True,
O00486,C0464,R043,2026-08-06 20:15:00,2026-08-06 21:03:54.308146,delivered,medium,clear,D073,D073,2026-08-06 20:19:36.421646,,2026-08-06 20:33:00,eta-v3.2,2026-08-06 21:06:08.388424,2026-08-06 20:44:25.019780,False,4.607027433333333,24.8099689,21.722810733333333,2.2346713,11.416996333333334,-9.182325033333333,True,False,True,
O00487,C0894,R041,2026-08-24 17:09:00,2026-08-24 18:31:18.000000,delivered,high,rain,D024,D024,2026-08-24 17:10:34.226275,,2026-08-24 17:27:00,eta-v3.1,2026-08-24 18:42:38.911522,2026-08-24 17:41:15.588153,False,1.5704379166666667,30.689364633333334,61.38872281666667,11.348525366666667,14.25980255,-2.9112771833333326,True,True,True,
O00488,C0774,R018,2026-08-13 18:30:00,2026-08-13 19:11:11.200279,delivered,low,clear,D055,D055,2026-08-13 18:31:58.807989,,2026-08-13 18:48:00,eta-v3.2,2026-08-13 19:19:33.086426,2026-08-13 19:05:41.399010,False,1.9801331500000001,33.709850349999996,13.861456933333333,8.364769116666666,17.6899835,-9.325214383333334,True,False,True,
O00489,C0344,R017,2026-08-19 12:56:00,2026-08-19 14:06:14.792264,delivered,low,rain,D083,D083,2026-08-19 12:59:14.693121,,2026-08-19 13:14:00,eta-v3.2,2026-08-19 14:10:45.484437,2026-08-19 13:22:11.946224,False,3.2448853499999997,22.954218383333334,48.558970216666665,4.511536216666667,8.199103733333333,-3.6875675166666655,True,False,True,
O00490,C0579,R016,2026-08-08 15:02:00,2026-08-08 16:27:24.000000,delivered,severe,clear,D018,D018,2026-08-08 15:06:39.707458,,2026-08-08 15:20:00,eta-v3.1,2026-08-08 16:33:39.027665,2026-08-08 15:31:51.592269,False,4.661790966666667,25.19808018333333,61.79058993333333,6.250461083333334,11.85987115,-5.609410066666666,True,False,True,
O00491,C0003,R045,2026-08-13 17:37:00,2026-08-13 18:32:57.974230,delivered,severe,clear,D010,D010,2026-08-13 17:37:32.621449,,2026-08-13 17:55:00,eta-v3.2,2026-08-13 18:47:18.156455,2026-08-13 18:14:28.409589,False,0.5436908166666666,36.929802333333335,32.82911443333333,14.336370416666666,19.473493150000003,-5.137122733333337,True,True,True,
O00492,C0015,R023,2026-08-26 17:09:00,2026-08-26 18:12:37.192858,cancelled,medium,clear,D101,D101,2026-08-26 17:10:55.367708,,2026-08-26 17:27:00,eta-v3.2,,,False,1.9227951333333333,,,,,,False,False,False,cancelled
O00493,C0243,R026,2026-08-01 12:49:00,2026-08-01 14:08:48.000000,delivered,high,clear,D032,D032,2026-08-01 12:54:52.255330,,2026-08-01 13:07:00,eta-v3.1,2026-08-01 14:05:02.111690,2026-08-01 13:06:55.188378,False,5.870922166666667,12.048884133333333,58.11538853333333,-3.7648051666666666,-0.08019369999999999,-3.6846114666666665,False,False,True,
O00494,C0055,R048,2026-08-06 14:47:00,2026-08-06 15:32:52.726833,delivered,low,clear,D119,D119,2026-08-06 14:53:12.036330,,2026-08-06 15:05:00,eta-v3.1,2026-08-06 15:26:09.157721,2026-08-06 15:11:13.290322,False,6.2006055,18.020899866666664,14.931123316666666,-6.726151866666667,6.221505366666666,-12.947657233333334,False,False,True,
O00495,C0209,R031,2026-08-11 11:15:00,2026-08-11 12:30:36.000000,cancelled,medium,clear,D062,D062,2026-08-11 11:17:04.816044,,2026-08-11 11:33:00,eta-v3.1,,,False,2.0802674,,,,,,False,False,False,cancelled
O00496,C0033,R028,2026-08-04 14:50:00,2026-08-04 16:02:48.000000,delivered,low,clear,D001,D001,2026-08-04 15:09:01.658960,,2026-08-04 15:08:00,eta-v3.2,2026-08-04 15:48:57.375761,2026-08-04 14:59:12.709125,False,19.027649333333333,-9.815830583333334,49.74444393333333,-13.843737316666667,-8.788181250000001,-5.055556066666666,False,False,True,
O00497,C0482,R032,2026-08-13 19:22:00,2026-08-13 20:44:18.000000,delivered,high,rain,D016,D075,2026-08-13 19:27:38.842728,2026-08-13 19:35:43.824946,2026-08-13 19:40:00,eta-v3.2,2026-08-13 21:16:04.765594,2026-08-13 20:14:53.614453,True,5.6473788,47.246195416666666,61.18585235,31.779426566666665,34.89357421666667,-3.1141476500000067,True,True,True,
O00498,C0888,R033,2026-08-16 18:42:00,2026-08-16 20:00:48.000000,cancelled,low,heavy_rain,D119,D119,2026-08-16 18:42:44.852662,,2026-08-16 19:00:00,eta-v3.1,,,False,0.7475443666666667,,,,,,False,False,False,cancelled
O00499,C0277,R002,2026-08-26 20:43:00,2026-08-26 21:58:36.000000,delivered,medium,clear,D104,D104,2026-08-26 20:53:38.834648,,2026-08-26 21:01:00,eta-v3.2,2026-08-26 22:05:43.231907,2026-08-26 21:14:02.441452,False,10.647244133333334,20.393446733333334,51.67984091666666,7.120531783333333,13.040690866666667,-5.920159083333334,True,False,True,
O00500,C0822,R056,2026-08-07 19:55:00,2026-08-07 21:10:36.000000,delivered,medium,clear,D007,D007,2026-08-07 19:56:38.976873,,2026-08-07 20:13:00,eta-v3.2,2026-08-07 20:59:18.080821,2026-08-07 20:09:07.662397,False,1.64961455,12.478092066666667,50.1736404,-11.298652983333334,-3.8722933833333335,-7.4263596,False,False,True,
O00501,C0509,R033,2026-08-22 19:06:00,2026-08-22 20:21:36.000000,delivered,medium,clear,D087,D087,2026-08-22 19:06:52.303592,,2026-08-22 19:24:00,eta-v3.2,2026-08-22 20:22:22.012259,2026-08-22 19:33:24.991506,False,0.8717265333333334,26.544798566666667,48.95034588333333,0.7668709833333334,9.4165251,-8.649654116666666,True,False,True,
O00502,C0148,R051,2026-08-21 20:05:00,2026-08-21 20:58:47.101348,delivered,high,clear,D098,D098,2026-08-21 20:06:54.003346,,2026-08-21 20:23:00,eta-v3.2,2026-08-21 20:59:16.781520,2026-08-21 20:28:17.555642,False,1.9000557666666666,21.39253826666667,30.987097966666667,0.4946695333333333,5.292594033333333,-4.7979245,True,False,True,
O00503,C0881,R020,2026-08-24 19:12:00,2026-08-24 20:31:48.000000,delivered,high,clear,D008,D088,2026-08-24 19:12:24.349999,2026-08-24 19:18:32.175108,2026-08-24 19:30:00,eta-v3.1,2026-08-24 20:31:00.878093,2026-08-24 19:40:06.518413,True,0.40583331666666667,27.7028069,50.905994666666665,-0.7853651166666666,10.108640216666666,-10.894005333333332,False,False,True,
O00504,C0716,R039,2026-08-20 19:06:00,2026-08-20 20:14:13.426543,delivered,medium,clear,D023,D023,2026-08-20 19:09:55.006697,,2026-08-20 19:24:00,eta-v3.2,2026-08-20 20:22:24.409143,2026-08-20 19:37:47.238817,False,3.9167782833333336,27.870535333333333,44.61950543333333,8.183043333333334,13.787313616666667,-5.604270283333333,True,False,True,
O00505,C0479,R012,2026-08-20 16:32:00,2026-08-20 17:48:32.813282,delivered,severe,clear,D081,D081,2026-08-20 16:32:59.934276,,2026-08-20 16:50:00,eta-v3.2,2026-08-20 17:52:48.639434,2026-08-20 16:59:35.581676,False,0.9989045999999999,26.594123333333336,53.2176293,4.2637692000000005,9.593027933333333,-5.329258733333333,True,False,True,
O00506,C0274,R013,2026-08-08 19:03:00,2026-08-08 20:07:52.391855,delivered,severe,clear,D105,D105,2026-08-08 19:04:09.360853,,2026-08-08 19:21:00,eta-v3.1,2026-08-08 20:00:32.805129,2026-08-08 19:19:30.312766,False,1.1560142166666667,15.34919855,41.04153938333333,-7.326445433333333,-1.4947872333333334,-5.8316582,False,False,True,
O00507,C0399,R050,2026-08-17 20:18:00,2026-08-17 21:26:22.799209,delivered,high,clear,D059,D059,2026-08-17 20:19:26.783696,,2026-08-17 20:36:00,eta-v3.1,2026-08-17 21:25:25.528884,2026-08-17 20:40:18.973164,False,1.4463949333333335,20.869824466666667,45.109261999999994,-0.9545054166666667,4.3162194,-5.270724816666666,False,False,True,
O00508,C0499,R033,2026-08-10 21:13:00,2026-08-10 22:25:48.000000,delivered,low,clear,D051,D051,2026-08-10 21:16:21.152736,,2026-08-10 21:31:00,eta-v3.1,2026-08-10 22:37:41.070276,2026-08-10 21:53:24.611482,False,3.3525456,37.05764576666666,44.27431323333334,11.884504600000001,22.410191366666666,-10.525686766666665,True,True,True,
O00509,C0519,R030,2026-08-02 12:32:00,2026-08-02 13:51:48.000000,delivered,high,clear,D052,D052,2026-08-02 12:37:08.386870,,2026-08-02 12:50:00,eta-v3.2,2026-08-02 13:43:14.227492,2026-08-02 12:51:46.364440,False,5.139781166666666,14.6329595,51.464384200000005,-8.562875133333334,1.7727406666666667,-10.335615800000001,False,False,True,
O00510,C0797,R029,2026-08-26 19:05:00,2026-08-26 20:25:41.022620,delivered,high,rain,D065,D065,2026-08-26 19:10:10.315061,,2026-08-26 19:23:00,eta-v3.1,2026-08-26 20:30:54.899123,2026-08-26 19:29:57.992323,False,5.171917683333334,19.794621033333332,60.94844666666667,5.23127505,6.966538716666666,-1.7352636666666665,True,False,True,
O00511,C0064,R038,2026-08-09 19:06:00,2026-08-09 20:25:48.000000,delivered,high,clear,D015,D015,2026-08-09 19:11:43.427119,,2026-08-09 19:24:00,eta-v3.1,2026-08-09 20:24:14.113395,2026-08-09 19:26:39.457940,False,5.723785316666667,14.933847016666666,57.577590916666665,-1.56477675,2.6576323333333334,-4.222409083333334,False,False,True,
O00512,C0190,R012,2026-08-27 18:51:00,2026-08-27 20:06:36.000000,delivered,medium,clear,D062,D062,2026-08-27 18:54:00.081823,,2026-08-27 19:09:00,eta-v3.1,2026-08-27 20:03:15.140941,2026-08-27 19:16:59.110922,False,3.001363716666667,22.983818316666667,46.26716698333333,-3.347650983333333,7.985182033333333,-11.332833016666667,False,False,True,
O00513,C0109,R024,2026-08-06 11:28:00,2026-08-06 12:47:48.000000,delivered,high,clear,D016,D078,2026-08-06 11:28:02.807739,2026-08-06 11:33:35.390030,2026-08-06 11:46:00,eta-v3.2,2026-08-06 13:10:37.271716,2026-08-06 12:13:16.032656,True,0.04679565,45.22041528333333,57.35398433333333,22.821195266666667,27.267210933333335,-4.446015666666668,True,True,True,
O00514,C0419,R053,2026-08-10 11:33:00,2026-08-10 12:52:48.000000,delivered,high,clear,D014,D014,2026-08-10 11:37:02.212265,,2026-08-10 11:51:00,eta-v3.2,2026-08-10 12:52:29.021367,2026-08-10 11:56:41.364381,False,4.036871083333334,19.652535266666668,55.7942831,-0.31631054999999997,5.68940635,-6.0057168999999995,False,False,True,
O00515,C0672,R025,2026-08-02 13:19:00,2026-08-02 14:21:51.106890,delivered,high,clear,D033,D033,2026-08-02 13:22:39.419414,,2026-08-02 13:37:00,eta-v3.2,2026-08-02 14:28:28.839181,2026-08-02 13:49:46.710718,False,3.656990233333333,27.121521733333335,38.70214105,6.628871516666666,12.778511966666667,-6.149640450000001,True,False,True,
O00516,C0001,R011,2026-08-14 22:09:00,2026-08-14 23:01:21.831360,delivered,medium,clear,D119,D119,2026-08-14 22:20:28.612087,,2026-08-14 22:27:00,eta-v3.1,2026-08-14 22:52:14.077541,2026-08-14 22:24:35.856083,False,11.476868116666667,4.120733266666667,27.6370243,-9.129230316666668,-2.4023986166666664,-6.726831700000002,False,False,True,
O00517,C0328,R035,2026-08-20 15:17:00,2026-08-20 16:29:48.000000,delivered,low,clear,D076,D076,2026-08-20 15:22:41.896342,,2026-08-20 15:35:00,eta-v3.1,2026-08-20 16:34:46.946537,2026-08-20 15:46:52.677476,False,5.698272366666667,24.179685566666667,47.90448435,4.982442283333333,11.877957933333333,-6.89551565,True,False,True,
O00518,C0493,R041,2026-08-13 22:50:00,2026-08-14 00:15:24.000000,delivered,severe,clear,D102,D102,2026-08-13 22:52:46.252100,,2026-08-13 23:08:00,eta-v3.2,2026-08-14 00:13:54.923342,2026-08-13 23:08:58.139851,False,2.7708683333333335,16.198129183333332,64.94639151666667,-1.4846109666666665,0.9689975166666667,-2.4536084833333334,False,False,True,
O00519,C0864,R011,2026-08-25 17:22:00,2026-08-25 18:20:59.008918,delivered,high,clear,D083,D083,2026-08-25 17:28:47.191967,,2026-08-25 17:40:00,eta-v3.2,2026-08-25 18:26:03.977828,2026-08-25 17:51:51.099458,False,6.786532783333333,23.06512485,34.2146395,5.082815166666666,11.851657633333334,-6.768842466666667,True,False,True,
O00520,C0489,R050,2026-08-09 11:46:00,2026-08-09 13:05:48.000000,delivered,high,clear,D089,D089,2026-08-09 11:46:22.397862,,2026-08-09 12:04:00,eta-v3.2,2026-08-09 13:08:00.653735,2026-08-09 12:14:11.608672,False,0.3732977,27.820180166666667,53.81741771666667,2.2108955833333335,10.193477866666665,-7.982582283333332,True,False,True,
O00521,C0854,R026,2026-08-27 14:40:00,2026-08-27 15:55:17.426533,delivered,high,rain,D038,D038,2026-08-27 14:43:34.081678,,2026-08-27 14:58:00,eta-v3.1,2026-08-27 15:54:11.349727,2026-08-27 14:58:13.980566,False,3.568027966666667,14.664981466666667,55.956152683333336,-1.1012801,0.23300943333333332,-1.3342895333333333,False,False,True,
O00522,C0748,R027,2026-08-16 20:00:00,2026-08-16 21:25:24.000000,delivered,severe,clear,D015,D015,2026-08-16 20:00:28.548722,,2026-08-16 20:18:00,eta-v3.1,2026-08-16 21:29:40.702440,2026-08-16 20:22:48.526265,False,0.4758120333333334,22.33295905,66.86960291666666,4.278374,4.808771083333334,-0.5303970833333338,True,False,True,
O00523,C0865,R056,2026-08-23 18:22:00,2026-08-23 19:37:36.000000,delivered,medium,clear,D039,D039,2026-08-23 18:22:23.482604,,2026-08-23 18:40:00,eta-v3.2,2026-08-23 19:47:53.336916,2026-08-23 18:55:41.930569,False,0.3913767333333333,33.30746608333333,52.19010578333334,10.2889486,15.698842816666666,-5.409894216666666,True,True,True,
O00524,C0611,R042,2026-08-12 22:27:00,2026-08-12 23:27:04.414916,delivered,medium,clear,D015,D015,2026-08-12 22:37:30.279803,,2026-08-12 22:45:00,eta-v3.1,2026-08-12 23:27:58.269309,2026-08-12 22:51:29.102072,False,10.504663383333334,13.98037115,36.48612061666667,0.8975732166666667,6.485034533333334,-5.587461316666667,True,False,True,
O00525,C0280,R022,2026-08-10 22:41:00,2026-08-10 23:46:04.170706,delivered,medium,rain,D059,D107,2026-08-10 22:43:14.079618,2026-08-10 22:47:32.071375,2026-08-10 22:59:00,eta-v3.2,2026-08-10 23:52:57.894133,2026-08-10 23:07:35.282202,True,2.2346603000000003,24.3533764,45.37686551666666,6.89539045,8.5880367,-1.6926462500000001,True,False,True,
O00526,C0833,R006,2026-08-16 14:33:00,2026-08-16 15:48:36.000000,delivered,medium,clear,D100,D100,2026-08-16 14:34:25.137129,,2026-08-16 14:51:00,eta-v3.2,2026-08-16 16:11:11.602959,2026-08-16 15:17:53.581660,False,1.41895215,43.474075516666666,53.300354983333335,22.593382650000002,26.89302766666667,-4.299645016666666,True,True,True,
O00527,C0480,R020,2026-08-22 21:10:00,2026-08-22 22:04:26.146473,delivered,low,clear,D050,D050,2026-08-22 21:12:19.959054,,2026-08-22 21:28:00,eta-v3.2,2026-08-22 22:21:18.666861,2026-08-22 21:55:49.639157,False,2.3326509,43.494668383333334,25.48379506666667,16.8753398,27.827319283333335,-10.951979483333336,True,True,True,
O00528,C0367,R043,2026-08-16 23:17:00,2026-08-17 00:29:48.000000,delivered,low,clear,D020,D020,2026-08-16 23:19:09.660894,,2026-08-16 23:35:00,eta-v3.2,2026-08-17 00:15:52.556292,2026-08-16 23:31:38.263244,False,2.1610149,12.476705833333334,44.23821746666667,-13.9240618,-3.362279266666667,-10.561782533333334,False,False,True,
O00529,C0828,R041,2026-08-01 20:15:00,2026-08-01 21:30:18.000000,cancelled,low,rain,D089,D089,2026-08-01 20:17:04.518430,,2026-08-01 20:33:00,eta-v3.2,,,False,2.0753071666666667,,,,,,False,False,False,cancelled
O00530,C0634,R010,2026-08-16 12:27:00,2026-08-16 13:11:23.957324,delivered,medium,clear,D010,D010,2026-08-16 12:29:08.531566,,2026-08-16 12:45:00,eta-v3.1,2026-08-16 13:01:57.626904,2026-08-16 12:45:47.645194,False,2.1421927666666667,16.6518938,16.166361833333333,-9.438840333333333,0.7940865666666667,-10.2329269,False,False,True,
O00531,C0586,R026,2026-08-06 13:54:00,2026-08-06 15:09:36.000000,cancelled,medium,clear,D081,D081,2026-08-06 13:55:26.855479,,2026-08-06 14:12:00,eta-v3.1,,,False,1.4475913166666667,,,,,,False,False,False,cancelled
O00532,C0381,R043,2026-08-14 11:12:00,2026-08-14 11:59:16.434888,delivered,low,clear,D007,D007,2026-08-14 11:19:15.673844,,2026-08-14 11:30:00,eta-v3.2,2026-08-14 11:56:02.760445,2026-08-14 11:34:31.657150,False,7.261230733333333,15.266388433333333,21.518388249999997,-3.227907383333333,4.527619166666667,-7.75552655,False,False,True,
O00533,C0095,R040,2026-08-14 15:57:00,2026-08-14 16:59:11.129602,delivered,low,clear,D072,D072,2026-08-14 15:57:28.434871,,2026-08-14 16:15:00,eta-v3.1,2026-08-14 17:11:33.220021,2026-08-14 16:37:12.401763,False,0.4739145166666667,39.73278153333333,34.34697096666666,12.36817365,22.20669605,-9.838522400000002,True,True,True,
O00534,C0320,R051,2026-08-28 13:23:00,2026-08-28 14:42:48.000000,delivered,high,clear,D111,D111,2026-08-28 13:25:45.285247,,2026-08-28 13:41:00,eta-v3.2,2026-08-28 14:44:49.614480,2026-08-28 13:49:37.407434,False,2.7547541166666667,23.868703116666666,55.20345076666667,2.026908,8.623457233333333,-6.596549233333333,True,False,True,
O00535,C0299,R046,2026-08-04 11:58:00,2026-08-04 13:10:52.866721,delivered,high,rain,D010,D010,2026-08-04 11:58:11.219425,,2026-08-04 12:16:00,eta-v3.2,2026-08-04 13:17:42.377460,2026-08-04 12:29:53.051296,False,0.18699041666666666,31.697197850000002,47.82210273333333,6.825178983333333,13.884188266666666,-7.059009283333332,True,False,True,
O00536,C0056,R044,2026-08-14 18:16:00,2026-08-14 19:20:50.458342,delivered,high,clear,D030,D030,2026-08-14 18:17:10.353765,,2026-08-14 18:34:00,eta-v3.1,2026-08-14 19:16:01.586065,2026-08-14 18:36:34.766424,False,1.17256275,19.406877650000002,39.446994016666665,-4.81453795,2.5794404,-7.39397835,False,False,True,
O00537,C0649,R041,2026-08-17 20:10:00,2026-08-17 21:25:36.000000,delivered,medium,clear,D048,D048,2026-08-17 20:10:03.820637,,2026-08-17 20:28:00,eta-v3.2,2026-08-17 21:23:10.761992,2026-08-17 20:33:09.136903,False,0.06367728333333333,23.088604433333334,50.027084816666665,-2.4206334666666667,5.152281716666667,-7.5729151833333335,False,False,True,
O00538,C0053,R047,2026-08-13 18:24:00,2026-08-13 19:15:21.924250,delivered,medium,clear,D041,D041,2026-08-13 18:29:39.907962,,2026-08-13 18:42:00,eta-v3.2,2026-08-13 19:12:51.930961,2026-08-13 18:45:31.965439,False,5.6651327,15.867624616666665,27.3327587,-2.49988815,3.532757316666667,-6.032645466666667,False,False,True,
O00539,C0221,R044,2026-08-06 14:34:00,2026-08-06 15:42:26.914278,delivered,medium,clear,D083,D083,2026-08-06 14:36:30.774531,,2026-08-06 14:52:00,eta-v3.1,2026-08-06 16:05:43.810322,2026-08-06 15:21:38.611073,False,2.51290885,45.130609033333336,44.086654149999994,23.281600733333335,29.643517883333335,-6.36191715,True,True,True,
O00540,C0131,R058,2026-08-20 23:20:00,2026-08-21 00:23:44.226468,delivered,low,clear,D037,D037,2026-08-20 23:22:43.170256,,2026-08-20 23:38:00,eta-v3.1,2026-08-21 00:27:34.705324,2026-08-20 23:48:59.461859,False,2.7195042666666667,26.271526716666664,38.58739108333334,3.8413142666666666,10.991030983333333,-7.149716716666667,True,False,True,
O00541,C0447,R057,2026-08-09 13:01:00,2026-08-09 13:58:17.316493,delivered,medium,heavy_rain,D094,D094,2026-08-09 13:01:35.314749,,2026-08-09 13:19:00,eta-v3.2,2026-08-09 13:58:21.685308,2026-08-09 13:21:17.843451,False,0.5885791499999999,19.708811700000002,37.064030949999996,0.07281358333333333,2.2973908499999998,-2.2245772666666666,True,False,True,
O00542,C0220,R036,2026-08-19 19:54:00,2026-08-19 20:44:58.420796,delivered,high,clear,D004,D004,2026-08-19 19:56:20.970828,,2026-08-19 20:12:00,eta-v3.1,2026-08-19 20:33:18.355194,2026-08-19 20:08:27.829813,False,2.3495138,12.114316416666666,24.84208968333333,-11.667760033333334,-3.5361697833333334,-8.13159025,False,False,True,
O00543,C0305,R008,2026-08-21 16:19:00,2026-08-21 17:31:48.000000,delivered,low,clear,D048,D048,2026-08-21 16:19:11.770753,,2026-08-21 16:37:00,eta-v3.2,2026-08-21 17:30:03.893237,2026-08-21 16:45:49.876920,False,0.19617921666666666,26.63510278333333,44.23360528333333,-1.7351127166666667,8.831282,-10.566394716666666,False,False,True,
O00544,C0895,R023,2026-08-13 17:07:00,2026-08-13 18:26:48.000000,delivered,high,clear,D029,D029,2026-08-13 17:07:39.335190,,2026-08-13 17:25:00,eta-v3.1,2026-08-13 18:51:42.909258,2026-08-13 17:52:30.152236,False,0.6555865,44.846950766666666,59.21261703333333,24.915154299999998,27.502537266666664,-2.5873829666666666,True,True,True,
O00545,C0030,R014,2026-08-24 20:54:00,2026-08-24 22:13:34.697384,delivered,high,clear,D014,D014,2026-08-24 20:54:25.971444,,2026-08-24 21:12:00,eta-v3.1,2026-08-24 22:09:00.757942,2026-08-24 21:12:08.261553,False,0.4328574,17.70483515,56.87493981666667,-4.565657366666667,0.13769255,-4.703349916666666,False,False,True,
O00546,C0804,R054,2026-08-10 12:56:00,2026-08-10 14:15:48.000000,delivered,high,clear,D027,D027,2026-08-10 12:56:33.051761,,2026-08-10 13:14:00,eta-v3.2,2026-08-10 14:29:18.720959,2026-08-10 13:34:45.308038,False,0.5508626833333333,38.204271283333334,54.55688201666667,13.512015983333333,20.755133966666666,-7.243117983333333,True,True,True,
O00547,C0186,R022,2026-08-08 12:18:00,2026-08-08 13:12:16.482329,delivered,medium,clear,D027,D027,2026-08-08 12:18:58.585148,,2026-08-08 12:36:00,eta-v3.2,2026-08-08 13:27:12.771378,2026-08-08 12:57:18.723239,False,0.9764191333333333,38.33563485,29.900802316666667,14.938150816666667,21.312053983333332,-6.373903166666665,True,True,True,
O00548,C0886,R024,2026-08-04 15:31:00,2026-08-04 16:53:18.000000,delivered,high,rain,D113,D113,2026-08-04 15:32:48.159472,,2026-08-04 15:49:00,eta-v3.1,2026-08-04 16:56:33.349995,2026-08-04 15:57:01.438598,False,1.8026578666666666,24.221318766666666,59.531856616666666,3.2558332500000002,8.023976633333334,-4.768143383333333,True,False,True,
O00549,C0245,R010,2026-08-26 23:52:00,2026-08-27 01:04:48.000000,delivered,low,clear,D073,D073,2026-08-26 23:53:48.066020,,2026-08-27 00:10:00,eta-v3.2,2026-08-27 00:49:14.246949,2026-08-27 00:07:05.718153,False,1.8011003333333333,13.294202216666667,42.142146600000004,-15.562550850000001,-2.90469745,-12.6578534,False,False,True,
O00550,C0638,R043,2026-08-26 22:58:00,2026-08-27 00:02:15.399314,delivered,medium,clear,D013,D013,2026-08-26 22:59:30.693854,,2026-08-26 23:16:00,eta-v3.2,2026-08-26 23:58:31.592815,2026-08-26 23:22:58.205426,False,1.5115642333333335,23.458526199999998,35.556456483333335,-3.7301083166666666,6.970090433333334,-10.70019875,False,False,True,
O00551,C0262,R031,2026-08-28 11:35:00,2026-08-28 12:26:17.600872,delivered,medium,clear,D046,D046,2026-08-28 11:36:38.148152,,2026-08-28 11:53:00,eta-v3.2,2026-08-28 12:38:02.209787,2026-08-28 12:15:35.806491,False,1.6358025333333333,38.96097231666667,22.440054933333332,11.743481916666667,22.59677485,-10.853292933333332,True,True,True,
O00552,C0509,R027,2026-08-23 13:46:00,2026-08-23 15:04:05.694018,delivered,low,heavy_rain,D112,D112,2026-08-23 13:47:35.937582,,2026-08-23 14:04:00,eta-v3.1,2026-08-23 15:00:05.809129,2026-08-23 14:01:11.507940,False,1.5989597000000002,13.592839300000001,58.905019816666666,-3.998081483333333,-2.808201,-1.189880483333333,False,False,True,
O00553,C0398,R025,2026-08-14 13:11:00,2026-08-14 14:26:36.000000,delivered,medium,clear,D111,D111,2026-08-14 13:14:01.458310,,2026-08-14 13:29:00,eta-v3.1,2026-08-14 14:26:41.202511,2026-08-14 13:32:54.652815,False,3.0243051666666667,18.886575083333334,53.775828266666664,0.08670851666666667,3.91088025,-3.8241717333333334,True,False,True,
O00554,C0172,R057,2026-08-06 18:00:00,2026-08-06 19:03:28.549685,delivered,medium,clear,D106,D106,2026-08-06 18:06:29.010847,,2026-08-06 18:18:00,eta-v3.2,2026-08-06 19:03:02.191603,2026-08-06 18:28:45.229545,False,6.483514116666667,22.270311633333332,34.28270096666667,-0.43930136666666664,10.75382575,-11.193127116666668,False,False,True,
O00555,C0455,R031,2026-08-24 14:39:00,2026-08-24 15:44:09.798382,delivered,low,clear,D061,D061,2026-08-24 14:43:57.022495,,2026-08-24 14:57:00,eta-v3.2,2026-08-24 15:51:09.292316,2026-08-24 15:12:04.550171,False,4.950374916666666,28.125461266666665,39.07903575,6.991565566666667,15.075836183333333,-8.084270616666666,True,False,True,
O00556,C0325,R003,2026-08-04 12:23:00,2026-08-04 13:41:06.000000,delivered,medium,rain,D016,D016,2026-08-04 12:23:18.915386,,2026-08-04 12:41:00,eta-v3.2,2026-08-04 13:57:53.064292,2026-08-04 13:00:26.283813,False,0.31525643333333336,37.122807116666664,57.44634131666667,16.784404866666666,19.43806355,-2.653658683333333,True,True,True,
O00557,C0751,R029,2026-08-19 18:36:00,2026-08-19 19:43:04.203413,delivered,severe,clear,D078,D078,2026-08-19 18:39:22.962100,,2026-08-19 18:54:00,eta-v3.1,2026-08-19 19:58:04.366853,2026-08-19 19:19:10.589133,False,3.3827016666666667,39.79378388333334,38.896295333333335,15.002724,25.17648555,-10.173761549999998,True,True,True,
O00558,C0391,R054,2026-08-24 18:32:00,2026-08-24 19:51:48.000000,delivered,high,clear,D034,D034,2026-08-24 18:38:40.558340,,2026-08-24 18:50:00,eta-v3.1,2026-08-24 19:50:28.349175,2026-08-24 18:55:29.919368,False,6.675972333333333,16.8226838,54.97383011666667,-1.32751375,5.498656133333333,-6.826169883333334,False,False,True,
O00559,C0058,R033,2026-08-23 14:13:00,2026-08-23 15:32:48.000000,delivered,high,clear,D011,D011,2026-08-23 14:14:30.466631,,2026-08-23 14:31:00,eta-v3.2,2026-08-23 15:44:54.960918,2026-08-23 14:53:18.973648,False,1.5077771833333335,38.80845028333333,51.59978783333334,12.116015299999999,22.316227466666664,-10.200212166666665,True,True,True,
O00560,C0826,R005,2026-08-14 11:45:00,2026-08-14 13:04:48.000000,delivered,high,clear,D088,D088,2026-08-14 11:46:35.224022,,2026-08-14 12:03:00,eta-v3.2,2026-08-14 12:58:54.609834,2026-08-14 12:00:44.946851,False,1.5870670333333334,14.162047150000001,58.16104971666667,-5.8898361,-2.2508858166666665,-3.6389502833333336,False,False,True,
O00561,C0425,R040,2026-08-18 21:51:00,2026-08-18 23:03:26.147596,delivered,high,clear,D118,D118,2026-08-18 21:56:01.617283,,2026-08-18 22:09:00,eta-v3.1,2026-08-18 23:21:02.274774,2026-08-18 22:28:50.563270,False,5.026954716666666,32.81576645,52.19519173333333,17.602119633333334,19.842721166666667,-2.240601533333333,True,True,True,
O00562,C0897,R014,2026-08-05 22:36:00,2026-08-05 23:46:03.450941,delivered,medium,clear,D119,D119,2026-08-05 22:37:58.826090,,2026-08-05 22:54:00,eta-v3.2,2026-08-05 23:50:42.831947,2026-08-05 23:05:51.717309,False,1.9804348333333333,27.88152031666667,44.85191063333333,4.6563501,11.86195515,-7.20560505,True,False,True,
O00563,C0231,R014,2026-08-21 12:50:00,2026-08-21 14:08:06.000000,delivered,medium,rain,D071,D071,2026-08-21 13:00:36.378444,,2026-08-21 13:08:00,eta-v3.2,2026-08-21 14:23:46.045714,2026-08-21 13:32:03.411847,False,10.606307399999999,31.450556716666664,51.71056445,15.667428566666667,24.056864116666667,-8.38943555,True,True,True,
O00564,C0394,R060,2026-08-18 21:29:00,2026-08-18 22:34:35.213517,delivered,low,clear,D045,D006,2026-08-18 21:29:18.255053,2026-08-18 21:38:16.759110,2026-08-18 21:47:00,eta-v3.2,2026-08-18 22:54:54.726945,2026-08-18 22:13:49.911829,True,0.30425088333333333,44.52761293333333,41.08025193333334,20.3252238,26.831863816666665,-6.506640016666665,True,True,True,
O00565,C0143,R023,2026-08-07 16:02:00,2026-08-07 17:27:24.000000,delivered,severe,clear,D073,D073,2026-08-07 16:04:19.462356,,2026-08-07 16:20:00,eta-v3.1,2026-08-07 17:53:38.229136,2026-08-07 16:45:28.733138,False,2.3243726,41.15451303333334,68.15826663333333,26.237152266666666,25.478885633333334,0.7582666333333314,True,True,True,
O00566,C0857,R015,2026-08-10 21:28:00,2026-08-10 22:47:48.000000,delivered,high,clear,D038,D038,2026-08-10 21:29:36.142817,,2026-08-10 21:46:00,eta-v3.2,2026-08-10 22:36:48.335511,2026-08-10 21:43:51.681136,False,1.6023802833333332,14.258971983333334,52.944239583333335,-10.99440815,-2.1386477333333334,-8.855760416666666,False,False,True,
O00567,C0426,R019,2026-08-23 20:44:00,2026-08-23 22:02:06.000000,delivered,medium,rain,D119,D119,2026-08-23 20:47:53.282505,,2026-08-23 21:02:00,eta-v3.1,2026-08-23 21:53:35.758674,2026-08-23 21:05:27.434456,False,3.8880417499999997,17.569199183333335,48.13873696666667,-8.5040221,3.4572409333333334,-11.961263033333333,False,False,True,
O00568,C0008,R050,2026-08-11 12:43:00,2026-08-11 13:58:36.000000,delivered,medium,clear,D025,D025,2026-08-11 12:46:00.773148,,2026-08-11 13:01:00,eta-v3.1,2026-08-11 14:11:01.696364,2026-08-11 13:20:23.122966,False,3.0128858,34.37249696666667,50.642889966666665,12.428272733333333,19.385382766666666,-6.957110033333333,True,True,True,
O00569,C0655,R021,2026-08-13 14:13:00,2026-08-13 15:44:24.000000,cancelled,severe,heavy_rain,D082,D082,2026-08-13 14:15:45.712442,,2026-08-13 14:31:00,eta-v3.1,,,False,2.7618740333333336,,,,,,False,False,False,cancelled
O00570,C0579,R034,2026-08-23 18:29:00,2026-08-23 19:44:36.000000,delivered,medium,clear,D059,D059,2026-08-23 18:29:11.371454,,2026-08-23 18:47:00,eta-v3.2,2026-08-23 19:40:30.359754,2026-08-23 18:57:55.178669,False,0.18952423333333332,28.730120250000002,42.586351416666666,-4.0940041,10.919644483333334,-15.013648583333335,False,False,True,
O00571,C0189,R038,2026-08-10 21:44:00,2026-08-10 23:00:33.341558,delivered,high,clear,D068,D068,2026-08-10 21:44:38.683518,,2026-08-10 22:02:00,eta-v3.1,2026-08-10 22:56:51.582778,2026-08-10 22:06:50.893028,False,0.6447253,22.20349183333333,50.011495833333335,-3.6959796666666667,4.848217133333334,-8.5441968,False,False,True,
O00572,C0633,R004,2026-08-16 20:39:00,2026-08-16 22:04:24.000000,cancelled,severe,clear,D070,D070,2026-08-16 20:42:37.624498,,2026-08-16 20:57:00,eta-v3.2,,,False,3.6270749666666666,,,,,,False,False,False,cancelled
O00573,C0274,R019,2026-08-07 14:29:00,2026-08-07 15:44:36.000000,delivered,medium,clear,D081,D081,2026-08-07 14:30:07.146627,,2026-08-07 14:47:00,eta-v3.2,2026-08-07 15:37:03.177501,2026-08-07 14:47:40.652836,False,1.11911045,17.558436816666664,49.37541108333333,-7.54704165,0.6775472666666666,-8.224588916666667,False,False,True,
O00574,C0551,R045,2026-08-10 21:50:00,2026-08-10 23:09:48.000000,delivered,high,clear,D033,D033,2026-08-10 21:52:56.858108,,2026-08-10 22:08:00,eta-v3.2,2026-08-10 23:39:42.075043,2026-08-10 22:43:50.139209,False,2.9476351333333333,50.88801835,55.86559723333333,29.901250716666667,35.83565348333333,-5.934402766666665,True,True,True,
O00575,C0327,R059,2026-08-26 22:27:00,2026-08-26 23:18:06.086773,delivered,low,clear,D062,D062,2026-08-26 22:27:14.091217,,2026-08-26 22:45:00,eta-v3.1,2026-08-26 23:14:35.812322,2026-08-26 22:49:18.059041,False,0.23485361666666668,22.066130400000002,25.295888016666666,-3.5045741833333333,4.300984016666666,-7.805558199999999,False,False,True,
O00576,C0064,R033,2026-08-27 20:58:00,2026-08-27 22:13:36.000000,delivered,medium,clear,D063,D063,2026-08-27 21:01:03.250268,,2026-08-27 21:16:00,eta-v3.1,2026-08-27 21:51:27.110822,2026-08-27 21:06:40.753343,False,3.0541711333333335,5.62505125,44.77262465,-22.148152966666665,-9.320777616666668,-12.827375349999997,False,False,True,
O00577,C0898,R007,2026-08-24 13:29:00,2026-08-24 14:48:48.000000,delivered,high,clear,D017,D017,2026-08-24 13:32:49.042908,,2026-08-24 13:47:00,eta-v3.2,2026-08-24 14:56:02.387591,2026-08-24 14:00:11.775971,False,3.8173818,27.378884383333332,55.843527,7.239793183333333,13.196266183333334,-5.956473000000001,True,False,True,
O00578,C0789,R004,2026-08-21 11:37:00,2026-08-21 12:56:48.000000,delivered,high,clear,D065,D065,2026-08-21 11:39:38.578130,,2026-08-21 11:55:00,eta-v3.1,2026-08-21 13:05:34.778572,2026-08-21 12:07:04.509196,False,2.642968833333333,27.432184433333337,58.50448960000001,8.779642866666668,12.075153266666666,-3.2955103999999977,True,False,True,
O00579,C0541,R013,2026-08-14 12:40:00,2026-08-14 13:36:46.357991,delivered,low,clear,D087,D087,2026-08-14 12:41:08.917887,,2026-08-14 12:58:00,eta-v3.1,2026-08-14 13:43:03.828669,2026-08-14 13:12:08.500404,False,1.1486314499999999,30.993041950000002,30.92213775,6.291177966666667,14.1416734,-7.850495433333333,True,False,True,
O00580,C0780,R059,2026-08-12 18:39:00,2026-08-12 19:54:36.000000,delivered,medium,clear,D090,D090,2026-08-12 18:43:08.264960,,2026-08-12 18:57:00,eta-v3.1,2026-08-12 19:58:13.239126,2026-08-12 19:09:58.918143,False,4.137749333333334,26.844219716666665,48.23868305,3.6206521,12.98196905,-9.361316949999999,True,False,True,
O00581,C0537,R023,2026-08-24 19:08:00,2026-08-24 19:48:25.867269,delivered,medium,clear,D001,D001,2026-08-24 19:12:02.061732,,2026-08-24 19:26:00,eta-v3.2,2026-08-24 19:51:39.594852,2026-08-24 19:37:35.329796,False,4.0343622,25.554467733333336,14.071084266666666,3.22879305,11.588829933333333,-8.360036883333333,True,False,True,
O00582,C0547,R001,2026-08-13 12:50:00,2026-08-13 14:04:44.067480,delivered,high,clear,D027,D027,2026-08-13 12:51:19.324272,,2026-08-13 13:08:00,eta-v3.2,2026-08-13 14:05:53.849772,2026-08-13 13:12:56.484126,False,1.3220712,21.6193309,52.9560941,1.1630382,4.9414021,-3.7783639000000004,True,False,True,
O00583,C0244,R004,2026-08-19 17:57:00,2026-08-19 19:16:48.000000,delivered,high,clear,D058,D058,2026-08-19 18:03:47.803627,,2026-08-19 18:15:00,eta-v3.2,2026-08-19 19:25:31.004172,2026-08-19 18:30:59.304380,False,6.796727116666667,27.191679216666667,54.52832986666667,8.716736200000001,15.988406333333334,-7.271670133333332,True,False,True,
O00584,C0107,R014,2026-08-26 13:15:00,2026-08-26 14:27:48.000000,delivered,low,clear,D043,D107,2026-08-26 13:23:38.702633,2026-08-26 13:27:08.487052,2026-08-26 13:33:00,eta-v3.2,2026-08-26 14:12:35.173953,2026-08-26 13:30:32.154029,True,8.645043883333333,6.8908566,42.05033206666667,-15.21376745,-2.4640995166666664,-12.749667933333335,False,False,True,
O00585,C0096,R042,2026-08-17 14:35:00,2026-08-17 15:50:36.000000,delivered,medium,clear,D076,D076,2026-08-17 14:35:12.600527,,2026-08-17 14:53:00,eta-v3.2,2026-08-17 15:43:32.651260,2026-08-17 14:52:52.598199,False,0.21000878333333334,17.666627866666666,50.66755101666667,-7.055812333333334,-0.12336335,-6.932448983333334,False,False,True,
O00586,C0894,R044,2026-08-09 17:07:00,2026-08-09 18:14:40.537771,cancelled,medium,clear,D102,D071,2026-08-09 17:10:07.648088,2026-08-09 17:18:07.211376,2026-08-09 17:25:00,eta-v3.1,,,True,3.127468133333333,,,,,,False,False,False,cancelled
O00587,C0036,R041,2026-08-15 16:53:00,2026-08-15 17:59:18.975325,delivered,severe,clear,D069,D069,2026-08-15 16:58:12.923553,,2026-08-15 17:11:00,eta-v3.2,2026-08-15 18:16:12.505591,2026-08-15 17:28:22.841664,False,5.215392550000001,30.16530185,47.82773211666667,16.8921711,17.3806944,-0.48852330000000066,True,True,True,
O00588,C0740,R060,2026-08-16 19:25:00,2026-08-16 20:23:27.118820,delivered,medium,heavy_rain,D102,D102,2026-08-16 19:25:04.464880,,2026-08-16 19:43:00,eta-v3.1,2026-08-16 20:26:42.890591,2026-08-16 19:47:23.902976,False,0.07441466666666667,22.323968266666668,39.31646025,3.26286285,4.398382933333334,-1.135520083333334,True,False,True,
O00589,C0131,R008,2026-08-11 21:46:00,2026-08-11 22:48:29.456363,delivered,medium,clear,D040,D040,2026-08-11 21:46:13.799956,,2026-08-11 22:04:00,eta-v3.1,2026-08-11 22:51:28.197529,2026-08-11 22:13:15.837370,False,0.22999926666666667,27.0339569,38.206002649999995,2.9790194333333333,9.263956166666667,-6.284936733333334,True,False,True,
O00590,C0539,R034,2026-08-03 15:44:00,2026-08-03 17:06:18.000000,delivered,high,rain,D027,D027,2026-08-03 15:44:44.573697,,2026-08-03 16:02:00,eta-v3.1,2026-08-03 17:14:50.572525,2026-08-03 16:14:52.442083,False,0.74289495,30.131139766666667,59.9688407,8.542875416666668,12.874034716666667,-4.3311592999999995,True,False,True,
O00591,C0799,R060,2026-08-16 23:20:00,2026-08-17 00:39:48.000000,delivered,high,clear,D016,D016,2026-08-16 23:21:04.721106,,2026-08-16 23:38:00,eta-v3.1,2026-08-17 00:56:26.421266,2026-08-17 00:01:40.686745,False,1.0786851000000002,40.59942731666667,54.76224201666666,16.640354433333332,23.678112416666668,-7.037757983333336,True,True,True,
O00592,C0378,R024,2026-08-01 19:29:00,2026-08-01 20:48:48.000000,delivered,high,clear,D084,D084,2026-08-01 19:29:11.959748,,2026-08-01 19:47:00,eta-v3.2,2026-08-01 21:00:57.728203,2026-08-01 20:06:57.820186,False,0.19932913333333332,37.76434063333333,53.99846695,12.162136716666668,19.963669766666666,-7.801533049999998,True,True,True,
O00593,C0854,R017,2026-08-12 17:28:00,2026-08-12 18:44:04.783392,delivered,high,clear,D079,D079,2026-08-12 17:31:38.979771,,2026-08-12 17:46:00,eta-v3.1,2026-08-12 18:52:18.250394,2026-08-12 17:58:43.163694,False,3.64966285,27.069732050000002,53.58477833333333,8.224450033333333,12.7193949,-4.494944866666666,True,False,True,
O00594,C0833,R036,2026-08-15 13:01:00,2026-08-15 14:16:36.000000,delivered,medium,clear,D092,D092,2026-08-15 13:01:28.491553,,2026-08-15 13:19:00,eta-v3.2,2026-08-15 14:17:47.752027,2026-08-15 13:31:04.239079,False,0.47485921666666664,29.5957921,46.7252158,1.1958671166666666,12.070651316666666,-10.874784199999999,True,False,True,
O00595,C0813,R034,2026-08-24 22:12:00,2026-08-24 23:04:17.325140,delivered,medium,clear,D117,D117,2026-08-24 22:22:31.229458,,2026-08-24 22:30:00,eta-v3.1,2026-08-24 22:52:02.200041,2026-08-24 22:29:45.638022,False,10.520490966666667,7.240142733333333,22.27603365,-12.252084983333333,-0.2393663,-12.012718683333333,False,False,True,
O00596,C0241,R001,2026-08-08 12:06:00,2026-08-08 13:24:06.000000,delivered,medium,rain,D046,D046,2026-08-08 12:07:14.579830,,2026-08-08 12:24:00,eta-v3.2,2026-08-08 13:30:38.018411,2026-08-08 12:31:11.137044,False,1.2429971666666666,23.942620233333333,59.448022783333336,6.5336401833333335,7.1856174,-0.6519772166666664,True,False,True,
O00597,C0060,R030,2026-08-20 16:00:00,2026-08-20 16:54:05.731215,delivered,low,clear,D100,D100,2026-08-20 16:00:52.656527,,2026-08-20 16:18:00,eta-v3.2,2026-08-20 16:49:10.321084,2026-08-20 16:22:17.123891,False,0.8776087833333333,21.407789400000002,26.88661988333333,-4.923502183333333,4.285398183333333,-9.208900366666665,False,False,True,
O00598,C0700,R047,2026-08-01 19:27:00,2026-08-01 20:42:36.000000,delivered,medium,clear,D076,D076,2026-08-01 19:27:02.104045,,2026-08-01 19:45:00,eta-v3.1,2026-08-01 20:53:03.060462,2026-08-01 20:05:44.371823,False,0.03506741666666667,38.70446296666667,47.31147731666667,10.4510077,20.73953038333333,-10.288522683333332,True,True,True,
O00599,C0293,R051,2026-08-22 23:53:00,2026-08-23 00:50:08.290900,delivered,medium,clear,D097,D097,2026-08-22 23:53:11.287910,,2026-08-23 00:11:00,eta-v3.2,2026-08-23 00:54:50.763107,2026-08-23 00:20:58.581095,False,0.18813183333333333,27.78821975,33.8697002,4.707870116666667,9.976351583333333,-5.268481466666666,True,False,True,
O00600,C0458,R023,2026-08-10 19:57:00,2026-08-10 21:07:04.545520,delivered,medium,clear,D042,D042,2026-08-10 19:57:55.679506,,2026-08-10 20:15:00,eta-v3.1,2026-08-10 21:11:55.323320,2026-08-10 20:23:20.912298,False,0.9279917666666667,25.420546533333333,48.57351703333333,4.8462966666666665,8.3485383,-3.502241633333333,True,False,True,
O00601,C0079,R027,2026-08-24 19:27:00,2026-08-24 20:42:36.000000,delivered,medium,clear,D106,D106,2026-08-24 19:32:30.291278,,2026-08-24 19:45:00,eta-v3.2,2026-08-24 20:35:50.570682,2026-08-24 19:48:01.197751,False,5.504854633333333,15.515107883333334,47.822882183333334,-6.7571553,3.019962516666667,-9.777117816666667,False,False,True,
O00602,C0556,R047,2026-08-13 19:17:00,2026-08-13 20:04:55.259090,delivered,medium,clear,D063,D063,2026-08-13 19:25:06.996699,,2026-08-13 19:35:00,eta-v3.2,2026-08-13 20:05:13.933308,2026-08-13 19:39:30.938345,False,8.11661165,14.399027433333334,25.716582716666668,0.31123696666666667,4.515639083333334,-4.204402116666667,True,False,True,
O00603,C0367,R011,2026-08-15 19:33:00,2026-08-15 20:58:24.000000,delivered,severe,clear,D006,D027,2026-08-15 19:35:09.376516,2026-08-15 19:38:40.653143,2026-08-15 19:51:00,eta-v3.1,2026-08-15 21:05:30.932046,2026-08-15 20:00:44.328039,True,2.156275266666667,25.582525383333333,64.77673345,7.1155341000000005,9.73880065,-2.6232665499999994,True,False,True,
O00604,C0250,R011,2026-08-05 17:18:00,2026-08-05 18:34:24.500458,delivered,high,clear,D046,D046,2026-08-05 17:18:18.910868,,2026-08-05 17:36:00,eta-v3.1,2026-08-05 18:36:12.749189,2026-08-05 17:49:04.110704,False,0.31518113333333336,30.7533306,47.14397475,1.8041455166666667,13.068511733333334,-11.264366216666668,True,False,True,
O00605,C0478,R004,2026-08-12 15:43:00,2026-08-12 16:38:34.864652,delivered,high,clear,D098,D098,2026-08-12 15:44:25.390779,,2026-08-12 16:01:00,eta-v3.2,2026-08-12 16:55:22.569694,2026-08-12 16:27:11.137214,False,1.42317965,42.76244058333334,28.190541333333332,16.795084033333335,26.185620233333335,-9.3905362,True,True,True,
O00606,C0754,R037,2026-08-18 14:19:00,2026-08-18 15:16:23.430265,delivered,low,clear,D101,D101,2026-08-18 14:19:11.421593,,2026-08-18 14:37:00,eta-v3.1,2026-08-18 15:06:55.815908,2026-08-18 14:32:19.635774,False,0.19035988333333334,13.136903016666668,34.603002233333335,-9.460239283333333,-4.6727371,-4.787502183333333,False,False,True,
O00607,C0569,R058,2026-08-15 17:26:00,2026-08-15 18:44:06.000000,delivered,medium,rain,D060,D060,2026-08-15 17:26:35.328504,,2026-08-15 17:44:00,eta-v3.2,2026-08-15 19:11:44.274885,2026-08-15 18:20:45.520284,False,0.5888084,54.169863,50.979243350000004,27.63791475,36.758671400000004,-9.120756650000004,True,True,True,
O00608,C0752,R050,2026-08-15 20:55:00,2026-08-15 22:07:28.291902,delivered,medium,rain,D054,D054,2026-08-15 20:56:54.483099,,2026-08-15 21:13:00,eta-v3.2,2026-08-15 22:09:16.438376,2026-08-15 21:16:49.772473,False,1.90805165,19.921489566666665,52.44443171666667,1.8024412333333333,3.8295412166666667,-2.0270999833333336,True,False,True,
O00609,C0292,R008,2026-08-17 20:03:00,2026-08-17 21:22:48.000000,delivered,high,clear,D016,D016,2026-08-17 20:11:50.503220,,2026-08-17 20:21:00,eta-v3.1,2026-08-17 21:16:46.379657,2026-08-17 20:22:18.717350,False,8.841720333333335,10.4702355,54.461038450000004,-6.027005716666666,1.3119558333333332,-7.33896155,False,False,True,
O00610,C0223,R043,2026-08-07 12:00:00,2026-08-07 13:05:07.672479,delivered,low,rain,D109,D109,2026-08-07 12:09:57.594015,,2026-08-07 12:18:00,eta-v3.2,2026-08-07 13:09:45.420881,2026-08-07 12:28:35.515707,False,9.95990025,18.632028199999997,41.165086233333334,4.629140033333333,10.591928450000001,-5.962788416666668,True,False,True,
O00611,C0655,R054,2026-08-06 20:53:00,2026-08-06 22:12:48.000000,delivered,high,clear,D092,D092,2026-08-06 20:55:13.602376,,2026-08-06 21:11:00,eta-v3.1,2026-08-06 22:14:48.127885,2026-08-06 21:13:48.517351,False,2.2267062666666666,18.58191625,60.9935089,2.002131416666667,2.8086225166666665,-0.8064910999999997,True,False,True,
O00612,C0519,R012,2026-08-16 18:18:00,2026-08-16 19:30:40.546638,delivered,high,heavy_rain,D017,D017,2026-08-16 18:24:44.646648,,2026-08-16 18:36:00,eta-v3.2,2026-08-16 19:27:32.641399,2026-08-16 18:37:26.129406,False,6.7441108000000005,12.6913793,50.108533216666665,-3.131753983333333,1.4354901,-4.567244083333334,False,False,True,
O00613,C0641,R023,2026-08-01 19:02:00,2026-08-01 20:09:11.598125,delivered,high,rain,D065,D065,2026-08-01 19:10:52.398147,,2026-08-01 19:20:00,eta-v3.2,2026-08-01 20:36:22.506994,2026-08-01 19:52:12.737815,False,8.87330245,41.33899446666667,44.162819649999996,27.181814483333333,32.212296916666666,-5.030482433333333,True,True,True,
O00614,C0252,R026,2026-08-12 22:33:00,2026-08-12 23:46:10.415811,delivered,medium,clear,D027,D027,2026-08-12 22:38:45.580148,,2026-08-12 22:51:00,eta-v3.1,2026-08-12 23:35:59.692498,2026-08-12 22:44:55.920763,False,5.759669133333333,6.172343583333333,51.062862249999995,-10.178721883333333,-6.067987283333333,-4.1107346,False,False,True,
O00615,C0486,R043,2026-08-16 19:11:00,2026-08-16 20:12:53.492482,delivered,medium,rain,D101,D101,2026-08-16 19:20:39.142574,,2026-08-16 19:29:00,eta-v3.2,2026-08-16 20:10:51.398826,2026-08-16 19:35:30.038637,False,9.652376233333333,14.848267716666667,35.35600315,-2.0348942666666665,6.50064395,-8.535538216666666,False,False,True,
O00616,C0501,R046,2026-08-16 22:30:00,2026-08-16 23:32:34.279011,delivered,medium,clear,D004,D004,2026-08-16 22:30:07.773679,,2026-08-16 22:48:00,eta-v3.2,2026-08-16 23:26:12.055837,2026-08-16 22:46:59.821465,False,0.12956131666666665,16.8674631,39.2039062,-6.370386233333333,-1.0029755833333334,-5.36741065,False,False,True,
O00617,C0638,R010,2026-08-15 20:38:00,2026-08-15 21:57:48.000000,delivered,high,clear,D101,D101,2026-08-15 20:40:26.275773,,2026-08-15 20:56:00,eta-v3.1,2026-08-15 21:50:07.455398,2026-08-15 20:57:55.266650,False,2.43792955,17.483181283333334,52.2031458,-7.675743366666667,1.9211108333333333,-9.5968542,False,False,True,
O00618,C0175,R047,2026-08-26 20:05:00,2026-08-26 20:47:14.184302,delivered,medium,clear,D074,D074,2026-08-26 20:07:43.448958,,2026-08-26 20:23:00,eta-v3.2,2026-08-26 20:34:36.462914,2026-08-26 20:25:48.690392,False,2.7241493,18.087357233333332,8.7962087,-12.6286898,2.8115065333333336,-15.440196333333333,False,False,True,
O00619,C0384,R017,2026-08-24 19:31:00,2026-08-24 20:43:48.000000,delivered,low,clear,D028,D028,2026-08-24 19:33:50.444358,,2026-08-24 19:49:00,eta-v3.1,2026-08-24 20:50:16.566725,2026-08-24 20:01:36.138955,False,2.8407393,27.761576616666666,48.67379616666666,6.476112083333334,12.602315916666667,-6.126203833333333,True,False,True,
O00620,C0770,R052,2026-08-16 14:38:00,2026-08-16 15:53:36.000000,delivered,medium,clear,D070,D070,2026-08-16 14:40:36.187675,,2026-08-16 14:56:00,eta-v3.1,2026-08-16 15:53:11.448940,2026-08-16 15:05:59.946835,False,2.6031279166666668,25.395986,47.19170175,-0.4091843333333333,9.999113916666666,-10.40829825,False,False,True,
O00621,C0242,R031,2026-08-17 22:32:00,2026-08-17 23:44:10.371988,delivered,medium,clear,D097,D097,2026-08-17 22:32:18.746949,,2026-08-17 22:50:00,eta-v3.1,2026-08-17 23:49:21.763184,2026-08-17 23:00:28.581700,False,0.31244915,28.163912516666667,48.886358066666666,5.189853266666666,10.476361666666666,-5.2865084,True,False,True,
O00622,C0024,R024,2026-08-24 16:48:00,2026-08-24 18:10:18.000000,delivered,high,rain,D083,D083,2026-08-24 16:55:52.792683,,2026-08-24 17:06:00,eta-v3.1,2026-08-24 18:30:23.066946,2026-08-24 17:25:12.927821,False,7.87987805,29.335585633333334,65.16898541666667,20.084449099999997,19.215463683333333,0.8689854166666642,True,True,True,
O00623,C0004,R024,2026-08-20 22:56:00,2026-08-21 00:14:06.000000,delivered,medium,rain,D088,D088,2026-08-20 22:56:19.522341,,2026-08-20 23:14:00,eta-v3.2,2026-08-21 00:29:51.744274,2026-08-20 23:33:47.444167,False,0.32537235000000003,37.46536376666666,56.07166845,15.762404566666667,19.790736116666668,-4.028331550000001,True,True,True,
O00624,C0464,R035,2026-08-26 13:38:00,2026-08-26 14:44:06.388390,delivered,high,clear,D003,D003,2026-08-26 13:39:53.658452,,2026-08-26 13:56:00,eta-v3.2,2026-08-26 14:33:23.868172,2026-08-26 13:53:18.995546,False,1.8943075333333332,13.4222849,40.08121043333333,-10.7086703,-2.683407566666667,-8.025262733333333,False,False,True,
O00625,C0183,R023,2026-08-12 17:21:00,2026-08-12 18:19:08.552886,delivered,medium,clear,D114,D114,2026-08-12 17:23:58.352039,,2026-08-12 17:39:00,eta-v3.1,2026-08-12 18:08:24.260633,2026-08-12 17:38:16.673297,False,2.9725339833333333,14.3053543,30.1264556,-10.738204216666666,-0.7221117166666667,-10.0160925,False,False,True,
O00626,C0762,R034,2026-08-02 12:08:00,2026-08-02 13:23:36.000000,delivered,medium,clear,D064,D064,2026-08-02 12:12:56.903631,,2026-08-02 12:26:00,eta-v3.2,2026-08-02 13:25:44.550368,2026-08-02 12:35:04.554678,False,4.94839385,22.127517450000003,50.666594833333335,2.1425061333333333,9.0759113,-6.933405166666667,True,False,True,
O00627,C0194,R011,2026-08-18 14:45:00,2026-08-18 16:04:48.000000,delivered,high,clear,D041,D041,2026-08-18 14:45:59.393226,,2026-08-18 15:03:00,eta-v3.2,2026-08-18 16:12:03.440002,2026-08-18 15:17:54.062957,False,0.9898871,31.91116218333333,54.15628408333334,7.257333366666667,14.901049283333332,-7.6437159166666655,True,False,True,
O00628,C0551,R008,2026-08-17 12:22:00,2026-08-17 13:41:48.000000,delivered,high,clear,D071,D071,2026-08-17 12:24:37.476072,,2026-08-17 12:40:00,eta-v3.1,2026-08-17 13:39:13.750030,2026-08-17 12:48:15.760533,False,2.6246012,23.63807435,50.966491616666666,-2.5708328333333332,8.26267555,-10.833508383333335,False,False,True,
O00629,C0336,R010,2026-08-02 23:44:00,2026-08-03 00:58:23.365798,delivered,medium,clear,D031,D031,2026-08-02 23:48:08.766107,,2026-08-03 00:02:00,eta-v3.1,2026-08-03 01:10:57.355045,2026-08-03 00:20:00.984679,False,4.146101783333333,31.870309533333334,50.9395061,12.56648745,18.016411316666666,-5.449923866666666,True,True,True,
O00630,C0348,R055,2026-08-06 19:34:00,2026-08-06 20:46:48.000000,cancelled,low,clear,D071,D071,2026-08-06 19:39:41.382069,,2026-08-06 19:52:00,eta-v3.2,,,False,5.68970115,,,,,,False,False,False,cancelled
O00631,C0549,R060,2026-08-27 22:51:00,2026-08-28 00:03:35.467488,delivered,high,clear,D031,D031,2026-08-27 22:56:47.495713,,2026-08-27 23:09:00,eta-v3.1,2026-08-28 00:14:56.052163,2026-08-27 23:22:15.176903,False,5.791595216666667,25.461353166666665,52.68125433333333,11.343077916666665,13.252948383333335,-1.9098704666666695,True,True,True,
O00632,C0869,R041,2026-08-14 18:36:00,2026-08-14 19:55:48.000000,delivered,high,clear,D080,D080,2026-08-14 18:37:15.733666,,2026-08-14 18:54:00,eta-v3.2,2026-08-14 19:58:38.397358,2026-08-14 18:58:39.719478,False,1.2622277666666666,21.39976353333333,59.97796466666667,2.8399559666666665,4.6619912999999995,-1.822035333333333,True,False,True,
O00633,C0257,R049,2026-08-13 11:17:00,2026-08-13 12:32:36.000000,delivered,medium,clear,D116,D116,2026-08-13 11:20:47.457585,,2026-08-13 11:35:00,eta-v3.2,2026-08-13 12:31:40.225124,2026-08-13 11:39:35.636729,False,3.79095975,18.802985733333333,52.07647325000001,-0.9295812666666666,4.593945483333333,-5.523526749999999,False,False,True,
O00634,C0366,R040,2026-08-02 23:30:00,2026-08-03 00:49:48.000000,delivered,high,clear,D034,D034,2026-08-02 23:31:52.628598,,2026-08-02 23:48:00,eta-v3.1,2026-08-03 00:47:43.324669,2026-08-02 23:51:08.961174,False,1.8771433,19.2722096,56.572724916666665,-2.0779221833333335,3.1493529,-5.227275083333334,False,False,True,
O00635,C0101,R015,2026-08-21 13:55:00,2026-08-21 14:52:04.560565,delivered,high,clear,D093,D053,2026-08-21 14:00:10.712605,2026-08-21 14:03:46.452622,2026-08-21 14:13:00,eta-v3.2,2026-08-21 14:54:45.250738,2026-08-21 14:24:36.863523,True,5.178543416666667,24.435848633333332,30.139786916666665,2.67816955,11.61439205,-8.9362225,True,False,True,
O00636,C0824,R050,2026-08-12 18:02:00,2026-08-12 19:13:12.502887,delivered,medium,clear,D099,D099,2026-08-12 18:02:19.736235,,2026-08-12 18:20:00,eta-v3.2,2026-08-12 19:19:25.788140,2026-08-12 18:35:59.442647,False,0.32893725,33.66177353333333,43.43909154999999,6.221420883333334,15.990710783333332,-9.769289899999999,True,False,True,
O00637,C0028,R021,2026-08-14 21:23:00,2026-08-14 22:44:36.000000,cancelled,medium,heavy_rain,D105,D105,2026-08-14 21:23:36.860464,,2026-08-14 21:41:00,eta-v3.1,,,False,0.6143410666666667,,,,,,False,False,False,cancelled
O00638,C0060,R006,2026-08-04 19:51:00,2026-08-04 21:06:36.000000,delivered,medium,clear,D039,D039,2026-08-04 19:57:55.667809,,2026-08-04 20:09:00,eta-v3.1,2026-08-04 21:01:43.274861,2026-08-04 20:14:49.024602,False,6.927796816666667,16.889279883333334,46.90417098333333,-4.878752316666667,5.8170767,-10.695829016666668,False,False,True,
O00639,C0234,R050,2026-08-03 23:14:00,2026-08-04 00:21:09.021818,delivered,medium,heavy_rain,D104,D104,2026-08-03 23:31:17.010865,,2026-08-03 23:32:00,eta-v3.1,2026-08-04 00:18:48.317911,2026-08-03 23:30:48.091672,False,17.283514416666666,-0.48198655,48.00377065,-2.3450651166666665,-1.1984721333333332,-1.1465929833333333,False,False,True,
O00640,C0022,R058,2026-08-26 20:23:00,2026-08-26 21:38:36.000000,delivered,medium,clear,D013,D013,2026-08-26 20:23:18.989331,,2026-08-26 20:41:00,eta-v3.1,2026-08-26 21:30:07.337565,2026-08-26 20:38:42.681940,False,0.31648885,15.394876816666665,51.410927083333334,-8.47770725,-2.2886343333333334,-6.1890729166666665,False,False,True,
O00641,C0796,R038,2026-08-20 14:50:00,2026-08-20 16:05:36.000000,delivered,medium,clear,D109,D109,2026-08-20 14:50:37.632574,,2026-08-20 15:08:00,eta-v3.1,2026-08-20 15:57:18.982115,2026-08-20 15:09:00.615247,False,0.6272095666666666,18.38304455,48.30611446666667,-8.283631416666667,1.0102541166666665,-9.293885533333334,False,False,True,
O00642,C0072,R035,2026-08-05 18:40:00,2026-08-05 19:37:31.653840,delivered,high,clear,D003,D003,2026-08-05 18:41:23.554088,,2026-08-05 18:58:00,eta-v3.2,2026-08-05 19:38:30.304028,2026-08-05 19:05:53.634793,False,1.3925681333333333,24.501345083333334,32.611153916666666,0.9775031333333334,7.893913216666666,-6.916410083333333,True,False,True,
O00643,C0070,R003,2026-08-06 23:08:00,2026-08-07 00:23:36.000000,delivered,medium,clear,D068,D068,2026-08-06 23:12:40.312293,,2026-08-06 23:26:00,eta-v3.2,2026-08-07 00:08:52.402038,2026-08-06 23:20:45.442877,False,4.6718715500000005,8.085509733333334,48.11598601666667,-14.726632700000001,-5.242618716666667,-9.484013983333334,False,False,True,
O00644,C0324,R047,2026-08-24 22:28:00,2026-08-24 23:53:24.000000,delivered,severe,clear,D060,D060,2026-08-24 22:30:18.093339,,2026-08-24 22:46:00,eta-v3.1,2026-08-24 23:51:29.384358,2026-08-24 22:49:09.040092,False,2.3015556499999996,18.849112549999997,62.3390711,-1.9102606999999998,3.1506681999999997,-5.0609288999999995,False,False,True,
O00645,C0754,R026,2026-08-21 18:20:00,2026-08-21 19:35:36.000000,delivered,medium,clear,D051,D051,2026-08-21 18:29:46.380976,,2026-08-21 18:38:00,eta-v3.2,2026-08-21 19:39:18.353832,2026-08-21 18:48:22.771778,False,9.773016266666668,18.606513366666665,50.92636756666666,3.7058972000000003,10.379529633333334,-6.673632433333333,True,False,True,
O00646,C0468,R011,2026-08-24 14:33:00,2026-08-24 15:30:59.032573,delivered,medium,rain,D054,D054,2026-08-24 14:34:15.955551,,2026-08-24 14:51:00,eta-v3.1,2026-08-24 15:35:12.728665,2026-08-24 14:59:56.101248,False,1.26592585,25.669094949999998,35.27712361666667,4.2282682,8.9350208,-4.706752600000001,True,False,True,
O00647,C0625,R026,2026-08-08 19:09:00,2026-08-08 20:21:48.000000,delivered,low,clear,D046,D046,2026-08-08 19:20:24.599126,,2026-08-08 19:27:00,eta-v3.1,2026-08-08 20:04:15.319432,2026-08-08 19:19:16.791586,False,11.409985433333333,-1.1301256666666668,44.975464099999996,-17.544676133333333,-7.720140233333334,-9.824535899999999,False,False,True,
O00648,C0724,R004,2026-08-19 17:28:00,2026-08-19 18:26:08.386830,delivered,medium,rain,D032,D032,2026-08-19 17:28:24.600303,,2026-08-19 17:46:00,eta-v3.2,2026-08-19 18:16:49.536337,2026-08-19 17:41:51.630248,False,0.41000505,13.450499083333334,34.965101483333335,-9.314174883333333,-4.139495866666667,-5.1746790166666665,False,False,True,
O00649,C0501,R031,2026-08-24 19:22:00,2026-08-24 20:36:47.203577,delivered,high,clear,D071,D071,2026-08-24 19:26:42.461576,,2026-08-24 19:40:00,eta-v3.1,2026-08-24 20:49:29.507619,2026-08-24 19:59:36.956736,False,4.707692933333333,32.90825266666666,49.875848049999995,12.705067366666666,19.6159456,-6.910878233333333,True,True,True,
O00650,C0580,R032,2026-08-17 16:53:00,2026-08-17 18:10:29.356299,delivered,medium,rain,D088,D088,2026-08-17 16:53:11.230203,,2026-08-17 17:11:00,eta-v3.1,2026-08-17 18:13:15.799996,2026-08-17 17:21:13.690684,False,0.18717005,28.04100801666667,52.0351552,2.7740616166666663,10.228178066666667,-7.454116450000001,True,False,True,
O00651,C0388,R046,2026-08-05 14:56:00,2026-08-05 16:04:05.562796,delivered,low,clear,D063,D063,2026-08-05 14:58:18.225137,,2026-08-05 15:14:00,eta-v3.1,2026-08-05 16:05:44.614900,2026-08-05 15:22:25.910520,False,2.303752283333333,24.12808971666667,43.31173966666667,1.6508684,8.431842,-6.780973599999999,True,False,True,
O00652,C0313,R018,2026-08-17 19:11:00,2026-08-17 20:33:18.000000,delivered,high,rain,D070,D070,2026-08-17 19:11:50.444144,,2026-08-17 19:29:00,eta-v3.2,2026-08-17 20:37:19.431933,2026-08-17 19:34:54.444886,False,0.8407357333333334,23.066679033333333,62.41645078333333,4.02386555,5.907414766666666,-1.8835492166666663,True,False,True,
O00653,C0004,R027,2026-08-10 17:28:00,2026-08-10 18:43:36.000000,delivered,medium,clear,D031,D031,2026-08-10 17:36:12.364268,,2026-08-10 17:46:00,eta-v3.2,2026-08-10 18:56:20.354889,2026-08-10 18:06:28.179613,False,8.206071133333333,30.263589083333333,49.869587933333335,12.73924815,20.469660216666668,-7.730412066666668,True,True,True,
O00654,C0355,R046,2026-08-28 20:03:00,2026-08-28 21:18:36.000000,delivered,medium,clear,D021,D021,2026-08-28 20:15:02.969623,,2026-08-28 20:21:00,eta-v3.1,2026-08-28 21:05:27.717699,2026-08-28 20:14:31.841459,False,12.049493716666666,-0.5188027333333334,50.93127066666667,-13.138038349999999,-6.469309016666667,-6.6687293333333315,False,False,True,
O00655,C0087,R036,2026-08-14 14:56:00,2026-08-14 16:00:05.737524,delivered,low,clear,D040,D040,2026-08-14 14:56:54.004442,,2026-08-14 15:14:00,eta-v3.1,2026-08-14 15:51:45.158735,2026-08-14 15:14:10.315476,False,0.9000740333333332,17.271850566666668,37.580720983333336,-8.342979816666666,0.1719246,-8.514904416666667,False,False,True,
O00656,C0601,R008,2026-08-23 16:22:00,2026-08-23 17:20:22.945690,delivered,high,clear,D102,D102,2026-08-23 16:25:31.012195,,2026-08-23 16:40:00,eta-v3.2,2026-08-23 17:21:18.254018,2026-08-23 16:47:40.409195,False,3.5168699166666664,22.156616666666665,33.63074705,0.9218054666666667,7.673486583333333,-6.751681116666666,True,False,True,
O00657,C0423,R007,2026-08-14 14:46:00,2026-08-14 16:01:36.000000,delivered,medium,clear,D059,D059,2026-08-14 14:49:01.213376,,2026-08-14 15:04:00,eta-v3.1,2026-08-14 15:51:16.486355,2026-08-14 15:02:40.004540,False,3.0202229333333337,13.646519399999999,48.60803025,-10.325227416666667,-1.3332576666666667,-8.99196975,False,False,True,
O00658,C0571,R027,2026-08-24 12:50:00,2026-08-24 13:52:18.432766,delivered,medium,clear,D062,D062,2026-08-24 12:51:27.329208,,2026-08-24 13:08:00,eta-v3.2,2026-08-24 13:50:56.507933,2026-08-24 13:16:36.238801,False,1.4554867999999999,25.14849321666667,34.337818866666666,-1.3654138833333334,8.603980016666666,-9.9693939,False,False,True,
O00659,C0459,R025,2026-08-27 19:19:00,2026-08-27 20:14:31.204656,delivered,high,clear,D067,D067,2026-08-27 19:24:07.506618,,2026-08-27 19:37:00,eta-v3.2,2026-08-27 20:08:59.514658,2026-08-27 19:39:02.553680,False,5.1251103,14.917451033333332,29.949349633333334,-5.528166633333333,2.0425613333333335,-7.5707279666666665,False,False,True,
O00660,C0512,R049,2026-08-18 18:24:00,2026-08-18 19:06:37.574738,delivered,low,clear,D075,D075,2026-08-18 18:26:11.543827,,2026-08-18 18:42:00,eta-v3.1,2026-08-18 18:51:08.724287,2026-08-18 18:38:39.443772,False,2.1923971166666667,12.464999083333334,12.488008583333334,-15.48084085,-3.3426038,-12.13823705,False,False,True,
O00661,C0302,R040,2026-08-10 16:51:00,2026-08-10 18:10:48.000000,delivered,high,clear,D004,D004,2026-08-10 16:53:09.625759,,2026-08-10 17:09:00,eta-v3.2,2026-08-10 18:01:25.931589,2026-08-10 17:09:12.204981,False,2.1604293166666664,16.042987033333333,52.2287768,-9.36780685,0.20341635,-9.571223199999999,False,False,True,
O00662,C0597,R012,2026-08-14 16:21:00,2026-08-14 17:27:05.279303,delivered,high,clear,D035,D035,2026-08-14 16:21:46.747725,,2026-08-14 16:39:00,eta-v3.2,2026-08-14 17:14:28.554403,2026-08-14 16:33:39.162031,False,0.77912875,11.873571766666666,40.823206199999994,-12.612081666666667,-5.347299483333333,-7.264782183333334,False,False,True,
O00663,C0062,R025,2026-08-18 21:46:00,2026-08-18 22:58:48.000000,delivered,low,clear,D041,D041,2026-08-18 21:52:40.490469,,2026-08-18 22:04:00,eta-v3.1,2026-08-18 22:54:30.736366,2026-08-18 22:10:33.073355,False,6.674841150000001,17.876381433333332,43.961050183333334,-4.287727233333333,6.551222583333333,-10.838949816666666,False,False,True,
O00664,C0807,R025,2026-08-06 19:33:00,2026-08-06 20:24:30.499027,delivered,medium,clear,D109,D109,2026-08-06 19:33:39.828008,,2026-08-06 19:51:00,eta-v3.2,2026-08-06 20:16:01.047215,2026-08-06 19:53:10.277990,False,0.6638001333333333,19.5074997,22.84615375,-8.490863533333334,2.1712998333333333,-10.662163366666668,False,False,True,
O00665,C0127,R040,2026-08-26 19:45:00,2026-08-26 21:00:36.000000,delivered,medium,clear,D010,D010,2026-08-26 19:54:32.112271,,2026-08-26 20:03:00,eta-v3.1,2026-08-26 21:05:25.365216,2026-08-26 20:10:19.094743,False,9.535204516666665,15.783041200000001,55.10450788333333,4.8227535999999995,7.318245716666667,-2.495492116666667,True,False,True,
O00666,C0456,R027,2026-08-10 19:12:00,2026-08-10 20:24:01.157591,delivered,high,clear,D007,D007,2026-08-10 19:15:39.955638,,2026-08-10 19:30:00,eta-v3.1,2026-08-10 20:41:41.404723,2026-08-10 19:55:07.056130,False,3.6659273,39.451674866666664,46.572476550000005,17.670785533333333,25.117602166666664,-7.446816633333331,True,True,True,
O00667,C0660,R017,2026-08-27 22:27:00,2026-08-27 23:42:36.000000,delivered,medium,clear,D069,D069,2026-08-27 22:28:56.983823,,2026-08-27 22:45:00,eta-v3.1,2026-08-27 23:33:23.327084,2026-08-27 22:44:25.279535,False,1.9497303833333333,15.4715952,48.967459149999996,-9.211215266666667,-0.5786744166666666,-8.63254085,False,False,True,
O00668,C0839,R030,2026-08-09 18:08:00,2026-08-09 19:21:15.312913,delivered,high,clear,D008,D008,2026-08-09 18:09:17.933728,,2026-08-09 18:26:00,eta-v3.2,2026-08-09 19:25:51.974151,2026-08-09 18:31:50.942260,False,1.2988954666666668,22.5501422,54.017198183333335,4.611020633333334,5.849037666666666,-1.2380170333333318,True,False,True,
O00669,C0149,R021,2026-08-03 22:39:00,2026-08-03 23:51:48.000000,delivered,low,clear,D055,D055,2026-08-03 22:41:55.445547,,2026-08-03 22:57:00,eta-v3.2,2026-08-03 23:46:22.238162,2026-08-03 23:00:11.782784,False,2.9240924500000003,18.272287283333334,46.1742563,-5.429363966666667,3.196379733333333,-8.625743700000001,False,False,True,
O00670,C0560,R010,2026-08-13 19:22:00,2026-08-13 20:37:36.000000,delivered,medium,clear,D036,D036,2026-08-13 19:22:04.268653,,2026-08-13 19:40:00,eta-v3.2,2026-08-13 20:40:18.554366,2026-08-13 19:51:23.286197,False,0.07114421666666666,29.316959066666666,48.92113615,2.709239433333333,11.388103283333333,-8.678863849999999,True,False,True,
O00671,C0270,R004,2026-08-14 19:11:00,2026-08-14 20:14:45.651482,delivered,low,clear,D034,D034,2026-08-14 19:16:59.406777,,2026-08-14 19:29:00,eta-v3.1,2026-08-14 20:07:04.825586,2026-08-14 19:30:22.737086,False,5.990112949999999,13.388838483333334,36.701474999999995,-7.6804316,1.3789514333333335,-9.059383033333333,False,False,True,
O00672,C0743,R053,2026-08-12 18:00:00,2026-08-12 18:48:55.594127,delivered,medium,clear,D070,D070,2026-08-12 18:10:55.853633,,2026-08-12 18:18:00,eta-v3.2,2026-08-12 18:57:34.534755,2026-08-12 18:31:20.432321,False,10.930893883333333,20.409644800000002,26.235040566666665,8.649010466666665,13.340538683333333,-4.6915282166666685,True,False,True,
O00673,C0311,R025,2026-08-27 11:45:00,2026-08-27 13:16:24.000000,delivered,severe,heavy_rain,D068,D068,2026-08-27 11:46:14.347577,,2026-08-27 12:03:00,eta-v3.1,2026-08-27 13:26:53.590387,2026-08-27 12:09:48.488818,False,1.2391262833333334,23.569020683333335,77.08502615,10.493173116666666,6.8081469666666665,3.6850261499999997,True,True,True,
O00674,C0657,R003,2026-08-23 20:55:00,2026-08-23 22:14:48.000000,delivered,high,clear,D073,D073,2026-08-23 20:58:13.308395,,2026-08-23 21:13:00,eta-v3.2,2026-08-23 22:01:58.023233,2026-08-23 21:06:34.646676,False,3.221806583333333,8.355638016666667,55.389609283333336,-12.832946116666667,-6.422555399999999,-6.410390716666668,False,False,True,
O00675,C0415,R012,2026-08-22 21:20:00,2026-08-22 22:12:54.791369,delivered,high,clear,D004,D004,2026-08-22 21:24:50.009395,,2026-08-22 21:38:00,eta-v3.2,2026-08-22 22:07:36.893745,2026-08-22 21:33:54.197606,False,4.833489916666666,9.069803516666667,33.711602316666664,-5.298293733333334,-4.096706566666667,-1.201587166666667,False,False,True,
O00676,C0496,R040,2026-08-17 13:17:00,2026-08-17 14:29:48.000000,delivered,low,clear,D012,D012,2026-08-17 13:23:18.325053,,2026-08-17 13:35:00,eta-v3.1,2026-08-17 14:31:55.386814,2026-08-17 13:45:56.243355,False,6.3054175500000005,22.6319717,45.98572431666666,2.1231135666666665,10.937389249999999,-8.814275683333332,True,False,True,
O00677,C0671,R052,2026-08-15 12:58:00,2026-08-15 14:00:46.300536,delivered,low,clear,D055,D055,2026-08-15 12:58:35.958133,,2026-08-15 13:16:00,eta-v3.1,2026-08-15 13:39:30.933555,2026-08-15 13:11:20.351496,False,0.5993022166666666,12.739889383333333,28.17636765,-21.25611635,-4.6608084,-16.59530795,False,False,True,
O00678,C0075,R017,2026-08-28 13:48:00,2026-08-28 14:43:05.777129,delivered,high,clear,D113,D113,2026-08-28 13:56:29.380596,,2026-08-28 14:06:00,eta-v3.1,2026-08-28 14:55:15.036102,2026-08-28 14:21:34.657910,False,8.489676600000001,25.087955233333332,33.67296986666666,12.154316216666667,15.577631833333333,-3.4233156166666667,True,True,True,
O00679,C0448,R007,2026-08-09 12:22:00,2026-08-09 13:37:36.000000,delivered,medium,clear,D108,D048,2026-08-09 12:23:30.672154,2026-08-09 12:29:36.465808,2026-08-09 12:40:00,eta-v3.1,2026-08-09 13:37:09.813470,2026-08-09 12:45:29.036565,True,1.5112025666666669,21.972740183333332,51.67961508333334,-0.4364421666666667,5.48394275,-5.920384916666666,False,False,True,
O00680,C0672,R054,2026-08-22 20:13:00,2026-08-22 21:34:36.000000,delivered,medium,heavy_rain,D050,D050,2026-08-22 20:18:44.276497,,2026-08-22 20:31:00,eta-v3.1,2026-08-22 21:28:36.747943,2026-08-22 20:29:09.376993,False,5.737941616666666,10.4183416,59.4561825,-5.987534283333333,-1.8437167833333334,-4.143817499999999,False,False,True,
O00681,C0375,R011,2026-08-21 13:08:00,2026-08-21 14:18:38.536581,delivered,medium,clear,D064,D064,2026-08-21 13:08:58.005014,,2026-08-21 13:26:00,eta-v3.2,2026-08-21 14:19:39.550357,2026-08-21 13:34:46.665969,False,0.9667502333333334,25.81101591666667,44.88140646666667,1.0168962666666668,8.77776615,-7.760869883333333,True,False,True,
O00682,C0579,R011,2026-08-11 19:06:00,2026-08-11 20:18:48.000000,delivered,low,clear,D070,D070,2026-08-11 19:11:56.399533,,2026-08-11 19:24:00,eta-v3.2,2026-08-11 20:28:08.675678,2026-08-11 19:37:29.401030,False,5.939992216666667,25.55002495,50.654577466666666,9.344594633333333,13.490017166666666,-4.145422533333333,True,False,True,
O00683,C0612,R003,2026-08-10 11:59:00,2026-08-10 13:18:48.000000,delivered,high,clear,D079,D079,2026-08-10 12:02:50.735161,,2026-08-10 12:17:00,eta-v3.2,2026-08-10 13:07:59.666191,2026-08-10 12:13:15.329628,False,3.8455860166666667,10.409907783333333,54.738942716666664,-10.805563483333334,-3.7445061999999996,-7.061057283333334,False,False,True,
O00684,C0331,R002,2026-08-23 22:12:00,2026-08-23 23:26:50.748754,delivered,severe,clear,D043,D043,2026-08-23 22:18:19.808599,,2026-08-23 22:30:00,eta-v3.1,2026-08-23 23:38:55.550446,2026-08-23 22:39:16.388994,False,6.330143316666667,20.943006583333332,59.65269086666667,12.0800282,9.2731499,2.8068782999999993,True,True,True,
O00685,C0447,R052,2026-08-10 12:15:00,2026-08-10 13:13:49.086225,delivered,high,clear,D022,D010,2026-08-10 12:20:21.792777,2026-08-10 12:24:46.571760,2026-08-10 12:33:00,eta-v3.2,2026-08-10 13:28:27.437930,2026-08-10 12:52:13.935651,True,5.36321295,31.869047899999998,36.22503798333333,14.639195083333334,19.23226085,-4.593065766666665,True,True,True,
O00686,C0704,R003,2026-08-25 22:24:00,2026-08-25 23:36:48.000000,delivered,low,clear,D076,D076,2026-08-25 22:24:04.315670,,2026-08-25 22:42:00,eta-v3.2,2026-08-25 23:53:06.895848,2026-08-25 23:09:31.990446,False,0.07192783333333333,45.46124626666666,43.5817567,16.3149308,27.5331741,-11.218243300000001,True,True,True,
O00687,C0150,R023,2026-08-20 13:15:00,2026-08-20 14:30:36.000000,delivered,medium,clear,D068,D068,2026-08-20 13:24:18.056414,,2026-08-20 13:33:00,eta-v3.1,2026-08-20 14:26:24.003040,2026-08-20 13:33:27.207494,False,9.300940233333334,9.152517999999999,52.94659243333333,-4.1999493333333335,0.45345823333333335,-4.653407566666667,False,False,True,
O00688,C0221,R057,2026-08-11 17:11:00,2026-08-11 18:04:19.003665,cancelled,medium,clear,D062,D062,2026-08-11 17:11:59.565265,,2026-08-11 17:29:00,eta-v3.2,,,False,0.9927544166666666,,,,,,False,False,False,cancelled
O00689,C0876,R031,2026-08-06 13:43:00,2026-08-06 14:58:36.000000,delivered,medium,clear,D117,D117,2026-08-06 13:43:29.490085,,2026-08-06 14:01:00,eta-v3.1,2026-08-06 15:03:40.794540,2026-08-06 14:11:48.303196,False,0.4915014166666667,28.31355185,51.874855733333334,5.079909,10.805053266666667,-5.725144266666667,True,False,True,
O00690,C0667,R041,2026-08-16 19:42:00,2026-08-16 20:50:05.375812,delivered,medium,clear,D112,D112,2026-08-16 19:42:42.424589,,2026-08-16 20:00:00,eta-v3.2,2026-08-16 20:34:57.537609,2026-08-16 19:52:41.707133,False,0.7070764833333333,9.988042400000001,42.26384126666667,-15.130636716666666,-7.3048811166666665,-7.8257556,False,False,True,
O00691,C0153,R005,2026-08-14 18:24:00,2026-08-14 19:43:48.000000,delivered,high,clear,D047,D047,2026-08-14 18:26:27.117200,,2026-08-14 18:42:00,eta-v3.2,2026-08-14 19:57:00.665974,2026-08-14 19:00:37.857673,False,2.4519533333333334,34.179007883333334,56.38013835,13.211099566666666,18.630961216666666,-5.41986165,True,True,True,
O00692,C0838,R050,2026-08-22 17:27:00,2026-08-22 18:24:35.950824,delivered,medium,clear,D042,D075,2026-08-22 17:31:41.513256,2026-08-22 17:35:46.540262,2026-08-22 17:45:00,eta-v3.1,2026-08-22 18:34:26.876100,2026-08-22 17:56:32.417163,True,4.6918876,24.848398449999998,37.907648949999995,9.848754600000001,11.540286049999999,-1.6915314499999976,True,False,True,
O00693,C0492,R060,2026-08-18 12:46:00,2026-08-18 13:40:24.287274,delivered,low,clear,D042,D042,2026-08-18 12:49:39.326999,,2026-08-18 13:04:00,eta-v3.2,2026-08-18 13:26:09.934731,2026-08-18 13:06:58.692694,False,3.6554499833333334,17.32276158333333,19.187367283333334,-14.23920905,2.9782115666666664,-17.217420616666665,False,False,True,
O00694,C0853,R042,2026-08-04 17:46:00,2026-08-04 19:01:18.000000,cancelled,low,rain,D087,D087,2026-08-04 17:46:28.546827,,2026-08-04 18:04:00,eta-v3.2,,,False,0.47578045,,,,,,False,False,False,cancelled
O00695,C0311,R023,2026-08-24 19:56:00,2026-08-24 21:11:18.000000,delivered,low,rain,D027,D027,2026-08-24 19:56:01.933641,,2026-08-24 20:14:00,eta-v3.1,2026-08-24 21:12:29.234492,2026-08-24 20:22:31.035411,False,0.03222735,26.4850295,49.96998468333334,1.1872415333333335,8.51725685,-7.3300153166666675,True,False,True,
O00696,C0898,R058,2026-08-25 22:17:00,2026-08-25 23:36:48.000000,delivered,high,clear,D048,D048,2026-08-25 22:18:52.918356,,2026-08-25 22:35:00,eta-v3.2,2026-08-25 23:39:04.674316,2026-08-25 22:44:15.228122,False,1.8819726,25.371829433333335,54.82410323333333,2.2779052666666666,9.253802033333333,-6.975896766666667,True,False,True,
O00697,C0865,R049,2026-08-09 18:50:00,2026-08-09 19:51:56.021285,delivered,severe,clear,D032,D032,2026-08-09 18:52:32.876392,,2026-08-09 19:08:00,eta-v3.2,2026-08-09 19:54:57.574359,2026-08-09 19:15:45.697428,False,2.547939866666667,23.213683933333336,39.197948849999996,3.025884566666667,7.7616238,-4.735739233333333,True,False,True,
O00698,C0480,R005,2026-08-11 17:28:00,2026-08-11 18:43:18.000000,delivered,low,rain,D044,D044,2026-08-11 17:28:27.438001,,2026-08-11 17:46:00,eta-v3.1,2026-08-11 18:50:49.771908,2026-08-11 17:59:34.552606,False,0.45730001666666664,31.11857675,51.25365503333333,7.5295318,13.575876766666665,-6.046344966666665,True,False,True,
O00699,C0805,R022,2026-08-25 16:43:00,2026-08-25 17:42:46.708511,delivered,medium,clear,D064,D064,2026-08-25 16:43:15.343895,,2026-08-25 17:01:00,eta-v3.2,2026-08-25 17:24:42.021807,2026-08-25 16:58:22.952223,False,0.25573158333333335,15.126805466666667,26.3178264,-18.078111733333333,-2.6174629499999997,-15.460648783333333,False,False,True,
O00700,C0750,R020,2026-08-04 12:13:00,2026-08-04 13:16:28.765091,delivered,low,clear,D096,D096,2026-08-04 12:15:09.737203,,2026-08-04 12:31:00,eta-v3.2,2026-08-04 13:12:55.297232,2026-08-04 12:35:55.247931,False,2.1622867166666664,20.758512133333333,37.000821683333335,-3.55779765,4.92079885,-8.4785965,False,False,True,
O00701,C0049,R042,2026-08-12 19:42:00,2026-08-12 21:07:48.000000,delivered,high,heavy_rain,D043,D043,2026-08-12 19:49:03.426805,,2026-08-12 20:00:00,eta-v3.2,2026-08-12 21:31:05.478888,2026-08-12 20:23:35.033457,False,7.057113416666667,34.52677753333333,67.50742385,23.291314800000002,23.58389095,-0.2925761499999986,True,True,True,
O00702,C0532,R045,2026-08-10 11:53:00,2026-08-10 13:08:36.000000,delivered,medium,clear,D097,D097,2026-08-10 11:54:04.603331,,2026-08-10 12:11:00,eta-v3.2,2026-08-10 13:06:59.951589,2026-08-10 12:18:36.564459,False,1.0767221833333334,24.532685466666667,48.3897855,-1.6008068500000001,7.60940765,-9.2102145,False,False,True,
O00703,C0740,R044,2026-08-20 18:05:00,2026-08-20 19:02:43.236342,delivered,medium,clear,D056,D056,2026-08-20 18:07:02.904981,,2026-08-20 18:23:00,eta-v3.1,2026-08-20 19:03:25.516936,2026-08-20 18:29:23.014769,False,2.04841635,22.33516313333333,34.041702783333335,0.7046765666666667,6.3835794833333335,-5.678902916666667,True,False,True,
O00704,C0167,R007,2026-08-21 17:32:00,2026-08-21 18:54:18.000000,delivered,high,rain,D010,D010,2026-08-21 17:38:03.352900,,2026-08-21 17:50:00,eta-v3.1,2026-08-21 18:58:35.354887,2026-08-21 17:56:09.637684,False,6.055881666666666,18.1047464,62.42862005,4.289248116666667,6.160628066666666,-1.8713799499999988,True,False,True,
O00705,C0359,R051,2026-08-22 19:15:00,2026-08-22 20:22:03.744202,delivered,high,heavy_rain,D063,D063,2026-08-22 19:19:34.873773,,2026-08-22 19:33:00,eta-v3.1,2026-08-22 20:28:49.296173,2026-08-22 19:44:59.282527,False,4.581229550000001,25.406812566666666,43.833560766666665,6.7591995166666665,11.988042116666666,-5.228842599999999,True,False,True,
O00706,C0855,R035,2026-08-22 17:33:00,2026-08-22 18:49:47.434100,delivered,severe,rain,D020,D020,2026-08-22 17:33:11.206653,,2026-08-22 17:51:00,eta-v3.1,2026-08-22 19:19:23.063748,2026-08-22 18:18:39.429252,False,0.18677755,45.470376650000006,60.7272416,29.593827466666667,27.657154199999997,1.93667326666667,True,True,True,
O00707,C0182,R007,2026-08-27 20:02:00,2026-08-27 21:17:36.000000,delivered,medium,clear,D070,D070,2026-08-27 20:04:18.545338,,2026-08-27 20:20:00,eta-v3.2,2026-08-27 21:08:44.825761,2026-08-27 20:21:21.869699,False,2.3090889666666663,17.055406016666666,47.38260103333334,-8.852903983333333,1.3644949833333333,-10.217398966666666,False,False,True,
O00708,C0722,R034,2026-08-22 17:58:00,2026-08-22 19:13:36.000000,delivered,medium,clear,D120,D120,2026-08-22 18:00:15.738080,,2026-08-22 18:16:00,eta-v3.1,2026-08-22 19:04:12.618710,2026-08-22 18:13:41.034742,False,2.2623013333333333,13.421611033333333,50.52639946666667,-9.389688166666668,-2.3160876333333333,-7.073600533333334,False,False,True,
O00709,C0221,R025,2026-08-19 15:02:00,2026-08-19 16:03:57.835297,delivered,high,clear,D080,D080,2026-08-19 15:07:18.047044,,2026-08-19 15:20:00,eta-v3.1,2026-08-19 15:56:54.354474,2026-08-19 15:23:15.044873,False,5.300784066666667,15.949963816666667,33.65516001666666,-7.058013716666666,3.250747883333333,-10.3087616,False,False,True,
O00710,C0075,R024,2026-08-23 13:38:00,2026-08-23 14:50:46.665400,delivered,medium,clear,D110,D110,2026-08-23 13:39:40.361876,,2026-08-23 13:56:00,eta-v3.2,2026-08-23 15:10:51.738795,2026-08-23 14:21:38.892885,False,1.6726979333333332,41.97551681666666,49.2140985,20.08455658333333,25.64821475,-5.56365816666667,True,True,True,
O00711,C0786,R055,2026-08-17 16:23:00,2026-08-17 17:41:06.000000,delivered,medium,rain,D001,D001,2026-08-17 16:25:27.642973,,2026-08-17 16:41:00,eta-v3.1,2026-08-17 17:44:49.825297,2026-08-17 16:41:33.445791,False,2.460716216666667,16.096713633333334,63.27299176666667,3.730421616666667,0.55742985,3.1729917666666667,True,False,True,
O00712,C0266,R053,2026-08-04 19:22:00,2026-08-04 20:37:36.000000,delivered,medium,clear,D108,D108,2026-08-04 19:27:05.152210,,2026-08-04 19:40:00,eta-v3.1,2026-08-04 20:43:35.540849,2026-08-04 19:53:25.449060,False,5.085870166666667,26.338280833333332,50.16819648333333,5.992347483333333,13.424151,-7.431803516666667,True,False,True,
O00713,C0860,R032,2026-08-11 18:17:00,2026-08-11 19:30:02.075895,delivered,medium,clear,D100,D100,2026-08-11 18:26:30.761085,,2026-08-11 18:35:00,eta-v3.1,2026-08-11 19:18:07.358062,2026-08-11 18:30:44.673610,False,9.51268475,4.231875416666666,47.3780742,-11.911963883333334,-4.255439833333333,-7.656524050000001,False,False,True,
O00714,C0373,R060,2026-08-23 19:11:00,2026-08-23 20:01:28.359327,delivered,low,clear,D101,D101,2026-08-23 19:16:32.451467,,2026-08-23 19:29:00,eta-v3.2,2026-08-23 19:51:50.052904,2026-08-23 19:32:28.589612,False,5.540857783333333,15.93563575,19.357721533333333,-9.638440383333334,3.476493533333333,-13.114933916666667,False,False,True,
O00715,C0215,R040,2026-08-04 18:50:00,2026-08-04 20:05:18.000000,delivered,low,rain,D005,D005,2026-08-04 18:50:33.500883,,2026-08-04 19:08:00,eta-v3.2,2026-08-04 20:23:23.526089,2026-08-04 19:37:49.890100,False,0.55834805,47.27315361666667,45.56059981666667,18.092101483333334,29.831501666666668,-11.739400183333334,True,True,True,
O00716,C0604,R010,2026-08-04 20:28:00,2026-08-04 21:24:26.207942,delivered,high,clear,D050,D050,2026-08-04 20:36:30.996233,,2026-08-04 20:46:00,eta-v3.2,2026-08-04 21:22:20.020393,2026-08-04 20:49:28.613577,False,8.516603883333334,12.960289066666666,32.85678026666667,-2.1031258166666666,3.47689295,-5.580018766666667,False,False,True,
O00717,C0407,R034,2026-08-21 16:55:00,2026-08-21 17:57:25.091415,delivered,medium,clear,D110,D110,2026-08-21 16:55:01.964320,,2026-08-21 17:13:00,eta-v3.1,2026-08-21 17:54:36.109108,2026-08-21 17:16:08.715359,False,0.032738666666666666,21.112517316666665,38.45656248333333,-2.816371783333333,3.1452559833333336,-5.961627766666666,False,False,True,
O00718,C0225,R050,2026-08-25 17:19:00,2026-08-25 18:25:28.563290,delivered,low,rain,D011,D011,2026-08-25 17:21:14.689878,,2026-08-25 17:37:00,eta-v3.1,2026-08-25 18:17:24.831645,2026-08-25 17:33:47.477896,False,2.2448313,12.546466966666665,43.62256248333333,-8.062194083333333,-3.2087017333333336,-4.85349235,False,False,True,
O00719,C0365,R027,2026-08-20 14:43:00,2026-08-20 15:55:48.000000,delivered,low,clear,D019,D019,2026-08-20 14:48:59.441224,,2026-08-20 15:01:00,eta-v3.2,2026-08-20 15:52:39.429944,2026-08-20 15:01:09.657647,False,5.990687066666666,12.170273716666665,51.49620495,-3.1428342666666667,0.16096078333333336,-3.30379505,False,False,True,
O00720,C0402,R017,2026-08-10 17:19:00,2026-08-10 18:24:33.153874,delivered,medium,clear,D083,D083,2026-08-10 17:25:57.081545,,2026-08-10 17:37:00,eta-v3.2,2026-08-10 18:20:47.303443,2026-08-10 17:42:04.369516,False,6.951359083333333,16.121466183333332,38.71556545,-3.7641738499999997,5.072825266666666,-8.836999116666666,False,False,True,
O00721,C0346,R045,2026-08-23 14:42:00,2026-08-23 15:49:03.249046,delivered,high,clear,D051,D051,2026-08-23 14:43:21.193895,,2026-08-23 15:00:00,eta-v3.1,2026-08-23 15:49:11.461488,2026-08-23 15:06:55.328935,False,1.3532315833333333,23.56891733333333,42.26887588333333,0.1368740333333333,6.922148916666667,-6.785274883333334,True,False,True,
O00722,C0351,R026,2026-08-24 19:02:00,2026-08-24 20:07:17.182992,delivered,high,clear,D117,D117,2026-08-24 19:02:44.358647,,2026-08-24 19:20:00,eta-v3.1,2026-08-24 19:50:47.388114,2026-08-24 19:10:36.789006,False,0.7393107833333333,7.8738393166666665,40.176651799999995,-16.4965813,-9.3868499,-7.109731399999999,False,False,True,
O00723,C0467,R028,2026-08-05 21:04:00,2026-08-05 22:19:36.000000,delivered,medium,clear,D068,D068,2026-08-05 21:05:21.209170,,2026-08-05 21:22:00,eta-v3.1,2026-08-05 22:04:30.928322,2026-08-05 21:15:24.433874,False,1.3534861666666667,10.053745066666666,49.1082408,-15.084527966666666,-6.592768766666667,-8.4917592,False,False,True,
O00724,C0188,R054,2026-08-10 19:08:00,2026-08-10 20:27:48.000000,delivered,high,clear,D026,D026,2026-08-10 19:15:16.697340,,2026-08-10 19:26:00,eta-v3.2,2026-08-10 20:23:28.350600,2026-08-10 19:28:49.217409,False,7.278289,13.54200115,54.65221985,-4.32749,2.82029015,-7.14778015,False,False,True,
O00725,C0812,R041,2026-08-11 14:45:00,2026-08-11 16:00:36.000000,delivered,medium,clear,D087,D087,2026-08-11 14:47:57.386390,,2026-08-11 15:03:00,eta-v3.1,2026-08-11 16:06:04.781484,2026-08-11 15:12:02.616646,False,2.9564398333333335,24.087170933333333,54.036080633333334,5.479691399999999,9.043610766666665,-3.563919366666666,True,False,True,
O00726,C0638,R004,2026-08-01 18:02:00,2026-08-01 19:13:15.838996,delivered,severe,rain,D108,D108,2026-08-01 18:03:10.011284,,2026-08-01 18:20:00,eta-v3.1,2026-08-01 19:36:09.046726,2026-08-01 18:43:08.770732,False,1.1668547333333334,39.97932413333333,53.0045999,22.8867955,23.146178866666666,-0.2593833666666647,True,True,True,
O00727,C0435,R020,2026-08-28 21:36:00,2026-08-28 23:01:24.000000,delivered,severe,clear,D097,D097,2026-08-28 21:36:36.792624,,2026-08-28 21:54:00,eta-v3.2,2026-08-28 22:58:08.128808,2026-08-28 21:57:15.880817,False,0.6132104,20.651469883333334,60.870799850000004,-3.264519866666667,3.2646802833333335,-6.52920015,False,False,True,
O00728,C0557,R024,2026-08-11 18:49:00,2026-08-11 20:08:27.108654,cancelled,high,rain,D063,D063,2026-08-11 18:50:58.161584,,2026-08-11 19:07:00,eta-v3.1,,,False,1.9693597333333335,,,,,,False,False,False,cancelled
O00729,C0448,R031,2026-08-01 14:27:00,2026-08-01 15:37:36.925134,delivered,low,rain,D089,D089,2026-08-01 14:32:27.027877,,2026-08-01 14:45:00,eta-v3.2,2026-08-01 15:35:20.137360,2026-08-01 14:46:39.635948,False,5.450464616666666,14.210134516666667,48.67502353333334,-2.2797962333333337,1.6605991333333334,-3.9403953666666673,False,False,True,
O00730,C0484,R036,2026-08-04 11:38:00,2026-08-04 13:03:24.000000,delivered,severe,clear,D052,D052,2026-08-04 11:53:53.851449,,2026-08-04 11:56:00,eta-v3.1,2026-08-04 13:30:31.284573,2026-08-04 12:27:16.743951,False,15.89752415,33.3815417,63.2423437,27.12140955,31.27906585,-4.157656299999999,True,True,True,
O00731,C0760,R045,2026-08-15 12:24:00,2026-08-15 13:39:18.000000,delivered,low,rain,D052,D052,2026-08-15 12:24:59.296139,,2026-08-15 12:42:00,eta-v3.2,2026-08-15 13:48:49.162171,2026-08-15 12:58:15.545692,False,0.9882689833333332,33.27082588333334,50.56027465,9.519369516666666,16.25909486666667,-6.739725350000002,True,False,True,
O00732,C0789,R011,2026-08-19 20:07:00,2026-08-19 21:19:48.000000,delivered,low,clear,D070,D070,2026-08-19 20:07:45.236089,,2026-08-19 20:25:00,eta-v3.1,2026-08-19 21:13:17.315605,2026-08-19 20:26:56.295221,False,0.7539348166666666,19.18431886666667,46.350339733333335,-6.511406583333334,1.9382536833333333,-8.449660266666667,False,False,True,
O00733,C0189,R036,2026-08-13 20:25:00,2026-08-13 21:50:24.000000,delivered,severe,clear,D045,D045,2026-08-13 20:25:50.900264,,2026-08-13 20:43:00,eta-v3.1,2026-08-13 21:49:33.606687,2026-08-13 20:49:40.118744,False,0.8483377333333333,23.820308,59.891465716666666,-0.83988855,6.668645733333333,-7.508534283333333,False,False,True,
O00734,C0127,R013,2026-08-16 11:17:00,2026-08-16 12:39:18.000000,cancelled,high,rain,D065,D065,2026-08-16 11:19:40.177069,,2026-08-16 11:35:00,eta-v3.1,,,False,2.6696178166666664,,,,,,False,False,False,cancelled
O00735,C0027,R041,2026-08-23 18:02:00,2026-08-23 19:17:18.000000,delivered,low,rain,D118,D118,2026-08-23 18:04:30.910482,,2026-08-23 18:20:00,eta-v3.1,2026-08-23 19:15:59.094478,2026-08-23 18:19:21.490271,False,2.5151747,14.842996483333334,56.62673678333333,-1.3150920333333334,-0.6418288166666667,-0.6732632166666667,False,False,True,
O00736,C0657,R032,2026-08-04 20:01:00,2026-08-04 21:16:36.000000,delivered,medium,clear,D055,D055,2026-08-04 20:10:53.068280,,2026-08-04 20:19:00,eta-v3.2,2026-08-04 21:22:48.158388,2026-08-04 20:33:47.264567,False,9.884471333333332,22.90327145,49.014897016666666,6.2026398,14.787742783333334,-8.585102983333334,True,False,True,
O00737,C0824,R027,2026-08-20 20:10:00,2026-08-20 21:11:15.896462,delivered,low,clear,D048,D048,2026-08-20 20:10:38.735022,,2026-08-20 20:28:00,eta-v3.2,2026-08-20 21:47:32.398594,2026-08-20 21:14:02.973657,False,0.6455837,63.403977250000004,33.49041561666667,36.27503553333334,46.04956095,-9.774525416666663,True,True,True,
O00738,C0299,R009,2026-08-09 13:42:00,2026-08-09 15:03:36.000000,delivered,medium,heavy_rain,D067,D067,2026-08-09 13:48:37.836186,,2026-08-09 14:00:00,eta-v3.1,2026-08-09 15:23:35.138833,2026-08-09 14:28:18.417236,False,6.6306031,39.67635083333333,55.27869328333334,19.985647216666667,28.306953933333332,-8.321306716666665,True,True,True,
O00739,C0291,R025,2026-08-13 16:39:00,2026-08-13 17:40:02.990505,delivered,low,clear,D034,D034,2026-08-13 16:39:44.012426,,2026-08-13 16:57:00,eta-v3.2,2026-08-13 17:53:45.742225,2026-08-13 17:20:24.270820,False,0.7335404333333333,40.670973233333335,33.35785675,13.712528666666666,23.404513666666666,-9.691985,True,True,True,
O00740,C0583,R011,2026-08-24 22:02:00,2026-08-24 23:24:18.000000,delivered,high,rain,D036,D036,2026-08-24 22:05:14.623884,,2026-08-24 22:20:00,eta-v3.1,2026-08-24 23:22:56.765140,2026-08-24 22:21:21.986158,False,3.2437314,16.122704566666666,61.5796497,-1.3539143333333332,1.3664359666666668,-2.7203502999999998,False,False,True,
O00741,C0617,R043,2026-08-28 20:36:00,2026-08-28 21:57:36.000000,delivered,medium,heavy_rain,D108,D108,2026-08-28 20:37:58.407467,,2026-08-28 20:54:00,eta-v3.2,2026-08-28 22:04:34.315050,2026-08-28 21:02:14.607969,False,1.9734577833333333,24.270008366666666,62.32845135,6.9719175,8.24346615,-1.2715486499999997,True,False,True,
O00742,C0474,R024,2026-08-18 18:06:00,2026-08-18 19:25:48.000000,delivered,high,clear,D049,D049,2026-08-18 18:19:02.110383,,2026-08-18 18:24:00,eta-v3.1,2026-08-18 19:27:27.003529,2026-08-18 18:32:29.352281,False,13.03517305,13.454031633333333,54.960854133333335,1.6500588166666668,8.489204683333334,-6.839145866666668,True,False,True,
O00743,C0733,R018,2026-08-05 21:19:00,2026-08-05 22:01:23.249920,delivered,medium,clear,D110,D110,2026-08-05 21:24:49.040156,,2026-08-05 21:37:00,eta-v3.1,2026-08-05 21:57:54.570280,2026-08-05 21:41:13.132804,False,5.817335933333334,16.401544133333335,16.6906246,-3.4779940000000003,4.218880066666666,-7.696874066666666,False,False,True,
O00744,C0623,R040,2026-08-17 19:09:00,2026-08-17 20:16:05.244459,delivered,medium,clear,D036,D036,2026-08-17 19:10:00.385719,,2026-08-17 19:27:00,eta-v3.1,2026-08-17 20:31:06.521654,2026-08-17 19:47:49.390972,False,1.00642865,37.816754216666666,43.28551136666667,15.021286583333334,20.823182866666667,-5.801896283333333,True,True,True,
O00745,C0373,R006,2026-08-25 19:34:00,2026-08-25 20:51:24.592917,delivered,severe,clear,D093,D093,2026-08-25 19:35:34.908654,,2026-08-25 19:52:00,eta-v3.2,2026-08-25 20:44:02.820432,2026-08-25 19:43:54.233320,False,1.5818109,8.322077766666666,60.143118533333336,-7.3628747500000005,-8.096111333333333,0.7332365833333325,False,False,True,
O00746,C0834,R025,2026-08-22 16:59:00,2026-08-22 18:18:48.000000,delivered,high,clear,D120,D120,2026-08-22 17:01:04.285255,,2026-08-22 17:17:00,eta-v3.1,2026-08-22 18:33:28.728529,2026-08-22 17:32:04.876510,False,2.071420916666667,31.00985425,61.39753365,14.678808816666667,15.081275166666668,-0.40246635000000097,True,True,True,
O00747,C0764,R007,2026-08-27 17:14:00,2026-08-27 18:39:24.000000,delivered,severe,clear,D106,D106,2026-08-27 17:15:16.334891,,2026-08-27 17:32:00,eta-v3.2,2026-08-27 18:56:15.803340,2026-08-27 17:55:26.787252,False,1.2722481833333332,40.174206016666666,60.8169348,16.863389,23.4464542,-6.5830652,True,True,True,
O00748,C0576,R017,2026-08-04 20:38:00,2026-08-04 21:53:36.000000,delivered,medium,clear,D059,D059,2026-08-04 20:39:52.868439,,2026-08-04 20:56:00,eta-v3.2,2026-08-04 21:47:31.311921,2026-08-04 20:53:00.296795,False,1.8811406499999999,13.123805933333333,54.51691876666666,-6.07813465,-2.9950534166666665,-3.0830812333333335,False,False,True,
O00749,C0597,R056,2026-08-04 19:27:00,2026-08-04 20:45:06.000000,delivered,medium,rain,D077,D077,2026-08-04 19:30:48.869306,,2026-08-04 19:45:00,eta-v3.2,2026-08-04 20:42:58.892445,2026-08-04 19:50:04.551110,False,3.814488433333333,19.2613634,52.90568891666667,-2.11845925,5.075851833333333,-7.194311083333333,False,False,True,
O00750,C0792,R037,2026-08-09 21:46:00,2026-08-09 22:46:36.078780,delivered,medium,clear,D054,D054,2026-08-09 21:46:49.600621,,2026-08-09 22:04:00,eta-v3.1,2026-08-09 22:31:55.191315,2026-08-09 21:57:39.329555,False,0.8266770166666666,10.828815566666666,34.26436266666666,-14.68145775,-6.344507416666667,-8.336950333333334,False,False,True,
O00751,C0153,R005,2026-08-25 20:31:00,2026-08-25 21:49:06.000000,delivered,medium,rain,D005,D005,2026-08-25 20:34:34.117217,,2026-08-25 20:49:00,eta-v3.1,2026-08-25 21:46:24.179864,2026-08-25 20:52:45.757355,False,3.5686202833333334,18.1940023,53.64037515,-2.6970022666666664,3.762622583333333,-6.459624849999999,False,False,True,
O00752,C0879,R029,2026-08-19 19:57:00,2026-08-19 21:15:06.000000,delivered,medium,rain,D075,D075,2026-08-19 19:58:02.105968,,2026-08-19 20:15:00,eta-v3.1,2026-08-19 21:38:45.600934,2026-08-19 20:38:39.450503,False,1.0350994666666666,40.62240891666667,60.10250718333334,23.66001556666667,23.657508383333333,0.002507183333335661,True,True,True,
O00753,C0446,R013,2026-08-04 16:26:00,2026-08-04 17:20:59.336629,delivered,high,clear,D108,D108,2026-08-04 16:27:05.478437,,2026-08-04 16:44:00,eta-v3.1,2026-08-04 17:15:55.030876,2026-08-04 16:40:45.052178,False,1.0913072833333333,13.65956235,35.16631163333333,-5.07176255,-3.249130366666667,-1.822632183333333,False,False,True,
O00754,C0725,R040,2026-08-21 15:50:00,2026-08-21 17:02:48.000000,delivered,low,clear,D106,D106,2026-08-21 15:51:02.409599,,2026-08-21 16:08:00,eta-v3.1,2026-08-21 16:46:57.316552,2026-08-21 16:02:36.138036,False,1.0401599833333333,11.562140616666666,44.35297526666667,-15.844724133333333,-5.3976994,-10.447024733333333,False,False,True,
O00755,C0710,R004,2026-08-24 20:14:00,2026-08-24 21:17:15.438321,delivered,medium,clear,D108,D108,2026-08-24 20:15:38.178794,,2026-08-24 20:32:00,eta-v3.1,2026-08-24 21:30:22.228010,2026-08-24 20:50:46.000931,False,1.6363132333333332,35.130368950000005,39.603784649999994,13.113161483333332,18.766682183333334,-5.653520700000001,True,True,True,
O00756,C0693,R037,2026-08-11 11:12:00,2026-08-11 12:19:11.380514,delivered,medium,rain,D118,D118,2026-08-11 11:13:25.402880,,2026-08-11 11:30:00,eta-v3.1,2026-08-11 12:33:10.430233,2026-08-11 11:44:34.061733,False,1.4233813333333332,31.144314216666665,48.606141666666666,13.984161983333333,14.56769555,-0.5835335666666666,True,True,True,
O00757,C0785,R020,2026-08-22 17:16:00,2026-08-22 18:23:30.486647,delivered,low,clear,D055,D055,2026-08-22 17:19:51.180896,,2026-08-22 17:34:00,eta-v3.2,2026-08-22 18:08:29.719161,2026-08-22 17:35:33.242540,False,3.8530149333333332,15.7010274,32.94127701666667,-15.012791433333332,1.5540423333333335,-16.566833766666665,False,False,True,
O00758,C0726,R014,2026-08-27 11:35:00,2026-08-27 12:49:57.848279,delivered,low,heavy_rain,D035,D035,2026-08-27 11:37:24.022123,,2026-08-27 11:53:00,eta-v3.1,2026-08-27 13:01:41.495780,2026-08-27 12:11:01.285443,False,2.4003687166666667,33.62105533333333,50.670172283333336,11.727458350000001,18.02142405,-6.293965699999999,True,True,True,
O00759,C0732,R022,2026-08-14 18:36:00,2026-08-14 19:33:16.109887,delivered,low,clear,D105,D105,2026-08-14 18:39:12.042093,,2026-08-14 18:54:00,eta-v3.2,2026-08-14 19:31:19.440433,2026-08-14 19:01:18.936750,False,3.20070155,22.114910950000002,30.008394716666665,-1.9444909000000001,7.3156125,-9.2601034,False,False,True,
O00760,C0020,R029,2026-08-08 16:22:00,2026-08-08 17:34:48.000000,delivered,low,clear,D019,D019,2026-08-08 16:24:56.981080,,2026-08-08 16:40:00,eta-v3.1,2026-08-08 17:16:03.127967,2026-08-08 16:33:22.357902,False,2.9496846666666667,8.422947033333333,42.679501083333335,-18.74786721666667,-6.6273683,-12.12049891666667,False,False,True,
O00761,C0636,R029,2026-08-23 19:35:00,2026-08-23 20:39:37.101339,delivered,high,clear,D037,D037,2026-08-23 19:35:28.062932,,2026-08-23 19:53:00,eta-v3.1,2026-08-23 20:43:04.841933,2026-08-23 20:01:58.706677,False,0.4677155333333333,26.510729083333334,41.10225426666667,3.4623432333333333,8.978444616666668,-5.516101383333334,True,False,True,
O00762,C0653,R055,2026-08-12 18:45:00,2026-08-12 19:57:48.000000,delivered,low,clear,D018,D018,2026-08-12 18:46:23.144023,,2026-08-12 19:03:00,eta-v3.2,2026-08-12 20:15:10.932354,2026-08-12 19:27:33.570541,False,1.3857337166666668,41.1737753,47.62269688333333,17.3822059,24.559509016666667,-7.177303116666668,True,True,True,
O00763,C0790,R001,2026-08-18 19:19:00,2026-08-18 20:34:36.000000,delivered,medium,clear,D008,D008,2026-08-18 19:20:10.521052,,2026-08-18 19:37:00,eta-v3.2,2026-08-18 20:40:02.777993,2026-08-18 19:49:02.188572,False,1.1753508666666665,28.861125333333334,51.00982368333334,5.446299883333333,12.036476200000001,-6.590176316666668,True,False,True,
O00764,C0097,R020,2026-08-04 20:04:00,2026-08-04 21:07:33.240327,delivered,high,clear,D097,D097,2026-08-04 20:06:28.015066,,2026-08-04 20:22:00,eta-v3.1,2026-08-04 21:11:01.062942,2026-08-04 20:33:04.317338,False,2.4669177666666666,26.605037866666667,37.94576006666667,3.46371025,11.071955633333333,-7.608245383333333,True,False,True,
O00765,C0359,R002,2026-08-04 16:06:00,2026-08-04 17:31:24.000000,delivered,severe,clear,D045,D045,2026-08-04 16:09:04.880178,,2026-08-04 16:24:00,eta-v3.2,2026-08-04 17:44:53.730909,2026-08-04 16:45:50.239618,False,3.0813363,36.75599066666667,59.05818818333333,13.49551515,21.83732696666667,-8.34181181666667,True,True,True,
O00766,C0864,R060,2026-08-06 15:12:00,2026-08-06 16:25:27.791776,delivered,medium,heavy_rain,D079,D032,2026-08-06 15:12:26.671274,2026-08-06 15:14:52.249647,2026-08-06 15:30:00,eta-v3.1,2026-08-06 16:20:57.640517,2026-08-06 15:27:54.319759,True,0.4445212333333333,15.460808083333335,53.055345966666664,-4.502520983333333,-2.0946706833333333,-2.4078502999999993,False,False,True,
O00767,C0425,R005,2026-08-17 11:20:00,2026-08-17 12:35:36.000000,delivered,medium,clear,D012,D012,2026-08-17 11:25:26.778816,,2026-08-17 11:38:00,eta-v3.2,2026-08-17 12:33:15.486807,2026-08-17 11:40:57.438230,False,5.4463136,15.510990233333333,52.30080961666667,-2.34188655,2.9573038333333335,-5.299190383333333,False,False,True,
O00768,C0772,R050,2026-08-05 19:36:00,2026-08-05 20:31:51.738157,delivered,low,clear,D063,D063,2026-08-05 19:36:13.265817,,2026-08-05 19:54:00,eta-v3.1,2026-08-05 20:18:47.085068,2026-08-05 19:51:12.154057,False,0.22109695000000001,14.981470666666667,27.582183516666664,-13.077551483333334,-2.797432383333333,-10.2801191,False,False,True,
O00769,C0318,R036,2026-08-10 12:43:00,2026-08-10 13:48:01.621138,delivered,low,clear,D093,D093,2026-08-10 12:49:11.671392,,2026-08-10 13:01:00,eta-v3.2,2026-08-10 13:42:32.216168,2026-08-10 13:02:04.868032,False,6.194523200000001,12.886610666666666,40.455802266666666,-5.490082833333333,1.0811338666666666,-6.5712167,False,False,True,
O00770,C0003,R003,2026-08-05 15:52:00,2026-08-05 17:10:06.000000,delivered,medium,rain,D007,D007,2026-08-05 15:54:11.295598,,2026-08-05 16:10:00,eta-v3.1,2026-08-05 17:31:25.050399,2026-08-05 16:39:32.593766,False,2.1882599666666667,45.35496946666667,51.87427721666666,21.31750665,29.543229433333334,-8.225722783333335,True,True,True,
O00771,C0474,R006,2026-08-17 18:44:00,2026-08-17 19:48:44.450797,delivered,medium,clear,D018,D018,2026-08-17 18:46:37.923103,,2026-08-17 19:02:00,eta-v3.2,2026-08-17 19:45:49.263517,2026-08-17 19:11:00.404681,False,2.6320517166666666,24.374692966666665,34.81431393333333,-2.9197879999999996,9.006744683333332,-11.926532683333331,False,False,True,
O00772,C0833,R044,2026-08-10 18:50:00,2026-08-10 20:09:48.000000,cancelled,high,clear,D030,D030,2026-08-10 18:54:27.785519,,2026-08-10 19:08:00,eta-v3.2,,,False,4.463091983333333,,,,,,False,False,False,cancelled
O00773,C0030,R014,2026-08-19 20:36:00,2026-08-19 21:51:22.697384,delivered,medium,clear,D018,D018,2026-08-19 20:36:33.660284,,2026-08-19 20:54:00,eta-v3.1,2026-08-19 21:42:47.957262,2026-08-19 20:59:40.931381,False,0.5610047333333333,23.12118495,43.11709801666667,-8.579002033333333,5.682189683333333,-14.261191716666666,False,False,True,
O00774,C0260,R028,2026-08-07 12:11:00,2026-08-07 13:30:48.000000,delivered,high,clear,D011,D011,2026-08-07 12:15:16.717631,,2026-08-07 12:29:00,eta-v3.1,2026-08-07 13:47:56.328332,2026-08-07 12:51:26.356018,False,4.278627183333333,36.16063978333333,56.499538566666665,17.138805533333333,22.439266966666665,-5.300461433333332,True,True,True,
O00775,C0072,R049,2026-08-08 19:58:00,2026-08-08 21:23:48.000000,delivered,high,heavy_rain,D019,D059,2026-08-08 19:59:53.470836,2026-08-08 20:06:04.946523,2026-08-08 20:16:00,eta-v3.2,2026-08-08 21:46:49.642917,2026-08-08 20:37:50.918485,True,1.8911806,37.95746081666667,68.97874053333334,23.02738195,21.848641416666666,1.1787405333333325,True,True,True,
O00776,C0554,R057,2026-08-21 20:17:00,2026-08-21 21:29:38.238547,delivered,medium,clear,D085,D085,2026-08-21 20:24:52.821448,,2026-08-21 20:35:00,eta-v3.2,2026-08-21 21:32:38.791439,2026-08-21 20:43:32.880478,False,7.880357466666666,18.667650499999997,49.098516016666665,3.009214866666667,8.548007966666667,-5.5387930999999995,True,False,True,
O00777,C0525,R030,2026-08-04 12:57:00,2026-08-04 14:11:37.510782,delivered,high,clear,D009,D009,2026-08-04 12:58:21.045077,,2026-08-04 13:15:00,eta-v3.2,2026-08-04 14:16:59.926145,2026-08-04 13:25:51.550886,False,1.3507512833333335,27.50843015,51.139587649999996,5.373589383333334,10.859181433333333,-5.485592049999999,True,False,True,
O00778,C0068,R059,2026-08-27 21:12:00,2026-08-27 22:37:24.000000,delivered,severe,clear,D015,D015,2026-08-27 21:12:49.823119,,2026-08-27 21:30:00,eta-v3.1,2026-08-27 22:30:35.745486,2026-08-27 21:23:21.947918,False,0.8303853166666666,10.535413316666668,67.22995946666667,-6.804241899999999,-6.634201366666667,-0.17004053333333236,False,False,True,
O00779,C0105,R048,2026-08-15 20:28:00,2026-08-15 21:43:36.000000,delivered,medium,clear,D012,D012,2026-08-15 20:28:59.095583,,2026-08-15 20:46:00,eta-v3.1,2026-08-15 21:39:22.881851,2026-08-15 20:47:04.194043,False,0.9849263833333333,18.08497433333333,52.311463466666666,-4.218635816666667,1.0699007166666665,-5.288536533333334,False,False,True,
O00780,C0580,R036,2026-08-21 12:24:00,2026-08-21 13:36:48.000000,delivered,low,clear,D027,D027,2026-08-21 12:26:55.223012,,2026-08-21 12:42:00,eta-v3.1,2026-08-21 13:47:44.301327,2026-08-21 13:02:30.269415,False,2.9203835333333337,35.58410671666666,45.2338652,10.93835545,20.50449025,-9.5661348,True,True,True,
O00781,C0103,R019,2026-08-22 12:33:00,2026-08-22 13:48:36.000000,delivered,medium,clear,D103,D103,2026-08-22 12:40:42.931820,,2026-08-22 12:51:00,eta-v3.1,2026-08-22 14:01:40.289785,2026-08-22 13:11:17.309762,False,7.715530333333334,30.5729657,50.38300038333333,13.071496416666667,20.288496033333335,-7.2169996166666674,True,True,True,
O00782,C0559,R053,2026-08-25 18:54:00,2026-08-25 20:09:36.000000,delivered,medium,clear,D092,D092,2026-08-25 18:57:14.119525,,2026-08-25 19:12:00,eta-v3.2,2026-08-25 20:26:27.625735,2026-08-25 19:31:41.016480,False,3.235325416666667,34.44828258333334,54.776820916666665,16.860428916666667,19.683608,-2.823179083333333,True,True,True,
O00783,C0572,R053,2026-08-21 18:58:00,2026-08-21 19:48:38.615429,delivered,high,clear,D103,D103,2026-08-21 18:58:12.176267,,2026-08-21 19:16:00,eta-v3.2,2026-08-21 19:47:18.538610,2026-08-21 19:25:11.099307,False,0.20293778333333332,26.982050666666666,22.123988383333334,-1.33461365,9.184988449999999,-10.519602099999998,False,False,True,
O00784,C0825,R027,2026-08-05 11:26:00,2026-08-05 12:45:48.000000,delivered,high,clear,D030,D030,2026-08-05 11:27:03.997781,,2026-08-05 11:44:00,eta-v3.2,2026-08-05 12:33:12.348862,2026-08-05 11:43:07.308343,False,1.0666296833333333,16.055176033333332,50.08400865,-12.594185633333332,-0.8781942833333333,-11.71599135,False,False,True,
O00785,C0384,R015,2026-08-13 13:33:00,2026-08-13 14:44:41.801794,delivered,low,clear,D036,D036,2026-08-13 13:34:20.862364,,2026-08-13 13:51:00,eta-v3.2,2026-08-13 14:31:48.226974,2026-08-13 13:46:53.944491,False,1.3477060666666667,12.551368783333334,44.904708049999996,-12.892913666666667,-4.10092515,-8.791988516666667,False,False,True,
O00786,C0058,R052,2026-08-15 16:53:00,2026-08-15 18:16:50.039491,delivered,severe,rain,D090,D090,2026-08-15 16:57:53.923282,,2026-08-15 17:11:00,eta-v3.2,2026-08-15 18:32:55.357258,2026-08-15 17:26:00.215629,False,4.898721366666666,28.104872450000002,66.91902715,16.08862945,15.003593816666667,1.085035633333332,True,True,True,
O00787,C0418,R025,2026-08-22 18:09:00,2026-08-22 19:16:49.628537,delivered,high,clear,D105,D105,2026-08-22 18:09:08.214514,,2026-08-22 18:27:00,eta-v3.2,2026-08-22 19:33:51.211983,2026-08-22 18:51:05.680015,False,0.13690856666666665,41.95775835,42.75886613333333,17.026390766666665,24.094666916666664,-7.068276149999999,True,True,True,
O00788,C0500,R004,2026-08-03 11:58:00,2026-08-03 12:58:44.604010,delivered,high,clear,D001,D001,2026-08-03 11:59:08.236656,,2026-08-03 12:16:00,eta-v3.1,2026-08-03 12:53:19.748456,2026-08-03 12:16:34.129996,False,1.1372776,17.431555666666668,36.76030766666667,-5.4142592333333335,0.5688332666666667,-5.9830925,False,False,True,
O00789,C0534,R037,2026-08-19 22:28:00,2026-08-19 23:25:47.500868,delivered,medium,clear,D010,D010,2026-08-19 22:33:08.424163,,2026-08-19 22:46:00,eta-v3.2,2026-08-19 23:26:50.309739,2026-08-19 22:52:17.016511,False,5.140402716666667,19.143205799999997,34.55488713333333,1.0468145166666667,6.283608516666666,-5.236794,True,False,True,
O00790,C0587,R013,2026-08-08 23:42:00,2026-08-09 00:44:42.126566,delivered,severe,rain,D115,D115,2026-08-08 23:45:01.116334,,2026-08-09 00:00:00,eta-v3.2,2026-08-09 01:17:28.350692,2026-08-09 00:25:30.735137,False,3.0186055666666665,40.49364671666667,51.96025925,32.7704021,25.512252283333332,7.258149816666666,True,True,True,
O00791,C0666,R052,2026-08-22 18:56:00,2026-08-22 19:50:15.468385,delivered,medium,clear,D054,D054,2026-08-22 18:56:20.650971,,2026-08-22 19:14:00,eta-v3.1,2026-08-22 19:56:57.274536,2026-08-22 19:21:19.971964,False,0.34418285,24.98868321666667,35.62170953333334,6.696769183333333,7.332866066666667,-0.6360968833333338,True,False,True,
O00792,C0871,R007,2026-08-26 12:38:00,2026-08-26 14:03:24.000000,delivered,severe,clear,D071,D071,2026-08-26 12:44:22.027861,,2026-08-26 12:56:00,eta-v3.2,2026-08-26 13:52:04.417150,2026-08-26 12:51:33.252962,False,6.367131016666666,7.187085016666667,60.519403133333334,-11.326380833333333,-4.445783966666666,-6.880596866666667,False,False,True,
O00793,C0830,R060,2026-08-02 19:44:00,2026-08-02 20:59:36.000000,delivered,medium,clear,D003,D003,2026-08-02 19:45:52.385538,,2026-08-02 20:02:00,eta-v3.1,2026-08-02 21:19:10.505173,2026-08-02 20:28:01.009030,False,1.8730923,42.143724866666666,51.158269049999994,19.575086216666666,26.016817166666666,-6.44173095,True,True,True,
O00794,C0613,R012,2026-08-13 14:30:00,2026-08-13 15:21:32.869605,delivered,medium,clear,D066,D066,2026-08-13 14:31:32.180366,,2026-08-13 14:48:00,eta-v3.2,2026-08-13 15:33:10.618217,2026-08-13 15:03:35.288797,False,1.5363394333333333,32.05180718333334,29.588823666666666,11.629143533333332,15.588146616666668,-3.959003083333336,True,True,True,
O00795,C0254,R021,2026-08-10 15:58:00,2026-08-10 17:06:26.846220,delivered,medium,clear,D017,D027,2026-08-10 15:58:07.139574,2026-08-10 16:05:45.754769,2026-08-10 16:16:00,eta-v3.1,2026-08-10 17:08:24.326801,2026-08-10 16:25:21.368073,True,0.1189929,27.23714165,43.04931213333334,1.9580096833333334,9.35613455,-7.398124866666667,True,False,True,
O00796,C0417,R031,2026-08-25 12:04:00,2026-08-25 13:16:48.000000,delivered,low,clear,D106,D106,2026-08-25 12:14:47.215749,,2026-08-25 12:22:00,eta-v3.2,2026-08-25 13:07:51.497438,2026-08-25 12:22:20.492725,False,10.786929149999999,7.554616266666667,45.51674521666666,-8.941709366666666,0.34154541666666666,-9.283254783333334,False,False,True,
O00797,C0011,R020,2026-08-07 22:59:00,2026-08-08 00:05:37.188606,delivered,low,clear,D075,D075,2026-08-07 22:59:01.126303,,2026-08-07 23:17:00,eta-v3.2,2026-08-08 00:25:12.099724,2026-08-07 23:45:18.076888,False,0.018771716666666667,46.28250975,39.9003806,19.581851966666665,28.30128146666667,-8.719429500000004,True,True,True,
O00798,C0371,R027,2026-08-20 19:30:00,2026-08-20 20:45:36.000000,cancelled,medium,clear,D033,D033,2026-08-20 19:32:44.163399,,2026-08-20 19:48:00,eta-v3.1,,,False,2.73605665,,,,,,False,False,False,cancelled
O00799,C0009,R031,2026-08-09 13:34:00,2026-08-09 14:34:23.826486,delivered,medium,clear,D077,D077,2026-08-09 13:42:36.726393,,2026-08-09 13:52:00,eta-v3.2,2026-08-09 14:47:41.983965,2026-08-09 14:15:15.409140,False,8.61210655,32.64471245,32.442913749999995,13.30262465,23.256819,-9.95419435,True,True,True,
O00800,C0723,R008,2026-08-27 17:15:00,2026-08-27 18:10:18.736927,delivered,medium,clear,D045,D078,2026-08-27 17:15:37.599449,2026-08-27 17:23:56.730704,2026-08-27 17:33:00,eta-v3.1,2026-08-27 18:08:35.250131,2026-08-27 17:41:16.151633,True,0.6266574833333334,25.642536399999997,27.3183083,-1.7247799333333333,8.269193883333333,-9.993973816666667,False,False,True,
O00801,C0331,R058,2026-08-03 16:49:00,2026-08-03 18:10:00.692513,delivered,severe,clear,D079,D079,2026-08-03 16:49:39.451647,,2026-08-03 17:07:00,eta-v3.2,2026-08-03 18:25:02.853593,2026-08-03 17:28:13.097305,False,0.65752745,38.56076096666666,56.82927146666667,15.036018,21.218288416666667,-6.182270416666666,True,True,True,
O00802,C0888,R048,2026-08-08 19:02:00,2026-08-08 20:06:42.929344,delivered,high,clear,D082,D082,2026-08-08 19:06:04.677148,,2026-08-08 19:20:00,eta-v3.2,2026-08-08 19:57:15.530533,2026-08-08 19:15:11.015379,False,4.077952466666667,9.105637183333332,42.07525256666667,-9.45664685,-4.81641035,-4.6402365,False,False,True,
O00803,C0880,R046,2026-08-28 13:20:00,2026-08-28 14:34:17.043488,delivered,medium,rain,D055,D055,2026-08-28 13:21:03.810366,,2026-08-28 13:38:00,eta-v3.1,2026-08-28 14:46:40.708937,2026-08-28 13:58:12.321913,False,1.0635061000000001,37.141859116666666,48.47311706666667,12.394424149999999,20.205365216666667,-7.810941066666668,True,True,True,
O00804,C0031,R057,2026-08-11 14:31:00,2026-08-11 15:39:42.615644,delivered,medium,clear,D092,D092,2026-08-11 14:35:22.372887,,2026-08-11 14:49:00,eta-v3.2,2026-08-11 15:41:33.345375,2026-08-11 15:00:57.746943,False,4.3728814499999995,25.589567600000002,40.5933072,1.8454955166666667,11.96244905,-10.116953533333334,True,False,True,
O00805,C0661,R057,2026-08-04 12:20:00,2026-08-04 13:16:57.835589,delivered,high,clear,D025,D025,2026-08-04 12:20:22.814270,,2026-08-04 12:38:00,eta-v3.1,2026-08-04 13:26:32.600756,2026-08-04 12:57:56.674996,False,0.38023783333333333,37.56434543333333,28.59876266666667,9.57941945,19.944583266666665,-10.365163816666666,True,False,True,
O00806,C0885,R023,2026-08-10 17:23:00,2026-08-10 18:44:56.888901,delivered,high,rain,D024,D024,2026-08-10 17:24:22.364243,,2026-08-10 17:41:00,eta-v3.1,2026-08-10 18:44:34.522024,2026-08-10 17:41:37.378173,False,1.3727373833333334,17.250232166666667,62.952397516666665,-0.3727812833333333,0.62296955,-0.9957508333333334,False,False,True,
O00807,C0327,R056,2026-08-16 20:35:00,2026-08-16 21:53:06.000000,delivered,medium,rain,D077,D077,2026-08-16 20:37:07.656994,,2026-08-16 20:53:00,eta-v3.1,2026-08-16 21:54:29.554123,2026-08-16 20:56:49.509629,False,2.1276165666666667,19.697543916666667,57.66740823333334,1.3925687166666667,3.8251604833333333,-2.4325917666666665,True,False,True,
O00808,C0392,R032,2026-08-01 16:56:00,2026-08-01 18:08:48.000000,delivered,low,clear,D071,D071,2026-08-01 16:56:51.993996,,2026-08-01 17:14:00,eta-v3.2,2026-08-01 18:37:12.128398,2026-08-01 17:44:46.475284,False,0.8665666000000001,47.90802146666667,52.427551900000005,28.402139966666667,30.77458806666667,-2.3724481000000033,True,True,True,
O00809,C0864,R002,2026-08-02 18:14:00,2026-08-02 19:33:48.000000,delivered,high,clear,D008,D008,2026-08-02 18:14:08.096314,,2026-08-02 18:32:00,eta-v3.2,2026-08-02 19:23:30.952729,2026-08-02 18:30:19.683728,False,0.13493856666666665,16.193123566666667,53.18781668333334,-10.284121183333333,-1.6719378666666667,-8.612183316666666,False,False,True,
O00810,C0274,R013,2026-08-20 19:18:00,2026-08-20 20:17:16.391855,delivered,high,clear,D111,D111,2026-08-20 19:24:44.890757,,2026-08-20 19:36:00,eta-v3.1,2026-08-20 20:12:43.050330,2026-08-20 19:39:08.541100,False,6.748179283333333,14.394172383333334,33.57515383333333,-4.555692083333333,3.142351666666667,-7.69804375,False,False,True,
O00811,C0729,R018,2026-08-25 17:23:00,2026-08-25 18:34:34.384124,delivered,medium,rain,D024,D024,2026-08-25 17:24:01.393772,,2026-08-25 17:41:00,eta-v3.2,2026-08-25 18:48:33.957100,2026-08-25 18:04:59.204959,False,1.0232295333333332,40.96351978333333,43.579202349999996,13.992882933333334,23.986749316666664,-9.99386638333333,True,True,True,
O00812,C0575,R023,2026-08-05 16:01:00,2026-08-05 17:09:02.949961,delivered,low,rain,D094,D094,2026-08-05 16:05:33.085638,,2026-08-05 16:19:00,eta-v3.2,2026-08-05 16:57:25.524261,2026-08-05 16:19:11.638441,False,4.5514273,13.642546716666667,38.231430333333336,-11.623761666666667,0.19397401666666667,-11.817735683333334,False,False,True,
O00813,C0304,R034,2026-08-25 18:56:00,2026-08-25 20:11:36.000000,delivered,medium,clear,D087,D087,2026-08-25 18:58:52.737635,,2026-08-25 19:14:00,eta-v3.1,2026-08-25 20:06:57.402485,2026-08-25 19:15:50.488199,False,2.8789605833333334,16.962509400000002,51.115238100000006,-4.643291916666667,1.8414699833333332,-6.4847619,False,False,True,
O00814,C0765,R008,2026-08-03 17:48:00,2026-08-03 18:26:39.219860,delivered,low,clear,D011,D011,2026-08-03 17:52:07.214885,,2026-08-03 18:06:00,eta-v3.1,2026-08-03 18:49:02.169069,2026-08-03 18:40:11.960955,False,4.120248083333333,48.07910116666667,8.836801900000001,22.382486816666667,34.19934925,-11.81686243333333,True,True,True,
O00815,C0873,R032,2026-08-08 14:41:00,2026-08-08 16:00:48.000000,delivered,high,clear,D074,D074,2026-08-08 14:41:14.617685,,2026-08-08 14:59:00,eta-v3.1,2026-08-08 15:59:06.699578,2026-08-08 14:57:27.174449,False,0.24362808333333333,16.2092794,61.658752150000005,-1.6883403666666665,-1.5470925166666667,-0.14124784999999984,False,False,True,
O00816,C0306,R053,2026-08-22 17:32:00,2026-08-22 18:34:36.897195,delivered,high,clear,D102,D102,2026-08-22 17:34:23.060752,,2026-08-22 17:50:00,eta-v3.1,2026-08-22 18:41:37.075833,2026-08-22 18:01:50.470523,False,2.3843458666666666,27.45682951666667,39.77675516666667,7.0029772999999995,11.841175383333333,-4.838198083333333,True,False,True,
O00817,C0727,R030,2026-08-06 17:09:00,2026-08-06 18:27:06.000000,delivered,medium,rain,D035,D035,2026-08-06 17:11:23.743442,,2026-08-06 17:27:00,eta-v3.1,2026-08-06 18:20:37.792251,2026-08-06 17:22:57.435562,False,2.395724033333333,11.561535333333333,57.672611483333334,-6.47012915,-4.0427406333333336,-2.4273885166666664,False,False,True,
O00818,C0790,R053,2026-08-10 18:28:00,2026-08-10 19:36:47.165486,delivered,medium,clear,D089,D089,2026-08-10 18:28:45.992686,,2026-08-10 18:46:00,eta-v3.1,2026-08-10 19:25:30.039218,2026-08-10 18:43:38.754949,False,0.7665447666666666,14.87937105,41.85473781666667,-11.2854378,-2.3540841833333332,-8.931353616666668,False,False,True,
O00819,C0342,R054,2026-08-12 18:41:00,2026-08-12 20:00:48.000000,delivered,high,clear,D021,D021,2026-08-12 18:44:42.741722,,2026-08-12 18:59:00,eta-v3.1,2026-08-12 20:20:50.220152,2026-08-12 19:19:26.076991,False,3.7123620333333336,34.72225448333334,61.40238601666667,20.037002533333336,20.434616516666665,-0.3976139833333292,True,True,True,
O00820,C0783,R031,2026-08-15 23:38:00,2026-08-16 00:54:51.718652,delivered,high,rain,D056,D056,2026-08-15 23:45:39.402199,,2026-08-15 23:56:00,eta-v3.1,2026-08-16 00:58:49.331485,2026-08-16 00:09:02.680034,False,7.6567033166666665,23.387963916666667,49.777524183333334,3.960213883333333,13.044667233333334,-9.08445335,True,False,True,
O00821,C0642,R006,2026-08-28 11:17:00,2026-08-28 12:36:12.611291,delivered,severe,clear,D095,D095,2026-08-28 11:17:34.251428,,2026-08-28 11:35:00,eta-v3.1,2026-08-28 12:32:03.677063,2026-08-28 11:39:22.514193,False,0.5708571333333333,21.804379416666666,52.68604783333333,-4.1489038,4.3752365499999994,-8.52414035,False,False,True,
O00822,C0095,R010,2026-08-04 16:16:00,2026-08-04 17:10:33.398140,delivered,medium,rain,D017,D017,2026-08-04 16:22:36.676866,,2026-08-04 16:34:00,eta-v3.1,2026-08-04 17:03:27.894153,2026-08-04 16:40:51.674399,False,6.6112811,18.24995888333333,22.603662566666667,-7.091733116666666,6.861239983333333,-13.9529731,False,False,True,
O00823,C0301,R001,2026-08-23 18:17:00,2026-08-23 19:28:38.013519,delivered,low,clear,D056,D107,2026-08-23 18:20:00.690580,2026-08-23 18:27:49.480091,2026-08-23 18:35:00,eta-v3.2,2026-08-23 19:40:50.028972,2026-08-23 18:57:11.020615,True,3.011509666666667,37.17216725,43.65013928333334,12.20025755,22.183676916666666,-9.983419366666666,True,True,True,
O00824,C0399,R035,2026-08-03 23:56:00,2026-08-04 01:10:05.646384,cancelled,medium,clear,D023,D023,2026-08-03 23:58:22.316891,,2026-08-04 00:14:00,eta-v3.1,,,False,2.371948183333333,,,,,,False,False,False,cancelled
O00825,C0023,R021,2026-08-08 19:51:00,2026-08-08 21:03:48.000000,delivered,low,clear,D026,D026,2026-08-08 19:51:00.493549,,2026-08-08 20:09:00,eta-v3.1,2026-08-08 20:54:58.768926,2026-08-08 20:09:01.314180,False,0.008225816666666667,18.013677183333336,45.9575791,-8.8205179,0.021903,-8.8424209,False,False,True,
O00826,C0625,R025,2026-08-12 18:30:00,2026-08-12 19:45:36.000000,delivered,medium,clear,D010,D010,2026-08-12 18:34:21.459409,,2026-08-12 18:48:00,eta-v3.2,2026-08-12 19:50:42.166666,2026-08-12 19:04:05.730714,False,4.357656816666666,29.737855083333333,46.607265866666665,5.102777766666667,16.0955119,-10.992734133333336,True,False,True,
O00827,C0332,R005,2026-08-16 19:26:00,2026-08-16 20:41:36.000000,delivered,medium,clear,D081,D081,2026-08-16 19:29:10.707633,,2026-08-16 19:44:00,eta-v3.1,2026-08-16 20:40:25.871737,2026-08-16 19:48:42.257515,False,3.1784605499999996,19.52583136666667,51.7269037,-1.1688043833333335,4.704291916666667,-5.8730963,False,False,True,
O00828,C0838,R038,2026-08-18 19:47:00,2026-08-18 21:02:18.000000,delivered,low,rain,D094,D094,2026-08-18 19:50:04.822170,,2026-08-18 20:05:00,eta-v3.1,2026-08-18 21:12:13.348606,2026-08-18 20:24:35.468933,False,3.0803695,34.510779383333336,47.631327883333334,9.922476766666668,19.591148883333336,-9.668672116666668,True,False,True,
O00829,C0155,R049,2026-08-09 22:42:00,2026-08-10 00:07:24.000000,delivered,severe,clear,D067,D067,2026-08-09 22:50:06.203996,,2026-08-09 23:00:00,eta-v3.2,2026-08-10 00:08:48.638223,2026-08-09 23:09:02.775964,False,8.103399933333334,18.942866133333332,59.764370983333336,1.4106370499999998,9.046266066666668,-7.635629016666668,True,False,True,
O00830,C0553,R020,2026-08-25 23:14:00,2026-08-26 00:25:15.186786,delivered,high,clear,D046,D046,2026-08-25 23:18:34.083337,,2026-08-25 23:32:00,eta-v3.1,2026-08-26 00:23:16.560771,2026-08-25 23:38:59.284984,False,4.568055616666666,20.420027450000003,44.28792978333333,-1.97710025,6.9880830666666665,-8.965183316666666,False,False,True,
O00831,C0880,R019,2026-08-25 17:52:00,2026-08-25 19:04:48.000000,cancelled,low,clear,D037,D037,2026-08-25 17:59:50.859511,,2026-08-25 18:10:00,eta-v3.1,,,False,7.847658516666667,,,,,,False,False,False,cancelled
O00832,C0643,R017,2026-08-06 20:43:00,2026-08-06 21:55:48.000000,delivered,low,clear,D045,D045,2026-08-06 20:43:08.264749,,2026-08-06 21:01:00,eta-v3.2,2026-08-06 21:52:08.761503,2026-08-06 21:05:33.192800,False,0.13774581666666666,22.41546751666667,46.59281171666667,-3.65397495,4.553213333333333,-8.207188283333332,False,False,True,
O00833,C0343,R045,2026-08-20 19:43:00,2026-08-20 20:41:21.792437,delivered,medium,clear,D094,D094,2026-08-20 19:46:11.533621,,2026-08-20 20:01:00,eta-v3.1,2026-08-20 20:48:48.295012,2026-08-20 20:19:29.247161,False,3.1922270166666666,33.29522566666667,29.317464183333335,7.441709583333333,18.487452683333334,-11.045743100000001,True,False,True,
O00834,C0398,R016,2026-08-16 20:05:00,2026-08-16 21:20:36.000000,delivered,medium,clear,D032,D032,2026-08-16 20:13:16.200504,,2026-08-16 20:23:00,eta-v3.1,2026-08-16 21:30:08.134635,2026-08-16 20:39:04.339337,False,8.2700084,25.802313883333333,51.06325496666667,9.53557725,16.07232228333333,-6.536745033333332,True,False,True,
O00835,C0803,R013,2026-08-14 12:43:00,2026-08-14 13:54:46.487263,delivered,low,rain,D014,D014,2026-08-14 12:47:36.290527,,2026-08-14 13:01:00,eta-v3.2,2026-08-14 13:55:26.155154,2026-08-14 13:07:36.217118,False,4.604842116666666,19.998776516666666,47.8323006,0.6611315166666666,6.603618633333334,-5.942487116666667,True,False,True,
O00836,C0263,R029,2026-08-17 18:57:00,2026-08-17 20:15:06.000000,delivered,medium,rain,D070,D070,2026-08-17 18:57:52.102255,,2026-08-17 19:15:00,eta-v3.2,2026-08-17 20:35:59.649573,2026-08-17 19:44:15.440913,False,0.8683709166666667,46.38897763333333,51.736810999999996,20.894159549999998,29.25734855,-8.363189000000002,True,True,True,
O00837,C0343,R033,2026-08-21 22:49:00,2026-08-22 00:04:36.000000,delivered,medium,clear,D067,D067,2026-08-21 22:54:29.937464,,2026-08-21 23:07:00,eta-v3.1,2026-08-22 00:08:31.250876,2026-08-21 23:14:19.230016,False,5.498957733333333,19.821542533333332,54.200347666666666,3.9208479333333335,7.3205002666666665,-3.399652333333333,True,False,True,
O00838,C0276,R030,2026-08-01 18:23:00,2026-08-01 19:16:13.742166,delivered,high,clear,D014,D014,2026-08-01 18:24:19.401961,,2026-08-01 18:41:00,eta-v3.1,2026-08-01 19:05:13.824800,2026-08-01 18:38:43.156359,False,1.3233660166666668,14.395906633333334,26.511140683333334,-10.998622766666667,-2.28072735,-8.717895416666668,False,False,True,
O00839,C0526,R004,2026-08-17 22:58:00,2026-08-18 00:05:58.318565,delivered,severe,clear,D037,D037,2026-08-17 23:06:22.054141,,2026-08-17 23:16:00,eta-v3.2,2026-08-18 00:09:30.201692,2026-08-17 23:27:27.259821,False,8.367569016666668,21.086761333333335,42.049031183333334,3.53138545,11.45433035,-7.922944899999999,True,False,True,
O00840,C0016,R009,2026-08-07 13:08:00,2026-08-07 14:27:48.000000,cancelled,high,clear,D011,D011,2026-08-07 13:16:57.266528,,2026-08-07 13:26:00,eta-v3.2,,,False,8.954442133333334,,,,,,False,False,False,cancelled
O00841,C0118,R031,2026-08-19 18:19:00,2026-08-19 19:38:48.000000,delivered,high,clear,D083,D083,2026-08-19 18:23:08.339620,,2026-08-19 18:37:00,eta-v3.2,2026-08-19 19:40:26.637445,2026-08-19 18:42:04.381848,False,4.138993666666667,18.934037133333334,58.370926616666665,1.6439574166666666,5.0730308,-3.429073383333333,True,False,True,
O00842,C0660,R042,2026-08-26 12:42:00,2026-08-26 13:38:20.981075,delivered,low,clear,D116,D116,2026-08-26 12:47:10.687450,,2026-08-26 13:00:00,eta-v3.2,2026-08-26 13:56:06.259045,2026-08-26 13:30:00.981231,False,5.178124166666667,42.83822968333333,26.087963566666666,17.754632833333336,30.016353849999998,-12.261721016666662,True,True,True,
O00843,C0439,R036,2026-08-02 21:49:00,2026-08-02 22:46:34.120516,delivered,medium,clear,D100,D100,2026-08-02 21:51:24.667865,,2026-08-02 22:07:00,eta-v3.1,2026-08-02 22:51:10.627848,2026-08-02 22:19:43.603646,False,2.4111310833333333,28.31559635,31.450403366666666,4.608455533333333,12.726727433333334,-8.1182719,True,False,True,
O00844,C0588,R013,2026-08-25 12:38:00,2026-08-25 13:39:18.931456,delivered,low,clear,D099,D099,2026-08-25 12:39:49.412990,,2026-08-25 12:56:00,eta-v3.2,2026-08-25 13:46:40.829338,2026-08-25 13:13:47.011384,False,1.8235498333333333,33.959973233333336,32.896965900000005,7.3649647,17.783523066666664,-10.418558366666664,True,False,True,
O00845,C0597,R006,2026-08-16 18:24:00,2026-08-16 19:11:32.755501,delivered,high,rain,D077,D077,2026-08-16 18:25:31.590920,,2026-08-16 18:42:00,eta-v3.1,2026-08-16 19:22:52.966966,2026-08-16 18:56:30.208177,False,1.5265153333333332,30.976954283333335,26.379313149999998,11.33685775,14.503469616666667,-3.166611866666667,True,True,True,
O00846,C0140,R042,2026-08-18 18:40:00,2026-08-18 19:48:16.754904,delivered,low,clear,D082,D082,2026-08-18 18:40:21.885192,,2026-08-18 18:58:00,eta-v3.2,2026-08-18 19:45:04.036445,2026-08-18 19:04:29.753529,False,0.3647532,24.13113895,40.571381933333335,-3.2119743166666668,6.49589215,-9.707866466666667,False,False,True,
O00847,C0481,R013,2026-08-17 19:17:00,2026-08-17 20:13:55.935743,delivered,medium,clear,D035,D035,2026-08-17 19:30:38.753711,,2026-08-17 19:35:00,eta-v3.2,2026-08-17 20:16:15.230207,2026-08-17 19:45:15.416585,False,13.645895183333332,14.611047899999999,30.996893699999998,2.3215744000000003,10.256943083333335,-7.935368683333334,True,False,True,
O00848,C0682,R001,2026-08-17 13:46:00,2026-08-17 15:05:48.000000,delivered,high,clear,D043,D043,2026-08-17 13:46:06.650950,,2026-08-17 14:04:00,eta-v3.2,2026-08-17 15:03:22.390052,2026-08-17 14:09:18.117199,False,0.11084916666666667,23.19110415,54.07121421666667,-2.4268324666666667,5.301953316666667,-7.728785783333334,False,False,True,
O00849,C0739,R024,2026-08-20 12:07:00,2026-08-20 13:34:54.000000,delivered,severe,rain,D117,D117,2026-08-20 12:12:39.427034,,2026-08-20 12:25:00,eta-v3.2,2026-08-20 13:45:22.878021,2026-08-20 12:36:21.256784,False,5.6571172333333335,23.6971625,69.02702061666668,10.48130035,11.354279733333334,-0.8729793833333339,True,True,True,
O00850,C0412,R028,2026-08-16 18:20:00,2026-08-16 19:19:51.236850,delivered,low,clear,D002,D002,2026-08-16 18:22:48.541764,,2026-08-16 18:38:00,eta-v3.2,2026-08-16 19:11:36.841928,2026-08-16 18:43:30.654506,False,2.8090294,20.701879033333334,28.1031237,-8.239915366666667,5.510908433333333,-13.7508238,False,False,True,
O00851,C0584,R015,2026-08-07 11:42:00,2026-08-07 12:53:19.986771,delivered,medium,clear,D083,D083,2026-08-07 11:44:05.211340,,2026-08-07 12:00:00,eta-v3.2,2026-08-07 12:42:31.839199,2026-08-07 11:57:42.201732,False,2.0868556666666667,13.616506533333334,44.827291116666665,-10.802459533333332,-2.2966378,-8.505821733333331,False,False,True,
O00852,C0808,R043,2026-08-08 13:52:00,2026-08-08 15:07:36.000000,delivered,medium,clear,D118,D118,2026-08-08 13:56:03.173352,,2026-08-08 14:10:00,eta-v3.1,2026-08-08 15:23:48.566562,2026-08-08 14:35:44.206558,False,4.0528892,39.68388676666667,48.072666733333335,16.2094427,25.736775966666666,-9.527333266666666,True,True,True,
O00853,C0335,R005,2026-08-04 11:42:00,2026-08-04 12:35:37.707596,delivered,medium,clear,D036,D036,2026-08-04 11:43:36.940068,,2026-08-04 12:00:00,eta-v3.2,2026-08-04 12:45:05.247031,2026-08-04 12:11:53.817080,False,1.6156678,28.281283533333333,33.19049918333334,9.458990583333334,11.896951333333334,-2.4379607500000002,True,False,True,
O00854,C0575,R018,2026-08-22 18:50:00,2026-08-22 20:09:48.000000,delivered,high,clear,D094,D094,2026-08-22 18:50:23.416183,,2026-08-22 19:08:00,eta-v3.1,2026-08-22 20:27:37.081650,2026-08-22 19:33:11.908823,False,0.39026971666666666,42.80821066666667,54.419547116666664,17.818027500000003,25.198480383333333,-7.38045288333333,True,True,True,
O00855,C0377,R016,2026-08-23 16:14:00,2026-08-23 17:32:06.000000,delivered,medium,rain,D093,D059,2026-08-23 16:17:05.127298,2026-08-23 16:24:41.169567,2026-08-23 16:32:00,eta-v3.2,2026-08-23 17:34:28.591437,2026-08-23 16:36:22.864159,True,3.0854549666666666,19.29561435,58.09545463333333,2.37652395,4.381069316666666,-2.004545366666666,True,False,True,
O00856,C0735,R048,2026-08-03 18:22:00,2026-08-03 19:29:18.716564,delivered,medium,clear,D086,D086,2026-08-03 18:25:04.567095,,2026-08-03 18:40:00,eta-v3.1,2026-08-03 19:19:34.964724,2026-08-03 18:42:04.921679,False,3.07611825,17.005909733333333,37.50071741666667,-9.729197333333333,2.0820279833333335,-11.811225316666667,False,False,True,
O00857,C0244,R053,2026-08-23 18:16:00,2026-08-23 19:29:08.492787,delivered,low,rain,D088,D088,2026-08-23 18:16:46.477994,,2026-08-23 18:34:00,eta-v3.1,2026-08-23 19:39:46.767632,2026-08-23 18:47:20.041957,False,0.7746332333333333,30.559399383333336,52.44542791666667,10.637914083333333,13.334032616666667,-2.6961185333333333,True,True,True,
O00858,C0528,R046,2026-08-02 18:50:00,2026-08-02 20:07:03.233589,delivered,high,heavy_rain,D008,D008,2026-08-02 18:51:16.471953,,2026-08-02 19:08:00,eta-v3.1,2026-08-02 20:13:45.040736,2026-08-02 19:09:59.566241,False,1.27453255,18.718238133333333,63.75790825,6.6967857833333335,1.9927706833333334,4.7040151,True,False,True,
O00859,C0841,R017,2026-08-09 20:11:00,2026-08-09 21:06:09.468610,delivered,medium,clear,D059,D059,2026-08-09 20:11:39.562306,,2026-08-09 20:29:00,eta-v3.1,2026-08-09 21:00:09.009957,2026-08-09 20:28:21.873701,False,0.6593717666666666,16.705189916666665,31.785604266666667,-6.007644216666667,-0.6354383166666667,-5.3722059,False,False,True,
O00860,C0518,R014,2026-08-17 21:25:00,2026-08-17 22:17:30.618676,delivered,low,clear,D113,D113,2026-08-17 21:28:43.448435,,2026-08-17 21:43:00,eta-v3.2,2026-08-17 22:09:38.345727,2026-08-17 21:43:14.347813,False,3.724140583333333,14.514989633333332,26.399965233333333,-7.871215816666666,0.23913021666666667,-8.110346033333332,False,False,True,
O00861,C0183,R022,2026-08-03 23:08:00,2026-08-04 00:13:17.526173,delivered,low,clear,D058,D058,2026-08-03 23:20:22.807595,,2026-08-03 23:26:00,eta-v3.2,2026-08-04 00:18:15.808052,2026-08-03 23:35:57.627446,False,12.380126583333332,15.58033085,42.3030101,4.97136465,9.960457433333334,-4.989092783333334,True,False,True,
O00862,C0067,R025,2026-08-09 18:26:00,2026-08-09 19:41:18.000000,delivered,low,rain,D096,D096,2026-08-09 18:37:37.028673,,2026-08-09 18:44:00,eta-v3.2,2026-08-09 20:05:24.298945,2026-08-09 19:16:31.622000,False,11.61714455,38.90988878333334,48.877949083333334,24.104982416666665,32.527033333333335,-8.42205091666667,True,True,True,
O00863,C0657,R032,2026-08-25 19:09:00,2026-08-25 20:24:36.000000,delivered,medium,clear,D103,D103,2026-08-25 19:12:37.398733,,2026-08-25 19:27:00,eta-v3.1,2026-08-25 20:22:30.421397,2026-08-25 19:34:44.852623,False,3.6233122166666667,22.1242315,47.75947956666666,-2.0929767166666666,7.747543716666667,-9.840520433333333,False,False,True,
O00864,C0237,R018,2026-08-15 13:03:00,2026-08-15 14:06:19.178423,delivered,medium,clear,D076,D076,2026-08-15 13:04:01.044978,,2026-08-15 13:21:00,eta-v3.2,2026-08-15 14:08:23.327115,2026-08-15 13:29:13.485953,False,1.0174163,25.207349583333333,39.16401936666667,2.0691448666666665,8.224765883333333,-6.155621016666666,True,False,True,
O00865,C0272,R010,2026-08-28 21:04:00,2026-08-28 22:19:36.000000,delivered,medium,clear,D036,D036,2026-08-28 21:08:21.412713,,2026-08-28 21:22:00,eta-v3.2,2026-08-28 22:10:01.532718,2026-08-28 21:18:41.788656,False,4.35687855,10.33959905,51.3290677,-9.574454699999999,-3.3035224,-6.270932299999998,False,False,True,
O00866,C0342,R029,2026-08-11 20:29:00,2026-08-11 21:44:36.000000,delivered,medium,clear,D119,D119,2026-08-11 20:31:17.705168,,2026-08-11 20:47:00,eta-v3.2,2026-08-11 21:32:27.228041,2026-08-11 20:45:42.202426,False,2.2950861333333332,14.408287633333334,46.75042691666667,-12.146199316666667,-1.2966262333333334,-10.849573083333334,False,False,True,
O00867,C0587,R047,2026-08-24 18:04:00,2026-08-24 19:04:51.843400,delivered,severe,clear,D100,D100,2026-08-24 18:06:00.347067,,2026-08-24 18:22:00,eta-v3.1,2026-08-24 19:05:40.020409,2026-08-24 18:27:22.899075,False,2.0057844499999997,21.375866799999997,38.28535556666667,0.8029501499999999,5.38165125,-4.5787011,True,False,True,
O00868,C0881,R021,2026-08-02 11:00:00,2026-08-02 12:25:24.000000,delivered,severe,clear,D008,D008,2026-08-02 11:01:14.437450,,2026-08-02 11:18:00,eta-v3.2,2026-08-02 12:32:22.041184,2026-08-02 11:24:19.405504,False,1.2406241666666666,23.0828009,68.043928,6.967353066666666,6.323425066666667,0.643927999999999,True,False,True,
O00869,C0519,R033,2026-08-09 20:50:00,2026-08-09 22:02:48.000000,delivered,low,clear,D010,D010,2026-08-09 20:50:08.643777,,2026-08-09 21:08:00,eta-v3.2,2026-08-09 21:58:01.471632,2026-08-09 21:14:55.116533,False,0.14406295,24.774545933333332,43.10591831666667,-4.7754728,6.9186088833333335,-11.694081683333334,False,False,True,
O00870,C0166,R044,2026-08-27 20:40:00,2026-08-27 21:57:42.489444,delivered,high,clear,D043,D043,2026-08-27 20:41:35.307210,,2026-08-27 20:58:00,eta-v3.1,2026-08-27 22:01:01.794127,2026-08-27 21:05:06.874847,False,1.5884535,23.526127283333334,55.91532133333333,3.3217447166666667,7.114580783333333,-3.7928360666666667,True,False,True,
O00871,C0621,R024,2026-08-17 16:46:00,2026-08-17 18:11:24.000000,delivered,severe,clear,D092,D092,2026-08-17 16:47:39.642604,,2026-08-17 17:04:00,eta-v3.1,2026-08-17 18:04:22.619317,2026-08-17 17:02:26.061448,False,1.6607100666666668,14.7736474,61.942631150000004,-7.0230113833333325,-1.5656425333333333,-5.457368849999999,False,False,True,
O00872,C0139,R056,2026-08-18 18:26:00,2026-08-18 19:45:48.000000,delivered,high,clear,D114,D114,2026-08-18 18:26:14.314312,,2026-08-18 18:44:00,eta-v3.2,2026-08-18 19:48:35.861226,2026-08-18 18:57:50.599690,False,0.23857186666666666,31.604756300000002,50.754358933333336,2.7976870999999996,13.843328166666668,-11.045641066666668,True,False,True,
O00873,C0301,R060,2026-08-05 17:01:00,2026-08-05 18:00:16.242666,delivered,medium,clear,D010,D010,2026-08-05 17:04:49.081596,,2026-08-05 17:19:00,eta-v3.1,2026-08-05 17:56:08.815245,2026-08-05 17:20:52.733979,False,3.8180266,16.06087305,35.268021100000006,-4.12379035,1.8788996500000001,-6.00269,False,False,True,
O00874,C0133,R018,2026-08-06 19:37:00,2026-08-06 20:51:29.097055,delivered,medium,clear,D008,D008,2026-08-06 19:37:36.030281,,2026-08-06 19:55:00,eta-v3.1,2026-08-06 21:19:29.735858,2026-08-06 20:31:50.915352,False,0.6005046833333334,54.24808451666667,47.64700843333333,28.010646716666667,36.8485892,-8.837942483333332,True,True,True,
O00875,C0356,R060,2026-08-10 23:23:00,2026-08-11 00:20:37.298015,delivered,high,rain,D069,D069,2026-08-10 23:24:40.205162,,2026-08-10 23:41:00,eta-v3.1,2026-08-11 00:32:44.542189,2026-08-10 23:57:33.888524,False,1.6700860333333334,32.8947227,35.17756108333333,12.120736233333334,16.564808733333333,-4.444072499999999,True,True,True,
O00876,C0754,R007,2026-08-27 22:50:00,2026-08-28 00:02:48.000000,delivered,low,clear,D095,D095,2026-08-27 22:54:37.622690,,2026-08-27 23:08:00,eta-v3.2,2026-08-27 23:48:45.962206,2026-08-27 23:06:04.179160,False,4.627044833333333,11.442607833333334,42.6963841,-14.033963233333333,-1.9303473333333334,-12.1036159,False,False,True,
O00877,C0612,R005,2026-08-20 14:18:00,2026-08-20 15:33:18.000000,delivered,low,rain,D073,D073,2026-08-20 14:19:33.570439,,2026-08-20 14:36:00,eta-v3.2,2026-08-20 15:26:50.368469,2026-08-20 14:42:07.350378,False,1.5595073166666666,22.562998983333333,44.71696818333333,-6.460525516666666,6.1225062999999995,-12.583031816666665,False,False,True,
O00878,C0815,R043,2026-08-07 15:09:00,2026-08-07 16:02:01.870260,delivered,high,clear,D030,D030,2026-08-07 15:11:06.260621,,2026-08-07 15:27:00,eta-v3.2,2026-08-07 16:17:37.155106,2026-08-07 15:48:13.445935,False,2.1043436833333335,37.11975523333333,29.39515285,15.588080766666668,21.224098916666666,-5.636018149999998,True,True,True,
O00879,C0049,R049,2026-08-21 19:42:00,2026-08-21 20:56:48.715750,delivered,medium,clear,D005,D005,2026-08-21 19:46:14.759900,,2026-08-21 20:00:00,eta-v3.1,2026-08-21 20:56:45.964326,2026-08-21 20:10:28.445315,False,4.2459983333333335,24.228090249999997,46.29198351666666,-0.04585706666666667,10.474088583333334,-10.51994565,False,False,True,
O00880,C0345,R060,2026-08-09 17:52:00,2026-08-09 18:58:22.514305,delivered,medium,clear,D038,D038,2026-08-09 17:55:57.543991,,2026-08-09 18:10:00,eta-v3.2,2026-08-09 18:53:59.606120,2026-08-09 18:15:45.666363,False,3.9590665166666668,19.802039533333335,38.232329283333335,-4.381803083333334,5.7611060499999995,-10.142909133333333,False,False,True,
O00881,C0641,R009,2026-08-14 12:56:00,2026-08-14 14:21:24.000000,delivered,severe,clear,D009,D009,2026-08-14 12:56:51.139096,,2026-08-14 13:14:00,eta-v3.1,2026-08-14 14:29:15.196188,2026-08-14 13:29:05.025079,False,0.8523182666666667,32.23143305,60.169518483333334,7.8532698000000005,15.083751316666667,-7.230481516666667,True,False,True,
O00882,C0155,R009,2026-08-26 19:21:00,2026-08-26 20:33:48.000000,delivered,low,clear,D104,D104,2026-08-26 19:27:52.665549,,2026-08-26 19:39:00,eta-v3.2,2026-08-26 20:33:05.772625,2026-08-26 19:41:56.185161,False,6.87775915,14.0586602,51.15979106666667,-0.7037895833333334,2.93641935,-3.6402089333333336,False,False,True,
O00883,C0769,R046,2026-08-15 23:37:00,2026-08-16 00:26:30.988001,delivered,medium,clear,D032,D032,2026-08-15 23:40:18.544261,,2026-08-15 23:55:00,eta-v3.2,2026-08-16 00:35:31.174890,2026-08-16 00:07:31.753897,False,3.3090710166666666,27.2201606,27.990349883333334,9.003114816666665,12.529231616666667,-3.5261168000000023,True,False,True,
O00884,C0177,R011,2026-08-19 14:16:00,2026-08-19 15:15:45.868172,delivered,medium,clear,D011,D011,2026-08-19 14:20:44.670772,,2026-08-19 14:34:00,eta-v3.1,2026-08-19 15:35:21.381588,2026-08-19 14:53:46.243018,False,4.744512866666667,33.0262041,41.58564283333333,19.591890266666667,19.770716966666665,-0.17882669999999834,True,True,True,
O00885,C0316,R044,2026-08-18 20:34:00,2026-08-18 21:47:48.885839,delivered,severe,clear,D078,D078,2026-08-18 20:35:25.849362,,2026-08-18 20:52:00,eta-v3.1,2026-08-18 21:45:28.988525,2026-08-18 20:53:29.589466,False,1.4308227,18.062335066666666,51.989984316666664,-2.3316219,1.4931577666666667,-3.8247796666666667,False,False,True,
O00886,C0282,R002,2026-08-28 14:24:00,2026-08-28 15:39:36.000000,delivered,medium,clear,D085,D085,2026-08-28 14:24:03.805423,,2026-08-28 14:42:00,eta-v3.2,2026-08-28 15:35:47.311797,2026-08-28 14:42:29.214162,False,0.06342371666666666,18.423478983333332,53.30162725,-3.8114700499999996,0.4869027,-4.2983727499999995,False,False,True,
O00887,C0579,R048,2026-08-10 19:26:00,2026-08-10 20:38:48.000000,delivered,low,clear,D044,D044,2026-08-10 19:29:21.922450,,2026-08-10 19:44:00,eta-v3.1,2026-08-10 20:38:51.484045,2026-08-10 19:51:40.676427,False,3.3653741666666668,22.312566283333336,47.18012696666666,0.05806741666666667,7.6779404499999995,-7.619873033333333,True,False,True,
O00888,C0774,R056,2026-08-08 12:49:00,2026-08-08 14:11:18.000000,delivered,high,rain,D086,D086,2026-08-08 12:50:02.958437,,2026-08-08 13:07:00,eta-v3.2,2026-08-08 14:18:26.668317,2026-08-08 13:15:59.428158,False,1.0493072833333335,25.941162016666667,62.45400265,7.14447195,8.9904693,-1.845997350000001,True,False,True,
O00889,C0035,R007,2026-08-13 20:34:00,2026-08-13 21:59:24.000000,delivered,severe,clear,D050,D050,2026-08-13 20:35:53.832067,,2026-08-13 20:52:00,eta-v3.1,2026-08-13 21:57:13.014797,2026-08-13 20:56:29.200377,False,1.8972011166666667,20.589471833333334,60.730240333333334,-2.1830867166666668,4.48667295,-6.669759666666667,False,False,True,
O00890,C0883,R038,2026-08-25 19:01:00,2026-08-25 20:16:36.000000,delivered,medium,clear,D021,D021,2026-08-25 19:02:14.503763,,2026-08-25 19:19:00,eta-v3.1,2026-08-25 20:11:29.181119,2026-08-25 19:16:59.209476,False,1.2417293833333334,14.745095216666666,54.49952738333333,-5.113648016666667,-2.0131754,-3.1004726166666665,False,False,True,
O00891,C0733,R049,2026-08-22 22:49:00,2026-08-22 23:55:15.184583,delivered,medium,clear,D040,D040,2026-08-22 22:49:29.469940,,2026-08-22 23:07:00,eta-v3.1,2026-08-22 23:56:47.317381,2026-08-22 23:12:51.902718,False,0.49116566666666667,23.373879633333335,43.923577716666664,1.5355466333333332,5.8650453,-4.329498666666667,True,False,True,
O00892,C0385,R025,2026-08-21 17:47:00,2026-08-21 19:12:48.000000,delivered,high,heavy_rain,D054,D054,2026-08-21 17:53:06.393963,,2026-08-21 18:05:00,eta-v3.1,2026-08-21 19:33:40.281369,2026-08-21 18:26:09.674686,False,6.10656605,33.054678716666665,67.51011138333334,20.87135615,21.161244766666666,-0.28988861666666565,True,True,True,
O00893,C0556,R051,2026-08-08 16:52:00,2026-08-08 17:54:57.666880,delivered,medium,clear,D081,D081,2026-08-08 16:57:41.236475,,2026-08-08 17:10:00,eta-v3.1,2026-08-08 18:25:17.031993,2026-08-08 17:43:55.003435,False,5.687274583333333,46.229449333333335,41.36714263333333,30.322751883333336,33.91672391666667,-3.5939720333333334,True,True,True,
O00894,C0875,R047,2026-08-14 11:18:00,2026-08-14 12:23:52.577265,delivered,medium,clear,D020,D020,2026-08-14 11:20:19.913804,,2026-08-14 11:36:00,eta-v3.1,2026-08-14 12:29:23.728062,2026-08-14 11:49:29.819041,False,2.331896733333333,29.16508728333333,39.89848368333333,5.51917995,13.496984016666666,-7.977804066666666,True,False,True,
O00895,C0346,R043,2026-08-03 14:17:00,2026-08-03 15:13:23.559219,delivered,medium,clear,D068,D068,2026-08-03 14:17:41.622924,,2026-08-03 14:35:00,eta-v3.2,2026-08-03 15:16:40.717322,2026-08-03 14:42:13.162687,False,0.6937154,24.525662716666666,34.459243916666665,3.2859683833333335,7.219378116666666,-3.933409733333333,True,False,True,
O00896,C0653,R013,2026-08-14 12:21:00,2026-08-14 13:29:34.149923,delivered,medium,clear,D001,D001,2026-08-14 12:21:07.009032,,2026-08-14 12:39:00,eta-v3.2,2026-08-14 14:00:22.095090,2026-08-14 13:15:49.285212,False,0.11681720000000001,54.704603,44.5468313,30.79908611666667,36.8214202,-6.02233408333333,True,True,True,
O00897,C0149,R055,2026-08-18 21:15:00,2026-08-18 22:27:48.000000,delivered,low,clear,D028,D070,2026-08-18 21:15:46.156244,2026-08-18 21:22:52.230679,2026-08-18 21:33:00,eta-v3.1,2026-08-18 22:24:19.611152,2026-08-18 21:35:03.529951,True,0.7692707333333334,19.289561783333333,49.26802001666667,-3.4731474666666666,2.0588325166666666,-5.531979983333333,False,False,True,
O00898,C0680,R037,2026-08-09 18:46:00,2026-08-09 19:56:07.924199,delivered,high,clear,D046,D046,2026-08-09 18:46:36.248569,,2026-08-09 19:04:00,eta-v3.2,2026-08-09 20:01:37.346141,2026-08-09 19:15:21.344760,False,0.6041428166666667,28.751603183333334,46.26668968333333,5.4903657,11.355746,-5.8653803,True,False,True,
O00899,C0577,R044,2026-08-14 15:38:00,2026-08-14 16:59:36.000000,delivered,medium,heavy_rain,D093,D093,2026-08-14 15:40:32.877678,,2026-08-14 15:56:00,eta-v3.1,2026-08-14 17:00:11.093410,2026-08-14 16:03:00.914580,False,2.5479613,22.4672817,57.169647166666664,0.5848901666666666,7.015243,-6.430352833333333,True,False,True,
O00900,C0106,R039,2026-08-24 11:04:00,2026-08-24 12:23:48.000000,delivered,high,clear,D066,D066,2026-08-24 11:04:25.204777,,2026-08-24 11:22:00,eta-v3.1,2026-08-24 12:25:10.238259,2026-08-24 11:25:34.205756,False,0.42007961666666666,21.150016316666665,59.60054171666666,1.37063765,3.5700959333333335,-2.1994582833333336,True,False,True,
O00901,C0629,R015,2026-08-28 17:26:00,2026-08-28 18:41:36.000000,delivered,medium,clear,D100,D100,2026-08-28 17:29:02.544013,,2026-08-28 17:44:00,eta-v3.1,2026-08-28 18:43:35.316572,2026-08-28 17:55:39.325212,False,3.0424002166666666,26.613019983333334,47.93318933333333,1.9886095333333331,11.6554202,-9.666810666666667,True,False,True,
O00902,C0381,R012,2026-08-09 11:29:00,2026-08-09 12:26:28.417076,delivered,low,rain,D069,D069,2026-08-09 11:30:55.641497,,2026-08-09 11:47:00,eta-v3.2,2026-08-09 12:22:12.015363,2026-08-09 11:53:35.047998,False,1.9273582833333334,22.656775016666664,28.61612275,-4.273361883333333,6.5841333,-10.857495183333334,False,False,True,
O00903,C0631,R044,2026-08-03 19:22:00,2026-08-03 20:33:11.065545,delivered,medium,clear,D010,D010,2026-08-03 19:23:02.648147,,2026-08-03 19:40:00,eta-v3.2,2026-08-03 20:37:53.421810,2026-08-03 19:51:14.447217,False,1.0441357833333333,28.196651166666665,46.64957655,4.70593775,11.24078695,-6.5348492,True,False,True,
O00904,C0311,R057,2026-08-08 23:35:00,2026-08-09 00:48:05.486411,delivered,medium,rain,D088,D088,2026-08-08 23:35:19.850409,,2026-08-08 23:53:00,eta-v3.2,2026-08-09 01:06:12.757872,2026-08-09 00:21:31.303143,False,0.33084015,46.1908789,44.69091215,18.121191016666668,28.52171905,-10.400528033333334,True,True,True,
O00905,C0664,R049,2026-08-04 15:18:00,2026-08-04 16:33:36.000000,delivered,medium,clear,D023,D023,2026-08-04 15:21:07.096864,,2026-08-04 15:36:00,eta-v3.1,2026-08-04 16:40:48.665714,2026-08-04 15:48:07.415195,False,3.118281066666667,27.005305516666667,52.687508650000005,7.211095233333333,12.123586583333333,-4.91249135,True,False,True,
O00906,C0203,R050,2026-08-25 19:35:00,2026-08-25 20:44:02.775957,delivered,medium,clear,D080,D080,2026-08-25 19:44:23.101000,,2026-08-25 19:53:00,eta-v3.2,2026-08-25 20:53:29.750617,2026-08-25 20:08:26.805752,False,9.385016666666667,24.06174586666667,45.049081083333334,9.449577666666666,15.446762533333333,-5.997184866666666,True,False,True,
O00907,C0631,R015,2026-08-20 13:15:00,2026-08-20 14:09:33.200463,delivered,medium,rain,D046,D046,2026-08-20 13:15:00.782585,,2026-08-20 13:33:00,eta-v3.1,2026-08-20 13:55:11.360812,2026-08-20 13:24:36.707624,False,0.013043083333333334,9.59875065,30.577553133333332,-14.363994183333334,-8.388206266666666,-5.975787916666668,False,False,True,
O00908,C0459,R035,2026-08-14 21:13:00,2026-08-14 22:28:36.000000,delivered,medium,clear,D044,D044,2026-08-14 21:26:48.443879,,2026-08-14 21:31:00,eta-v3.1,2026-08-14 22:08:55.755524,2026-08-14 21:25:31.034393,False,13.807397983333335,-1.2901581,43.412018849999995,-19.670741266666667,-5.482760116666666,-14.18798115,False,False,True,
O00909,C0697,R026,2026-08-19 17:17:00,2026-08-19 18:39:18.000000,delivered,high,rain,D048,D048,2026-08-19 17:22:00.312047,,2026-08-19 17:35:00,eta-v3.1,2026-08-19 19:03:00.986423,2026-08-19 17:57:51.008216,False,5.005200783333334,35.844936149999995,65.16630345,23.716440383333335,22.85013693333333,0.8663034500000037,True,True,True,
O00910,C0464,R057,2026-08-27 18:13:00,2026-08-27 19:25:42.545080,delivered,high,rain,D106,D106,2026-08-27 18:13:02.434520,,2026-08-27 18:31:00,eta-v3.2,2026-08-27 19:31:47.156537,2026-08-27 18:42:49.058441,False,0.04057533333333333,29.77706535,48.968301600000004,6.076857616666667,11.817640683333334,-5.740783066666667,True,False,True,
O00911,C0396,R053,2026-08-01 19:12:00,2026-08-01 20:00:36.630456,delivered,low,clear,D055,D055,2026-08-01 19:12:46.619391,,2026-08-01 19:30:00,eta-v3.2,2026-08-01 19:50:16.359030,2026-08-01 19:29:50.578659,False,0.77698985,17.0659878,20.42967285,-10.3378571,-0.15702235,-10.18083475,False,False,True,
O00912,C0141,R004,2026-08-21 20:48:00,2026-08-21 21:30:16.837667,delivered,medium,clear,D029,D029,2026-08-21 20:48:04.700450,,2026-08-21 21:06:00,eta-v3.1,2026-08-21 21:44:00.678653,2026-08-21 21:32:19.043090,False,0.07834083333333333,44.239044,11.69392605,13.7306831,26.317384833333332,-12.586701733333332,True,True,True,
O00913,C0692,R035,2026-08-08 19:10:00,2026-08-08 20:25:36.000000,delivered,medium,clear,D028,D028,2026-08-08 19:13:42.890473,,2026-08-08 19:28:00,eta-v3.2,2026-08-08 20:13:41.763931,2026-08-08 19:25:54.262575,False,3.7148412166666662,12.189535033333334,47.79168926666667,-11.903934483333334,-2.09562375,-9.808310733333334,False,False,True,
O00914,C0281,R019,2026-08-07 22:27:00,2026-08-07 23:42:18.000000,delivered,low,rain,D022,D022,2026-08-07 22:33:50.901170,,2026-08-07 22:45:00,eta-v3.1,2026-08-07 23:48:57.849507,2026-08-07 22:52:43.990541,False,6.848352833333333,18.88482285,56.23098276666666,6.66415845,7.733175683333333,-1.0690172333333328,True,False,True,
O00915,C0827,R049,2026-08-04 20:08:00,2026-08-04 21:27:48.000000,delivered,high,clear,D115,D115,2026-08-04 20:12:09.239740,,2026-08-04 20:26:00,eta-v3.1,2026-08-04 21:24:40.009352,2026-08-04 20:27:51.211454,False,4.153995666666667,15.699528566666666,56.8132983,-3.1331774666666665,1.8535242333333335,-4.9867017,False,False,True,
O00916,C0082,R037,2026-08-02 18:38:00,2026-08-02 19:53:36.000000,delivered,medium,clear,D088,D088,2026-08-02 18:39:41.059252,,2026-08-02 18:56:00,eta-v3.1,2026-08-02 20:04:25.336872,2026-08-02 19:17:27.622241,False,1.6843208666666667,37.776049816666664,46.96191051666666,10.822281199999999,21.460370683333334,-10.638089483333335,True,True,True,
O00917,C0531,R044,2026-08-17 13:28:00,2026-08-17 14:40:48.000000,delivered,low,clear,D111,D111,2026-08-17 13:46:59.692291,,2026-08-17 13:46:00,eta-v3.2,2026-08-17 14:34:54.491923,2026-08-17 13:50:59.936796,False,18.994871516666667,4.004075083333333,43.90925211666667,-5.891801283333334,4.9989466,-10.890747883333333,False,False,True,
O00918,C0694,R046,2026-08-23 11:51:00,2026-08-23 13:08:17.565553,delivered,high,clear,D005,D005,2026-08-23 11:51:03.230335,,2026-08-23 12:09:00,eta-v3.2,2026-08-23 12:52:49.800003,2026-08-23 11:58:59.039467,False,0.05383891666666667,7.930152199999999,53.84600893333333,-15.462759166666666,-10.016008883333335,-5.446750283333332,False,False,True,
O00919,C0698,R039,2026-08-21 17:50:00,2026-08-21 18:49:12.592852,delivered,high,heavy_rain,D061,D061,2026-08-21 17:57:13.770332,,2026-08-21 18:08:00,eta-v3.2,2026-08-21 18:55:52.875706,2026-08-21 18:15:18.974724,False,7.229505533333334,18.08673986666667,40.56501636666667,6.6713809,7.3162454,-0.6448644999999997,True,False,True,
O00920,C0520,R011,2026-08-18 18:31:00,2026-08-18 19:30:22.094585,delivered,medium,clear,D049,D075,2026-08-18 18:41:57.007049,2026-08-18 18:47:13.934292,2026-08-18 18:49:00,eta-v3.2,2026-08-18 19:44:23.256844,2026-08-18 19:06:57.935930,True,10.950117483333335,25.01548135,37.42201523333333,14.019370983333333,17.965598833333335,-3.9462278500000014,True,True,True,
O00921,C0403,R046,2026-08-09 21:24:00,2026-08-09 22:25:38.137244,delivered,medium,clear,D043,D043,2026-08-09 21:24:55.318770,,2026-08-09 21:42:00,eta-v3.1,2026-08-09 22:19:45.866925,2026-08-09 21:46:37.235222,False,0.9219795000000001,21.698607533333334,33.14386171666667,-5.8711719833333325,4.620587033333334,-10.491759016666666,False,False,True,
O00922,C0316,R002,2026-08-10 20:50:00,2026-08-10 22:05:36.000000,delivered,medium,clear,D041,D041,2026-08-10 20:59:45.898132,,2026-08-10 21:08:00,eta-v3.2,2026-08-10 22:12:01.457805,2026-08-10 21:25:33.528774,False,9.764968866666667,25.793844033333336,46.465483850000005,6.42429675,17.558812900000003,-11.134516150000003,True,False,True,
O00923,C0426,R038,2026-08-28 22:11:00,2026-08-28 23:23:48.000000,delivered,low,clear,D097,D097,2026-08-28 22:12:56.025755,,2026-08-28 22:29:00,eta-v3.1,2026-08-28 23:10:01.755244,2026-08-28 22:27:00.325850,False,1.9337625833333334,14.07166825,43.02382323333333,-13.770745933333334,-1.9945691666666667,-11.776176766666667,False,False,True,
O00924,C0674,R026,2026-08-08 18:24:00,2026-08-08 19:43:48.000000,delivered,high,clear,D114,D114,2026-08-08 18:25:11.312810,,2026-08-08 18:42:00,eta-v3.2,2026-08-08 19:45:49.739067,2026-08-08 18:49:29.498545,False,1.1885468333333333,24.303095583333334,56.337342033333336,2.0289844500000003,7.491642416666666,-5.462657966666666,True,False,True,
O00925,C0896,R057,2026-08-10 17:10:00,2026-08-10 18:25:18.000000,delivered,low,rain,D048,D048,2026-08-10 17:11:20.778263,,2026-08-10 17:28:00,eta-v3.1,2026-08-10 18:34:33.794477,2026-08-10 17:40:22.871461,False,1.3463043833333332,29.034886633333333,54.18205026666667,9.263241283333334,12.381191016666666,-3.1179497333333313,True,False,True,
O00926,C0462,R054,2026-08-21 17:22:00,2026-08-21 18:47:24.000000,delivered,severe,clear,D098,D098,2026-08-21 17:23:55.987877,,2026-08-21 17:40:00,eta-v3.2,2026-08-21 18:46:53.310715,2026-08-21 17:39:31.861459,False,1.9331312833333334,15.597893033333333,67.3574876,-0.5114880833333334,-0.46897568333333334,-0.04251240000000006,False,False,True,
O00927,C0705,R046,2026-08-01 19:30:00,2026-08-01 20:29:02.748572,delivered,medium,clear,D106,D106,2026-08-01 19:32:03.309953,,2026-08-01 19:48:00,eta-v3.1,2026-08-01 20:28:48.650446,2026-08-01 19:55:28.070556,False,2.0551658833333333,23.412676716666667,33.34299816666667,-0.2349687666666667,7.4678426,-7.702811366666666,False,False,True,
O00928,C0249,R019,2026-08-17 18:53:00,2026-08-17 20:18:24.000000,delivered,severe,clear,D056,D056,2026-08-17 18:53:03.821279,,2026-08-17 19:11:00,eta-v3.1,2026-08-17 20:30:29.772368,2026-08-17 19:25:58.392322,False,0.06368798333333334,32.90951738333333,64.52300076666667,12.096206133333334,14.973205366666667,-2.8769992333333327,True,True,True,
O00929,C0859,R051,2026-08-07 22:13:00,2026-08-07 23:19:24.176783,delivered,severe,rain,D094,D094,2026-08-07 22:13:30.759237,,2026-08-07 22:31:00,eta-v3.1,2026-08-07 23:14:54.509048,2026-08-07 22:26:13.383789,False,0.51265395,12.710409199999999,48.68542098333333,-4.49446225,-4.77693685,0.28247460000000046,False,False,True,
O00930,C0220,R022,2026-08-15 18:46:00,2026-08-15 19:50:13.234987,delivered,high,clear,D120,D120,2026-08-15 18:49:55.503951,,2026-08-15 19:04:00,eta-v3.1,2026-08-15 20:19:42.080527,2026-08-15 19:36:31.818799,False,3.92506585,46.60524746666667,43.1710288,29.480759,32.530313316666664,-3.049554316666665,True,True,True,
O00931,C0388,R030,2026-08-03 22:58:00,2026-08-04 00:17:48.000000,delivered,high,clear,D087,D087,2026-08-03 23:03:41.204360,,2026-08-03 23:16:00,eta-v3.2,2026-08-04 00:06:19.307256,2026-08-03 23:18:00.013146,False,5.686739333333334,14.313479766666667,48.3215685,-11.478212399999999,2.0002191000000002,-13.4784315,False,False,True,
O00932,C0454,R021,2026-08-27 11:51:00,2026-08-27 13:03:48.000000,delivered,low,clear,D071,D071,2026-08-27 11:52:51.942983,,2026-08-27 12:09:00,eta-v3.1,2026-08-27 13:02:17.700334,2026-08-27 12:18:36.015414,False,1.8657163833333332,25.734540516666666,43.69474866666667,-1.5049944333333334,9.6002569,-11.105251333333333,False,False,True,
O00933,C0645,R051,2026-08-20 12:46:00,2026-08-20 14:08:18.000000,delivered,high,rain,D010,D010,2026-08-20 12:51:10.495305,,2026-08-20 13:04:00,eta-v3.1,2026-08-20 14:08:46.929272,2026-08-20 13:10:01.418201,False,5.174921749999999,18.848714933333333,58.75851785,0.48215453333333336,6.023636683333334,-5.54148215,True,False,True,
O00934,C0761,R027,2026-08-21 20:18:00,2026-08-21 21:30:48.000000,delivered,low,clear,D117,D117,2026-08-21 20:25:28.526591,,2026-08-21 20:36:00,eta-v3.2,2026-08-21 21:38:25.193680,2026-08-21 20:50:24.075543,False,7.475443183333334,24.925815866666667,48.018635616666664,7.619894666666666,14.40125905,-6.781364383333334,True,False,True,
O00935,C0094,R060,2026-08-03 15:17:00,2026-08-03 16:12:21.140728,delivered,medium,clear,D060,D060,2026-08-03 15:18:44.896535,,2026-08-03 15:35:00,eta-v3.2,2026-08-03 16:15:47.593295,2026-08-03 15:47:25.208803,False,1.7482755833333334,28.671871133333333,28.373074866666666,3.4408761166666664,12.420146716666666,-8.9792706,True,False,True,
O00936,C0767,R055,2026-08-25 20:15:00,2026-08-25 21:30:16.538034,delivered,medium,clear,D068,D068,2026-08-25 20:15:15.208669,,2026-08-25 20:33:00,eta-v3.1,2026-08-25 21:30:43.188479,2026-08-25 20:42:30.754239,False,0.2534778166666667,27.259092833333334,48.20723733333333,0.44417408333333336,9.512570649999999,-9.068396566666665,True,False,True,
O00937,C0889,R050,2026-08-28 23:33:00,2026-08-29 00:42:47.493150,delivered,high,clear,D054,D054,2026-08-28 23:34:06.081673,,2026-08-28 23:51:00,eta-v3.2,2026-08-29 00:39:43.777639,2026-08-28 23:54:28.597113,False,1.1013612166666666,20.37525733333333,45.25300876666667,-3.0619251833333334,3.47661855,-6.538543733333333,False,False,True,
O00938,C0321,R055,2026-08-11 17:52:00,2026-08-11 19:07:36.000000,delivered,medium,clear,D119,D119,2026-08-11 17:54:13.452873,,2026-08-11 18:10:00,eta-v3.1,2026-08-11 19:00:57.561680,2026-08-11 18:15:40.657672,False,2.22421455,21.45341331666667,45.281733466666665,-6.640638666666666,5.677627866666667,-12.318266533333333,False,False,True,
O00939,C0415,R032,2026-08-18 11:33:00,2026-08-18 13:00:54.000000,delivered,severe,rain,D081,D081,2026-08-18 11:39:34.724540,,2026-08-18 11:51:00,eta-v3.1,2026-08-18 13:16:37.480128,2026-08-18 12:07:21.023050,False,6.5787423333333335,27.771641833333334,69.27428463333334,15.7246688,16.350384166666668,-0.6257153666666682,True,True,True,
O00940,C0404,R052,2026-08-02 12:23:00,2026-08-02 13:32:19.563918,delivered,medium,clear,D050,D050,2026-08-02 12:25:44.372218,,2026-08-02 12:41:00,eta-v3.2,2026-08-02 13:44:50.834107,2026-08-02 13:00:06.026978,False,2.739536966666667,34.360912666666664,44.74678548333333,12.521169816666665,19.100449633333334,-6.579279816666668,True,True,True,
O00941,C0826,R060,2026-08-09 19:10:00,2026-08-09 20:12:41.162583,delivered,medium,clear,D002,D002,2026-08-09 19:11:53.800849,,2026-08-09 19:28:00,eta-v3.2,2026-08-09 20:26:41.904963,2026-08-09 19:48:57.976221,False,1.8966808166666667,37.069589533333335,37.732145700000004,14.012373,20.96627035,-6.953897349999998,True,True,True,
O00942,C0834,R010,2026-08-21 22:15:00,2026-08-21 23:11:10.781504,delivered,low,clear,D025,D025,2026-08-21 22:16:50.099342,,2026-08-21 22:33:00,eta-v3.1,2026-08-21 23:04:04.667779,2026-08-21 22:38:27.910246,False,1.8349890333333332,21.630181733333334,25.61262555,-7.101895416666666,5.465170766666666,-12.567066183333331,False,False,True,
O00943,C0063,R050,2026-08-08 16:09:00,2026-08-08 17:28:48.000000,delivered,high,clear,D072,D105,2026-08-08 16:10:53.717304,2026-08-08 16:16:12.367875,2026-08-08 16:27:00,eta-v3.2,2026-08-08 17:31:53.980700,2026-08-08 16:35:07.654140,True,1.8952883999999999,24.232280600000003,56.77210933333333,3.0996783333333338,8.127569,-5.027890666666666,True,False,True,
O00944,C0276,R030,2026-08-10 18:46:00,2026-08-10 19:35:01.742166,delivered,medium,clear,D115,D115,2026-08-10 18:52:36.191616,,2026-08-10 19:04:00,eta-v3.1,2026-08-10 19:26:43.171400,2026-08-10 19:07:29.909754,False,6.6031936,14.895302299999999,19.221027433333333,-8.309512766666666,3.4984959,-11.808008666666666,False,False,True,
O00945,C0309,R019,2026-08-27 11:22:00,2026-08-27 12:49:54.000000,delivered,severe,rain,D015,D015,2026-08-27 11:23:09.997790,,2026-08-27 11:40:00,eta-v3.1,2026-08-27 13:13:42.369252,2026-08-27 12:06:10.185039,False,1.1666298333333331,43.003120816666666,67.53640355,23.806154199999998,26.16975065,-2.363596450000003,True,True,True,
O00946,C0815,R002,2026-08-18 17:24:00,2026-08-18 18:39:36.000000,delivered,medium,clear,D092,D092,2026-08-18 17:29:47.626726,,2026-08-18 17:42:00,eta-v3.1,2026-08-18 18:28:10.688777,2026-08-18 17:40:28.298049,False,5.793778766666667,10.677855383333334,47.706512133333334,-11.421853716666668,-1.52836585,-9.893487866666668,False,False,True,
O00947,C0814,R001,2026-08-07 20:25:00,2026-08-07 21:40:36.000000,delivered,medium,clear,D004,D091,2026-08-07 20:31:08.629434,2026-08-07 20:38:58.292018,2026-08-07 20:43:00,eta-v3.1,2026-08-07 21:49:06.516180,2026-08-07 20:54:35.484502,True,6.1438239,23.44758446666667,54.51719463333333,8.508603,11.591408366666666,-3.0828053666666655,True,False,True,
O00948,C0345,R043,2026-08-20 17:56:00,2026-08-20 18:55:33.558731,delivered,medium,heavy_rain,D040,D040,2026-08-20 17:58:05.220790,,2026-08-20 18:14:00,eta-v3.2,2026-08-20 19:15:33.413404,2026-08-20 18:40:54.640680,False,2.0870131666666665,42.82366483333333,34.64621206666666,19.997577883333335,26.910678,-6.913100116666666,True,True,True,
O00949,C0265,R008,2026-08-17 11:41:00,2026-08-17 12:31:30.113802,delivered,medium,clear,D093,D093,2026-08-17 11:41:46.061992,,2026-08-17 11:59:00,eta-v3.1,2026-08-17 12:22:57.374211,2026-08-17 11:56:10.130664,False,0.7676998666666666,14.401144533333333,26.787392450000002,-8.54565985,-2.8311556,-5.714504249999999,False,False,True,
O00950,C0070,R004,2026-08-09 11:31:00,2026-08-09 12:46:36.000000,delivered,medium,clear,D020,D020,2026-08-09 11:33:05.130657,,2026-08-09 11:49:00,eta-v3.2,2026-08-09 12:55:17.477630,2026-08-09 12:01:55.702225,False,2.08551095,28.842859466666667,53.36292341666667,8.691293833333333,12.928370416666667,-4.237076583333334,True,False,True,
O00951,C0077,R053,2026-08-28 18:40:00,2026-08-28 19:37:43.523827,delivered,high,rain,D022,D022,2026-08-28 18:40:07.614964,,2026-08-28 18:58:00,eta-v3.2,2026-08-28 19:33:34.625091,2026-08-28 19:01:47.707494,False,0.12691606666666666,21.66820883333333,31.781959949999997,-4.148312266666667,3.7951249,-7.943437166666667,False,False,True,
O00952,C0218,R058,2026-08-05 22:20:00,2026-08-05 23:38:06.000000,delivered,medium,rain,D114,D114,2026-08-05 22:20:41.030789,,2026-08-05 22:38:00,eta-v3.2,2026-08-05 23:50:06.485747,2026-08-05 22:53:48.127969,False,0.6838464833333333,33.11828633333333,56.30596296666667,12.008095783333333,15.802132816666667,-3.7940370333333338,True,True,True,
O00953,C0773,R022,2026-08-13 12:48:00,2026-08-13 13:35:53.136545,delivered,medium,rain,D002,D002,2026-08-13 12:48:13.010182,,2026-08-13 13:06:00,eta-v3.2,2026-08-13 13:24:18.376963,2026-08-13 12:59:45.454139,False,0.21683636666666667,11.540732616666666,24.548713733333333,-11.579326366666667,-6.242431016666667,-5.33689535,False,False,True,
O00954,C0217,R016,2026-08-10 15:03:00,2026-08-10 16:10:13.957678,delivered,high,clear,D050,D050,2026-08-10 15:03:32.611225,,2026-08-10 15:21:00,eta-v3.2,2026-08-10 16:31:51.246018,2026-08-10 15:43:08.608842,False,0.5435204166666666,39.59996028333333,48.7106196,21.621472333333333,22.1434807,-0.5220083666666682,True,True,True,
O00955,C0703,R037,2026-08-09 21:25:00,2026-08-09 22:40:36.000000,delivered,medium,clear,D078,D078,2026-08-09 21:26:19.651130,,2026-08-09 21:43:00,eta-v3.1,2026-08-09 22:51:10.800754,2026-08-09 22:06:41.487359,False,1.3275188333333332,40.36393715,44.488556583333335,10.580012566666666,23.691455983333334,-13.111443416666669,True,True,True,
O00956,C0499,R037,2026-08-19 18:11:00,2026-08-19 19:23:48.000000,delivered,low,clear,D001,D001,2026-08-19 18:14:45.492679,,2026-08-19 18:29:00,eta-v3.2,2026-08-19 19:24:10.255263,2026-08-19 18:42:16.480735,False,3.758211316666667,27.5164676,41.89624213333333,0.37092105,13.274678916666666,-12.903757866666666,True,False,True,
O00957,C0167,R047,2026-08-04 21:11:00,2026-08-04 22:11:48.639080,delivered,medium,heavy_rain,D018,D018,2026-08-04 21:13:13.789551,,2026-08-04 21:29:00,eta-v3.2,2026-08-04 22:19:20.156067,2026-08-04 21:36:53.793723,False,2.2298258499999997,23.6667362,42.4393724,7.5252831166666665,7.89656205,-0.3712789333333335,True,False,True,
O00958,C0295,R015,2026-08-28 22:15:00,2026-08-28 23:24:08.102596,cancelled,high,clear,D031,D031,2026-08-28 22:15:56.874442,,2026-08-28 22:33:00,eta-v3.2,,,False,0.9479073666666668,,,,,,False,False,False,cancelled
O00959,C0640,R029,2026-08-18 13:42:00,2026-08-18 14:55:03.459602,delivered,high,clear,D064,D064,2026-08-18 13:42:14.742846,,2026-08-18 14:00:00,eta-v3.2,2026-08-18 15:03:32.210787,2026-08-18 14:09:23.912701,False,0.2457141,27.15283091666667,54.13830143333333,8.479186416666668,9.398545016666667,-0.9193585999999989,True,False,True,
O00960,C0682,R025,2026-08-19 13:04:00,2026-08-19 14:19:36.000000,delivered,medium,clear,D062,D062,2026-08-19 13:05:56.793096,,2026-08-19 13:22:00,eta-v3.1,2026-08-19 14:26:24.035836,2026-08-19 13:40:20.955898,False,1.9465516,34.40271336666667,46.0513323,6.800597266666667,18.349264966666667,-11.5486677,True,False,True,
O00961,C0357,R056,2026-08-28 11:10:00,2026-08-28 12:25:18.000000,delivered,low,rain,D029,D029,2026-08-28 11:11:18.915067,,2026-08-28 11:28:00,eta-v3.2,2026-08-28 12:27:57.361488,2026-08-28 11:34:03.842723,False,1.3152511166666665,22.748794266666668,53.891979416666665,2.6560248,6.064045383333333,-3.4080205833333332,True,False,True,
O00962,C0484,R038,2026-08-11 21:39:00,2026-08-11 22:54:36.000000,delivered,medium,clear,D072,D072,2026-08-11 21:43:30.666019,,2026-08-11 21:57:00,eta-v3.1,2026-08-11 22:54:28.443560,2026-08-11 22:05:34.809144,False,4.511100316666667,22.069052083333336,48.893906933333334,-0.12594066666666667,8.5801524,-8.706093066666666,False,False,True,
O00963,C0255,R043,2026-08-16 13:49:00,2026-08-16 15:01:07.804303,delivered,severe,clear,D100,D100,2026-08-16 13:49:40.675554,,2026-08-16 14:07:00,eta-v3.2,2026-08-16 14:53:17.179377,2026-08-16 14:05:27.159039,False,0.6779259,15.774724749999999,47.833672299999996,-7.843748766666667,-1.54734935,-6.296399416666667,False,False,True,
O00964,C0092,R005,2026-08-23 21:53:00,2026-08-23 22:56:20.032107,delivered,high,clear,D080,D080,2026-08-23 22:07:04.555236,,2026-08-23 22:11:00,eta-v3.1,2026-08-23 22:39:07.148659,2026-08-23 22:02:25.977426,False,14.0759206,-4.6429635,36.68618721666667,-17.214724133333334,-8.567042899999999,-8.647681233333335,False,False,True,
O00965,C0396,R058,2026-08-23 15:01:00,2026-08-23 16:23:18.000000,delivered,high,rain,D026,D026,2026-08-23 15:04:12.087184,,2026-08-23 15:19:00,eta-v3.1,2026-08-23 16:18:26.229890,2026-08-23 15:20:04.906157,False,3.2014530666666667,15.880316216666667,58.355395550000004,-4.862835166666667,1.0817692833333332,-5.94460445,False,False,True,
O00966,C0784,R010,2026-08-06 20:21:00,2026-08-06 21:39:17.125658,delivered,high,clear,D112,D112,2026-08-06 20:23:27.560982,,2026-08-06 20:39:00,eta-v3.2,2026-08-06 21:36:45.910869,2026-08-06 20:44:29.958553,False,2.4593496999999997,21.039959516666666,52.26587193333333,-2.520246483333333,5.499309216666666,-8.0195557,False,False,True,
O00967,C0317,R051,2026-08-19 21:50:00,2026-08-19 22:51:11.316526,delivered,medium,rain,D024,D024,2026-08-19 22:01:04.896121,,2026-08-19 22:08:00,eta-v3.2,2026-08-19 22:45:39.075386,2026-08-19 22:09:22.741115,False,11.081602016666666,8.297416566666666,36.27223785,-5.537352333333333,1.3790185833333333,-6.916370916666666,False,False,True,
O00968,C0799,R010,2026-08-11 20:59:00,2026-08-11 22:17:06.000000,delivered,medium,rain,D101,D101,2026-08-11 21:01:22.176234,,2026-08-11 21:17:00,eta-v3.1,2026-08-11 22:11:21.764935,2026-08-11 21:18:29.088234,False,2.3696039,17.1152,52.877945016666665,-5.737251083333334,1.4848039,-7.222054983333334,False,False,True,
O00969,C0326,R031,2026-08-23 17:23:00,2026-08-23 18:35:48.000000,delivered,low,clear,D042,D096,2026-08-23 17:28:29.706255,2026-08-23 17:35:47.221173,2026-08-23 17:41:00,eta-v3.2,2026-08-23 18:28:59.786797,2026-08-23 17:44:35.700747,True,5.49510425,16.0999082,44.40143416666667,-6.803553383333334,3.59501245,-10.398565833333334,False,False,True,
O00970,C0200,R053,2026-08-22 21:52:00,2026-08-22 22:46:59.517811,delivered,medium,rain,D119,D119,2026-08-22 21:53:04.155308,,2026-08-22 22:10:00,eta-v3.1,2026-08-22 22:59:08.802273,2026-08-22 22:29:35.144310,False,1.0692551333333333,36.51648336666666,29.56096605,12.154741033333332,19.585738499999998,-7.430997466666666,True,True,True,
O00971,C0261,R028,2026-08-13 16:20:00,2026-08-13 17:35:36.000000,delivered,medium,clear,D079,D079,2026-08-13 16:20:32.426592,,2026-08-13 16:38:00,eta-v3.1,2026-08-13 17:33:35.396453,2026-08-13 16:40:17.988763,False,0.5404432,19.759369516666666,53.29012816666667,-2.0100591166666666,2.2998127166666666,-4.309871833333333,False,False,True,
O00972,C0506,R051,2026-08-11 11:39:00,2026-08-11 12:35:24.291242,delivered,medium,rain,D022,D022,2026-08-11 11:41:14.021489,,2026-08-11 11:57:00,eta-v3.1,2026-08-11 12:51:30.594031,2026-08-11 12:12:41.398634,False,2.2336914833333332,31.45628575,38.81992328333333,16.105046483333332,15.689977233333334,0.4150692499999984,True,True,True,
O00973,C0046,R057,2026-08-04 19:33:00,2026-08-04 20:26:49.020326,delivered,medium,clear,D001,D001,2026-08-04 19:40:54.927451,,2026-08-04 19:51:00,eta-v3.2,2026-08-04 20:27:48.671877,2026-08-04 20:01:41.203903,False,7.915457516666667,20.7712742,26.124466233333333,0.9941925166666666,10.686731716666666,-9.692539199999999,True,False,True,
O00974,C0500,R052,2026-08-25 17:03:00,2026-08-25 18:30:54.000000,delivered,severe,rain,D106,D106,2026-08-25 17:05:28.423751,,2026-08-25 17:21:00,eta-v3.1,2026-08-25 18:23:32.980052,2026-08-25 17:15:34.416125,False,2.4737291833333335,10.099872900000001,67.97606545000001,-7.350332466666667,-5.426397916666667,-1.9239345500000002,False,False,True,
O00975,C0446,R034,2026-08-21 17:37:00,2026-08-21 18:34:34.442619,delivered,medium,clear,D072,D072,2026-08-21 17:39:17.642289,,2026-08-21 17:55:00,eta-v3.2,2026-08-21 18:32:05.452631,2026-08-21 17:57:45.440257,False,2.29403815,18.46329946666667,34.333539566666666,-2.483166466666667,2.7573376166666668,-5.240504083333334,False,False,True,
O00976,C0858,R038,2026-08-14 23:01:00,2026-08-15 00:16:18.000000,delivered,low,rain,D034,D034,2026-08-14 23:02:47.957668,,2026-08-14 23:19:00,eta-v3.1,2026-08-15 00:31:51.538796,2026-08-14 23:42:00.741035,False,1.7992944666666666,39.213056116666664,49.84662934999999,15.558979933333335,23.012350583333333,-7.453370649999998,True,True,True,
O00977,C0254,R051,2026-08-27 12:20:00,2026-08-27 13:33:32.251270,delivered,high,clear,D016,D016,2026-08-27 12:23:05.289273,,2026-08-27 12:38:00,eta-v3.1,2026-08-27 14:05:27.474032,2026-08-27 13:13:02.367831,False,3.08815455,49.951309300000005,52.41843668333333,31.92037936666667,35.03946385,-3.119084483333328,True,True,True,
O00978,C0889,R027,2026-08-23 18:31:00,2026-08-23 19:48:04.050108,delivered,severe,clear,D104,D104,2026-08-23 18:48:16.187656,,2026-08-23 18:49:00,eta-v3.2,2026-08-23 19:46:01.165664,2026-08-23 18:51:16.666830,False,17.26979426666667,3.0079862333333334,54.74164723333333,-2.0480740666666666,2.2777805,-4.325854566666667,False,False,True,
O00979,C0450,R050,2026-08-24 19:58:00,2026-08-24 20:50:36.852790,delivered,medium,clear,D038,D038,2026-08-24 19:59:44.303476,,2026-08-24 20:16:00,eta-v3.1,2026-08-24 20:38:34.692361,2026-08-24 20:08:15.029397,False,1.7383912666666668,8.512098683333333,30.327716066666667,-12.03600715,-7.74951005,-4.2864971,False,False,True,
O00980,C0015,R028,2026-08-27 19:40:00,2026-08-27 20:55:36.000000,delivered,medium,clear,D016,D016,2026-08-27 19:42:30.462880,,2026-08-27 19:58:00,eta-v3.2,2026-08-27 21:19:28.956202,2026-08-27 20:31:37.484111,False,2.5077146666666668,49.11702051666667,47.85786818333334,23.882603366666668,33.624735183333335,-9.742131816666667,True,True,True,
O00981,C0208,R052,2026-08-22 18:50:00,2026-08-22 19:58:41.178621,delivered,low,clear,D094,D094,2026-08-22 18:50:58.165076,,2026-08-22 19:08:00,eta-v3.1,2026-08-22 20:02:22.399277,2026-08-22 19:19:59.443622,False,0.9694179333333334,29.0213091,42.382594250000004,3.687010933333333,11.990727033333334,-8.3037161,True,False,True,
O00982,C0798,R027,2026-08-17 20:54:00,2026-08-17 22:13:48.000000,delivered,high,clear,D067,D067,2026-08-17 20:54:09.643065,,2026-08-17 21:12:00,eta-v3.1,2026-08-17 22:15:35.236687,2026-08-17 21:13:57.297300,False,0.16071775,19.79423725,61.63232311666666,1.7872781166666667,1.9549550000000002,-0.16767688333333353,True,False,True,
O00983,C0556,R008,2026-08-15 19:12:00,2026-08-15 20:16:55.406319,delivered,medium,clear,D044,D044,2026-08-15 19:12:50.640316,,2026-08-15 19:30:00,eta-v3.1,2026-08-15 20:04:57.914455,2026-08-15 19:25:59.785734,False,0.8440052666666666,13.152423633333333,38.96881201666667,-11.958197733333332,-4.0035711,-7.954626633333332,False,False,True,
O00984,C0075,R014,2026-08-07 20:56:00,2026-08-07 22:08:48.000000,delivered,low,clear,D053,D053,2026-08-07 21:01:56.753751,,2026-08-07 21:14:00,eta-v3.1,2026-08-07 22:15:52.506467,2026-08-07 21:22:57.617823,False,5.94589585,21.014401200000002,52.91481073333333,7.075107783333333,8.960297050000001,-1.8851892666666679,True,False,True,
O00985,C0579,R037,2026-08-26 19:57:00,2026-08-26 21:03:12.569936,delivered,medium,clear,D071,D071,2026-08-26 20:00:39.911731,,2026-08-26 20:15:00,eta-v3.2,2026-08-26 21:04:49.635612,2026-08-26 20:30:16.354201,False,3.6651955166666665,29.6073745,34.554690183333335,1.6177612666666665,15.272570016666666,-13.654808749999999,True,False,True,
O00986,C0713,R008,2026-08-26 22:31:00,2026-08-26 23:37:09.877250,delivered,high,clear,D056,D056,2026-08-26 22:31:00.917513,,2026-08-26 22:49:00,eta-v3.1,2026-08-26 23:32:59.520668,2026-08-26 22:53:19.971787,False,0.015291883333333334,22.317571233333336,39.65914801666667,-4.1726097,4.332863116666667,-8.505472816666668,False,False,True,
O00987,C0617,R050,2026-08-17 22:46:00,2026-08-17 23:58:48.000000,delivered,low,clear,D056,D056,2026-08-17 22:49:04.751692,,2026-08-17 23:04:00,eta-v3.1,2026-08-17 23:44:25.577751,2026-08-17 23:00:17.480757,False,3.0791948666666666,11.212151083333334,44.1349499,-14.37370415,-3.70865405,-10.6650501,False,False,True,
O00988,C0389,R023,2026-08-04 13:23:00,2026-08-04 14:31:34.596669,delivered,medium,rain,D063,D063,2026-08-04 13:27:05.746337,,2026-08-04 13:41:00,eta-v3.2,2026-08-04 14:41:31.086690,2026-08-04 13:57:58.569651,False,4.095772283333334,30.880388566666667,43.54195065,9.94150035,16.97616085,-7.034660499999999,True,False,True,
O00989,C0781,R023,2026-08-24 20:56:00,2026-08-24 21:44:55.817829,delivered,medium,clear,D113,D113,2026-08-24 20:57:06.800196,,2026-08-24 21:14:00,eta-v3.1,2026-08-24 21:36:26.466375,2026-08-24 21:14:12.264571,False,1.1133366,17.09107291666667,22.236696733333336,-8.4891909,0.20440951666666668,-8.693600416666667,False,False,True,
O00990,C0637,R011,2026-08-19 21:36:00,2026-08-19 22:35:13.158780,delivered,medium,clear,D066,D066,2026-08-19 21:39:01.468982,,2026-08-19 21:54:00,eta-v3.1,2026-08-19 22:28:34.066850,2026-08-19 21:57:40.052569,False,3.0244830333333335,18.643059783333335,30.900238016666666,-6.651532166666667,3.667542816666667,-10.319074983333334,False,False,True,
O00991,C0164,R033,2026-08-19 20:42:00,2026-08-19 21:54:48.000000,delivered,low,clear,D001,D001,2026-08-19 20:45:15.978801,,2026-08-19 21:00:00,eta-v3.1,2026-08-19 22:06:13.971000,2026-08-19 21:18:06.123295,False,3.26631335,32.83574156666666,48.13079508333333,11.43285,18.102054916666667,-6.669204916666667,True,True,True,
O00992,C0568,R053,2026-08-04 13:03:00,2026-08-04 13:54:16.308634,delivered,high,clear,D022,D022,2026-08-04 13:18:02.730526,,2026-08-04 13:21:00,eta-v3.1,2026-08-04 14:19:38.514741,2026-08-04 13:46:06.832195,False,15.045508766666668,28.068361149999998,33.52804243333333,25.370101783333332,25.113869916666665,0.256231866666667,True,True,True,
O00993,C0283,R051,2026-08-04 13:11:00,2026-08-04 13:53:39.830237,delivered,low,clear,D081,D081,2026-08-04 13:11:18.380279,,2026-08-04 13:29:00,eta-v3.1,2026-08-04 14:02:54.204601,2026-08-04 13:46:01.506150,False,0.30633798333333334,34.71876451666667,16.878307516666666,9.239572733333334,17.0251025,-7.785529766666665,True,False,True,
O00994,C0217,R060,2026-08-11 14:00:00,2026-08-11 15:08:57.638227,delivered,high,clear,D112,D112,2026-08-11 14:02:57.650722,,2026-08-11 14:18:00,eta-v3.2,2026-08-11 15:09:31.959713,2026-08-11 14:20:48.872255,False,2.9608453666666668,17.853692216666666,48.7181243,0.5720247666666667,2.8145375833333333,-2.2425128166666664,True,False,True,
O00995,C0746,R020,2026-08-22 17:33:00,2026-08-22 18:45:48.000000,delivered,low,clear,D040,D040,2026-08-22 17:33:35.990276,,2026-08-22 17:51:00,eta-v3.1,2026-08-22 19:17:31.238213,2026-08-22 18:30:31.333726,False,0.5998379333333334,56.92239083333333,46.99840811666666,31.720636883333334,39.522228766666665,-7.80159188333333,True,True,True,
O00996,C0563,R011,2026-08-26 20:41:00,2026-08-26 21:56:18.000000,delivered,low,rain,D050,D050,2026-08-26 20:41:54.184610,,2026-08-26 20:59:00,eta-v3.1,2026-08-26 21:53:16.778036,2026-08-26 21:01:43.236508,False,0.9030768333333333,19.81753163333333,51.55902546666667,-3.020366066666667,2.7206084666666666,-5.7409745333333335,False,False,True,
O00997,C0417,R036,2026-08-14 22:35:00,2026-08-14 23:25:27.484239,delivered,medium,clear,D063,D063,2026-08-14 22:35:19.345599,,2026-08-14 22:53:00,eta-v3.1,2026-08-14 23:37:33.217826,2026-08-14 23:09:13.425045,False,0.32242665,33.9013241,28.329879683333335,12.095559783333334,16.22375075,-4.128190966666667,True,True,True,
O00998,C0706,R030,2026-08-16 15:10:00,2026-08-16 16:09:02.489190,delivered,medium,clear,D030,D107,2026-08-16 15:11:43.824973,2026-08-16 15:14:38.419767,2026-08-16 15:28:00,eta-v3.2,2026-08-16 15:58:57.293678,2026-08-16 15:31:29.566377,True,1.7304162166666666,19.762356733333334,27.462121683333333,-10.086591866666668,3.49277295,-13.579364816666669,False,False,True,
O00999,C0845,R039,2026-08-28 13:56:00,2026-08-28 14:58:06.976178,delivered,high,clear,D032,D032,2026-08-28 13:57:07.400689,,2026-08-28 14:14:00,eta-v3.2,2026-08-28 14:56:37.364735,2026-08-28 14:23:04.408734,False,1.1233448166666666,25.950134083333335,33.549266683333336,-1.49352405,9.0734789,-10.56700295,False,False,True,
O01000,C0877,R044,2026-08-26 16:04:00,2026-08-26 17:19:36.000000,delivered,medium,clear,D063,D063,2026-08-26 16:10:40.483778,,2026-08-26 16:22:00,eta-v3.2,2026-08-26 17:23:34.733888,2026-08-26 16:37:53.067514,False,6.674729633333333,27.209728933333334,45.69443956666667,3.9788981333333333,15.884458566666666,-11.905560433333333,True,False,True,
O01001,C0181,R001,2026-08-15 17:07:00,2026-08-15 18:19:48.000000,delivered,low,clear,D013,D013,2026-08-15 17:09:05.750731,,2026-08-15 17:25:00,eta-v3.2,2026-08-15 18:28:47.808559,2026-08-15 17:48:10.490470,False,2.0958455166666665,39.07899565,40.62196815,8.996809316666665,23.174841166666667,-14.178031850000002,True,False,True,
O01002,C0022,R051,2026-08-03 18:27:00,2026-08-03 19:24:54.020628,delivered,medium,clear,D098,D098,2026-08-03 18:31:39.902062,,2026-08-03 18:45:00,eta-v3.1,2026-08-03 19:32:32.630051,2026-08-03 18:55:15.337282,False,4.665034366666666,23.590587000000003,37.28821281666667,7.643490383333333,10.255621366666666,-2.6121309833333335,True,False,True,
O01003,C0622,R048,2026-08-15 12:32:00,2026-08-15 13:22:35.274763,delivered,low,clear,D113,D069,2026-08-15 12:33:07.526534,2026-08-15 12:37:08.371161,2026-08-15 12:50:00,eta-v3.2,2026-08-15 13:13:49.387835,2026-08-15 12:53:03.161074,True,1.1254422333333334,19.927242333333332,20.770446016666664,-8.764782133333334,3.052684566666667,-11.8174667,False,False,True,
O01004,C0502,R002,2026-08-01 11:27:00,2026-08-01 12:33:05.112659,delivered,low,clear,D028,D028,2026-08-01 11:31:27.648321,,2026-08-01 11:45:00,eta-v3.1,2026-08-01 12:21:53.298595,2026-08-01 11:40:58.064267,False,4.46080535,9.506932433333333,40.92057213333333,-11.196901066666667,-4.032262216666667,-7.16463885,False,False,True,
O01005,C0365,R027,2026-08-26 21:12:00,2026-08-26 22:27:36.000000,delivered,medium,clear,D046,D046,2026-08-26 21:15:33.061829,,2026-08-26 21:30:00,eta-v3.2,2026-08-26 22:32:02.413758,2026-08-26 21:38:28.600392,False,3.5510304833333333,22.92564271666667,53.5635561,4.4402292999999995,8.4766732,-4.036443900000001,True,False,True,
O01006,C0582,R041,2026-08-08 20:44:00,2026-08-08 22:03:48.000000,delivered,high,clear,D093,D093,2026-08-08 20:54:00.154833,,2026-08-08 21:02:00,eta-v3.1,2026-08-08 22:17:27.834470,2026-08-08 21:17:13.274938,False,10.002580550000001,23.218668416666667,60.24265886666667,13.663907833333333,15.221248966666668,-1.5573411333333347,True,True,True,
O01007,C0633,R035,2026-08-22 18:58:00,2026-08-22 20:12:21.690845,delivered,medium,clear,D049,D049,2026-08-22 18:59:27.380727,,2026-08-22 19:16:00,eta-v3.2,2026-08-22 20:01:17.002680,2026-08-22 19:14:40.651780,False,1.45634545,15.221184216666668,46.605848333333334,-11.078136083333334,-1.3224703333333332,-9.75566575,False,False,True,
O01008,C0027,R019,2026-08-02 15:38:00,2026-08-02 16:56:06.000000,delivered,medium,rain,D058,D058,2026-08-02 15:51:18.786100,,2026-08-02 15:56:00,eta-v3.2,2026-08-02 16:50:11.391252,2026-08-02 15:55:13.235750,False,13.313101666666666,3.9074941666666665,54.969258366666665,-5.9101458,-0.7794041666666666,-5.130741633333333,False,False,True,
O01009,C0148,R047,2026-08-22 12:26:00,2026-08-22 13:25:43.343933,delivered,medium,clear,D097,D097,2026-08-22 12:29:28.812603,,2026-08-22 12:44:00,eta-v3.2,2026-08-22 13:21:00.686457,2026-08-22 12:42:03.461668,False,3.4802100499999997,12.577484416666666,38.95374648333333,-4.710957933333333,-1.9423055333333332,-2.7686523999999997,False,False,True,
O01010,C0200,R025,2026-08-06 14:44:00,2026-08-06 16:02:26.635087,delivered,severe,clear,D116,D116,2026-08-06 14:47:01.943432,,2026-08-06 15:02:00,eta-v3.1,2026-08-06 16:06:37.329657,2026-08-06 15:01:36.563806,False,3.0323905333333334,14.577006233333332,65.01276418333333,4.178242833333333,-0.39060323333333336,4.568846066666667,True,False,True,
O01011,C0654,R004,2026-08-01 14:03:00,2026-08-01 14:57:40.149024,delivered,medium,rain,D007,D007,2026-08-01 14:03:23.008326,,2026-08-01 14:21:00,eta-v3.1,2026-08-01 14:57:18.254195,2026-08-01 14:26:19.038408,False,0.3834721,22.9338347,30.986929783333334,-0.36491381666666667,5.3173068,-5.682220616666666,False,False,True,
O01012,C0895,R022,2026-08-26 12:23:00,2026-08-26 13:37:56.898491,delivered,high,clear,D062,D062,2026-08-26 12:24:16.581375,,2026-08-26 12:41:00,eta-v3.1,2026-08-26 13:40:00.505796,2026-08-26 12:45:47.865666,False,1.2763562499999999,21.52140485,54.21066883333334,2.06012175,4.7977611,-2.73763935,True,False,True,
O01013,C0590,R033,2026-08-24 21:32:00,2026-08-24 22:57:48.000000,delivered,high,heavy_rain,D019,D019,2026-08-24 21:52:19.256275,,2026-08-24 21:50:00,eta-v3.2,2026-08-24 22:53:39.760299,2026-08-24 21:45:22.355435,False,20.320937916666665,-6.948347333333333,68.29008106666667,-4.13732835,-4.627409416666667,0.49008106666666684,False,False,True,
O01014,C0799,R009,2026-08-12 18:47:00,2026-08-12 20:12:24.000000,delivered,severe,clear,D095,D095,2026-08-12 18:53:16.195126,,2026-08-12 19:05:00,eta-v3.1,2026-08-12 20:17:28.935133,2026-08-12 19:09:29.651287,False,6.269918766666667,16.22426935,67.9880641,5.082252216666666,4.494188116666667,0.5880640999999995,True,False,True,
O01015,C0280,R013,2026-08-22 12:53:00,2026-08-22 13:48:21.031547,delivered,low,clear,D105,D105,2026-08-22 12:53:32.967560,,2026-08-22 13:11:00,eta-v3.1,2026-08-22 13:36:22.156994,2026-08-22 13:05:57.422525,False,0.5494593333333333,12.40758275,30.41224115,-11.98124255,-5.0429579166666665,-6.938284633333333,False,False,True,
O01016,C0080,R035,2026-08-17 13:46:00,2026-08-17 14:52:13.766304,delivered,high,clear,D024,D024,2026-08-17 13:48:57.879365,,2026-08-17 14:04:00,eta-v3.2,2026-08-17 14:50:32.520472,2026-08-17 14:09:27.817334,False,2.9646560833333333,20.49896615,41.07838563333333,-1.6874305333333333,5.463622233333334,-7.151052766666667,False,False,True,
O01017,C0693,R045,2026-08-26 19:07:00,2026-08-26 20:13:06.840348,delivered,medium,clear,D109,D109,2026-08-26 19:07:08.744411,,2026-08-26 19:25:00,eta-v3.1,2026-08-26 20:13:18.057704,2026-08-26 19:29:03.441625,False,0.14574018333333333,21.911620233333334,44.24360131666666,0.18695593333333335,4.057360416666667,-3.870404483333333,True,False,True,
O01018,C0845,R027,2026-08-22 19:11:00,2026-08-22 20:26:36.000000,delivered,medium,clear,D009,D009,2026-08-22 19:11:47.168276,,2026-08-22 19:29:00,eta-v3.1,2026-08-22 20:20:29.111170,2026-08-22 19:32:46.062982,False,0.7861379333333333,20.981578433333333,47.7174698,-6.114813833333333,3.767716366666667,-9.8825302,False,False,True,
O01019,C0815,R009,2026-08-18 16:24:00,2026-08-18 17:42:48.000000,delivered,low,heavy_rain,D001,D001,2026-08-18 16:25:01.366867,,2026-08-18 16:42:00,eta-v3.1,2026-08-18 17:33:00.174458,2026-08-18 16:34:00.966668,False,1.0227811166666667,8.993330016666667,58.9867965,-9.797092366666668,-7.983888866666666,-1.813203500000002,False,False,True,
O01020,C0816,R028,2026-08-08 19:56:00,2026-08-08 20:54:51.628658,delivered,medium,heavy_rain,D017,D017,2026-08-08 19:58:32.890496,,2026-08-08 20:14:00,eta-v3.1,2026-08-08 21:02:05.481816,2026-08-08 20:18:26.157514,False,2.5481749333333337,19.887783633333335,43.65540503333333,7.2308859666666665,4.435958566666667,2.7949273999999997,True,False,True,
O01021,C0290,R048,2026-08-27 12:57:00,2026-08-27 14:16:48.000000,delivered,high,clear,D035,D035,2026-08-27 13:01:29.290778,,2026-08-27 13:15:00,eta-v3.1,2026-08-27 14:17:50.290594,2026-08-27 13:19:48.897313,False,4.488179633333333,18.326775583333333,58.02322135,1.0381765666666667,4.814955216666666,-3.77677865,True,False,True,
O01022,C0831,R052,2026-08-14 21:21:00,2026-08-14 22:07:55.736861,delivered,low,clear,D050,D050,2026-08-14 21:25:55.313134,,2026-08-14 21:39:00,eta-v3.1,2026-08-14 21:48:37.916495,2026-08-14 21:29:47.448144,False,4.921885566666666,3.868916833333333,18.841139183333333,-19.297006099999997,-9.209197600000001,-10.087808499999996,False,False,True,
O01023,C0116,R039,2026-08-04 19:27:00,2026-08-04 20:14:40.347282,cancelled,medium,clear,D084,D084,2026-08-04 19:27:53.766343,,2026-08-04 19:45:00,eta-v3.2,,,False,0.8961057166666666,,,,,,False,False,False,cancelled
O01024,C0232,R041,2026-08-28 12:48:00,2026-08-28 14:10:18.000000,delivered,high,rain,D090,D090,2026-08-28 12:52:14.354810,,2026-08-28 13:06:00,eta-v3.1,2026-08-28 14:26:58.138192,2026-08-28 13:28:30.808995,False,4.2392468333333335,36.27423641666667,58.45548661666667,16.668969866666668,22.51348325,-5.844513383333332,True,True,True,
O01025,C0392,R019,2026-08-18 13:17:00,2026-08-18 14:29:48.000000,delivered,low,clear,D015,D015,2026-08-18 13:26:39.127324,,2026-08-18 13:35:00,eta-v3.2,2026-08-18 14:21:54.223143,2026-08-18 13:36:50.633539,False,9.652122066666667,10.19177025,45.05982673333333,-7.89628095,1.8438923166666668,-9.740173266666668,False,False,True,
O01026,C0786,R014,2026-08-08 19:37:00,2026-08-08 20:52:36.000000,delivered,medium,clear,D115,D115,2026-08-08 19:41:24.465719,,2026-08-08 19:55:00,eta-v3.1,2026-08-08 20:45:58.792666,2026-08-08 19:52:59.797073,False,4.407761983333333,11.5888559,52.98325988333333,-6.620122233333333,-2.0033821166666668,-4.616740116666667,False,False,True,
O01027,C0285,R020,2026-08-05 20:43:00,2026-08-05 21:58:18.000000,delivered,low,rain,D034,D034,2026-08-05 20:43:52.891355,,2026-08-05 21:01:00,eta-v3.1,2026-08-05 21:57:42.761471,2026-08-05 21:07:59.373980,False,0.8815225833333333,24.10804375,49.72312485,-0.5873088166666667,6.989566333333333,-7.57687515,False,False,True,
O01028,C0080,R004,2026-08-24 12:53:00,2026-08-24 14:02:33.830992,delivered,medium,clear,D033,D033,2026-08-24 12:55:09.801418,,2026-08-24 13:11:00,eta-v3.1,2026-08-24 14:15:01.674812,2026-08-24 13:26:02.698286,False,2.163356966666667,30.88161446666667,48.982942099999995,12.464063666666668,15.044971433333334,-2.580907766666666,True,True,True,
O01029,C0605,R044,2026-08-01 19:41:00,2026-08-01 20:48:50.671196,delivered,medium,rain,D101,D101,2026-08-01 19:50:43.134438,,2026-08-01 19:59:00,eta-v3.2,2026-08-01 20:55:39.925033,2026-08-01 20:11:01.234013,False,9.718907300000001,20.301659583333333,44.64485033333334,6.820897283333333,12.020566883333334,-5.199669600000001,True,False,True,
O01030,C0408,R047,2026-08-16 17:20:00,2026-08-16 18:39:48.000000,delivered,high,clear,D072,D072,2026-08-16 17:31:25.426981,,2026-08-16 17:38:00,eta-v3.2,2026-08-16 19:01:09.344020,2026-08-16 18:02:45.901175,False,11.423783016666667,31.341236566666666,58.390714083333336,21.355733666666666,24.765019583333334,-3.4092859166666685,True,True,True,
O01031,C0526,R054,2026-08-10 20:14:00,2026-08-10 21:26:48.000000,delivered,low,clear,D010,D010,2026-08-10 20:14:58.911177,,2026-08-10 20:32:00,eta-v3.2,2026-08-10 21:28:25.181580,2026-08-10 20:42:25.477146,False,0.9818529500000001,27.44276615,45.9950739,1.619693,10.4246191,-8.8049261,True,False,True,
O01032,C0605,R057,2026-08-23 16:06:00,2026-08-23 17:21:36.000000,delivered,medium,clear,D053,D053,2026-08-23 16:08:48.726249,,2026-08-23 16:24:00,eta-v3.1,2026-08-23 17:24:19.414600,2026-08-23 16:36:43.452369,False,2.81210415,27.912102,47.59937051666667,2.7235766666666668,12.724206149999999,-10.000629483333332,True,False,True,
O01033,C0069,R017,2026-08-25 20:27:00,2026-08-25 21:52:24.000000,delivered,severe,clear,D076,D076,2026-08-25 20:28:48.999238,,2026-08-25 20:45:00,eta-v3.1,2026-08-25 22:13:05.142284,2026-08-25 21:10:25.139964,False,1.8166539666666668,41.60234543333333,62.66670533333333,20.685704733333335,25.4189994,-4.733294666666666,True,True,True,
O01034,C0261,R040,2026-08-28 18:16:00,2026-08-28 19:26:18.874295,delivered,medium,clear,D076,D076,2026-08-28 18:17:49.795976,,2026-08-28 18:34:00,eta-v3.2,2026-08-28 19:26:11.096267,2026-08-28 18:44:55.877517,False,1.8299329333333332,27.101359016666667,41.25364583333333,-0.1296338,10.93129195,-11.060925750000001,False,False,True,
O01035,C0316,R049,2026-08-12 18:50:00,2026-08-12 20:04:38.608651,delivered,high,rain,D102,D102,2026-08-12 18:50:30.403413,,2026-08-12 19:08:00,eta-v3.2,2026-08-12 20:13:13.561689,2026-08-12 19:10:43.770435,False,0.50672355,20.222783699999997,62.4965209,8.582550633333334,2.7295072499999997,5.853043383333334,True,False,True,
O01036,C0276,R018,2026-08-17 15:47:00,2026-08-17 16:50:13.343397,delivered,high,clear,D099,D099,2026-08-17 15:48:47.902106,,2026-08-17 16:05:00,eta-v3.1,2026-08-17 17:04:27.312581,2026-08-17 16:21:59.799755,False,1.7983684333333334,33.19829415,42.458547100000004,14.232819733333335,16.996662583333332,-2.763842849999998,True,True,True,
O01037,C0676,R059,2026-08-17 13:08:00,2026-08-17 14:05:39.545908,delivered,low,clear,D052,D052,2026-08-17 13:19:16.026307,,2026-08-17 13:26:00,eta-v3.2,2026-08-17 14:02:53.255699,2026-08-17 13:28:22.161006,False,11.267105116666666,9.102244983333332,34.51824488333333,-2.7715034833333334,2.3693500999999997,-5.1408535833333335,False,False,True,
O01038,C0760,R006,2026-08-28 13:56:00,2026-08-28 15:07:23.966076,delivered,low,clear,D052,D052,2026-08-28 13:57:10.633392,,2026-08-28 14:14:00,eta-v3.2,2026-08-28 14:58:14.885752,2026-08-28 14:16:10.404652,False,1.1772232,18.996187666666668,42.074685,-9.151338733333334,2.1734108666666665,-11.3247496,False,False,True,
O01039,C0186,R009,2026-08-13 20:15:00,2026-08-13 21:34:48.000000,delivered,high,clear,D067,D067,2026-08-13 20:15:55.394381,,2026-08-13 20:33:00,eta-v3.2,2026-08-13 21:31:02.871233,2026-08-13 20:37:10.644235,False,0.9232396833333334,21.25416423333333,53.87044996666667,-3.7521461166666668,4.177403916666667,-7.929550033333333,False,False,True,
O01040,C0601,R003,2026-08-01 19:03:00,2026-08-01 20:22:48.000000,delivered,high,clear,D006,D006,2026-08-01 19:04:50.051399,,2026-08-01 19:21:00,eta-v3.1,2026-08-01 20:19:38.372219,2026-08-01 19:24:04.111763,False,1.8341899833333335,19.2343394,55.5710076,-3.1604630166666667,3.0685293833333334,-6.2289924,False,False,True,
O01041,C0209,R013,2026-08-09 19:14:00,2026-08-09 20:21:25.701997,delivered,medium,clear,D022,D022,2026-08-09 19:18:33.774087,,2026-08-09 19:32:00,eta-v3.1,2026-08-09 20:48:52.180778,2026-08-09 20:04:20.453502,False,4.56290145,45.77799025,44.528787933333334,27.441313016666665,32.3408917,-4.899578683333335,True,True,True,
O01042,C0275,R017,2026-08-06 15:16:00,2026-08-06 16:35:16.018297,delivered,severe,heavy_rain,D021,D021,2026-08-06 15:27:15.526999,,2026-08-06 15:34:00,eta-v3.2,2026-08-06 16:50:13.248466,2026-08-06 15:47:48.269519,False,11.258783316666667,20.545708666666666,62.41631578333333,14.95383615,13.804491983333332,1.149344166666669,True,True,True,
O01043,C0101,R008,2026-08-22 19:58:00,2026-08-22 21:17:02.677029,delivered,high,clear,D021,D021,2026-08-22 20:01:12.050503,,2026-08-22 20:16:00,eta-v3.2,2026-08-22 21:19:23.213919,2026-08-22 20:22:23.738143,False,3.2008417166666665,21.194794,56.99126293333334,2.3422815,6.395635716666666,-4.053354216666666,True,False,True,
O01044,C0249,R018,2026-08-05 21:48:00,2026-08-05 22:44:32.734576,delivered,high,clear,D016,D016,2026-08-05 21:52:03.894033,,2026-08-05 22:06:00,eta-v3.2,2026-08-05 22:45:44.697860,2026-08-05 22:15:38.226925,False,4.06490055,23.572214866666666,30.10784891666667,1.1993880666666668,9.637115416666667,-8.43772735,True,False,True,
O01045,C0608,R024,2026-08-28 20:38:00,2026-08-28 21:59:36.000000,delivered,medium,heavy_rain,D070,D070,2026-08-28 20:38:04.985099,,2026-08-28 20:56:00,eta-v3.1,2026-08-28 21:56:40.869201,2026-08-28 20:56:51.061534,False,0.08308498333333333,18.76794058333333,59.83012778333333,-2.91884665,0.8510255666666667,-3.7698722166666667,False,False,True,
O01046,C0850,R027,2026-08-05 23:41:00,2026-08-06 01:00:48.000000,delivered,high,clear,D090,D090,2026-08-05 23:42:05.049785,,2026-08-05 23:59:00,eta-v3.1,2026-08-06 01:14:15.516214,2026-08-06 00:11:10.801507,False,1.0841630833333333,29.095862033333333,63.07857845,13.458603566666666,12.180025116666666,1.2785784499999995,True,True,True,
O01047,C0518,R030,2026-08-01 13:11:00,2026-08-01 14:24:40.458655,delivered,high,clear,D021,D021,2026-08-01 13:13:15.692199,,2026-08-01 13:29:00,eta-v3.2,2026-08-01 14:34:56.220875,2026-08-01 13:47:22.467159,False,2.2615366499999996,34.112916,47.562561933333335,10.262703666666665,18.374452650000002,-8.111748983333337,True,True,True,
O01048,C0848,R012,2026-08-10 13:24:00,2026-08-10 14:43:48.000000,delivered,high,clear,D051,D051,2026-08-10 13:24:22.249495,,2026-08-10 13:42:00,eta-v3.1,2026-08-10 14:48:59.819170,2026-08-10 13:53:15.845565,False,0.37082491666666667,28.893267833333333,55.73289341666667,5.196986166666666,11.26409275,-6.0671065833333335,True,False,True,
O01049,C0090,R002,2026-08-26 20:54:00,2026-08-26 22:09:36.000000,delivered,medium,clear,D082,D082,2026-08-26 20:58:11.881367,,2026-08-26 21:12:00,eta-v3.1,2026-08-26 22:15:48.288397,2026-08-26 21:29:10.457870,False,4.198022783333333,30.97627505,46.63050878333333,6.204806616666667,17.174297833333334,-10.969491216666668,True,False,True,
O01050,C0649,R058,2026-08-25 17:11:00,2026-08-25 18:26:18.000000,delivered,low,rain,D110,D110,2026-08-25 17:13:05.647050,,2026-08-25 17:29:00,eta-v3.2,2026-08-25 18:23:19.142991,2026-08-25 17:29:55.825280,False,2.0941175,16.836303833333332,53.38862851666667,-2.98095015,0.9304213333333333,-3.9113714833333333,False,False,True,
O01051,C0571,R028,2026-08-22 17:17:00,2026-08-22 18:29:48.000000,delivered,low,clear,D042,D042,2026-08-22 17:18:00.003643,,2026-08-22 17:35:00,eta-v3.1,2026-08-22 18:26:09.565846,2026-08-22 17:41:36.979266,False,1.0000607166666666,23.616260383333334,44.543109666666666,-3.6405692333333333,6.6163210999999995,-10.256890333333333,False,False,True,
O01052,C0704,R002,2026-08-04 17:52:00,2026-08-04 19:17:24.000000,delivered,severe,clear,D066,D066,2026-08-04 17:52:38.890946,,2026-08-04 18:10:00,eta-v3.1,2026-08-04 19:09:37.566395,2026-08-04 18:08:07.975887,False,0.6481824333333334,15.484749016666665,61.49317513333334,-7.773893416666667,-1.86706855,-5.906824866666667,False,False,True,
O01053,C0821,R049,2026-08-19 18:25:00,2026-08-19 19:12:43.812647,delivered,low,clear,D064,D064,2026-08-19 18:29:04.187704,,2026-08-19 18:43:00,eta-v3.1,2026-08-19 19:07:24.726535,2026-08-19 18:55:48.952065,False,4.069795066666667,26.746072683333335,11.596241166666665,-5.318101866666667,12.815867749999999,-18.133969616666665,False,False,True,
O01054,C0482,R051,2026-08-12 18:04:00,2026-08-12 19:11:09.987654,delivered,medium,rain,D087,D087,2026-08-12 18:05:09.024976,,2026-08-12 18:22:00,eta-v3.2,2026-08-12 19:23:23.520233,2026-08-12 18:39:48.391798,False,1.1504162666666666,34.6561137,43.585473916666665,12.225542983333334,17.80652996666667,-5.580986983333336,True,True,True,
O01055,C0076,R013,2026-08-28 11:57:00,2026-08-28 12:41:17.145484,delivered,medium,rain,D108,D108,2026-08-28 12:00:48.850645,,2026-08-28 12:15:00,eta-v3.1,2026-08-28 12:38:58.225538,2026-08-28 12:23:49.454606,False,3.8141774166666664,23.010066016666666,15.1461822,-2.3153324333333334,8.824243433333333,-11.139575866666666,False,False,True,
O01056,C0898,R052,2026-08-06 20:06:00,2026-08-06 21:21:45.813685,delivered,medium,rain,D005,D005,2026-08-06 20:08:43.614121,,2026-08-06 20:24:00,eta-v3.1,2026-08-06 21:12:12.535206,2026-08-06 20:22:40.721599,False,2.7269020166666667,13.9517913,49.53022678333333,-9.554641316666666,-1.3213066833333333,-8.233334633333333,False,False,True,
O01057,C0278,R023,2026-08-17 19:28:00,2026-08-17 20:20:29.467762,delivered,low,clear,D089,D089,2026-08-17 19:34:33.302664,,2026-08-17 19:46:00,eta-v3.1,2026-08-17 20:20:42.816056,2026-08-17 19:54:29.256017,False,6.5550444,19.932555883333336,26.22600065,0.22247156666666665,8.487600283333332,-8.265128716666666,True,False,True,
O01058,C0356,R013,2026-08-14 20:08:00,2026-08-14 20:56:08.930801,cancelled,low,clear,D034,D034,2026-08-14 20:08:52.581404,,2026-08-14 20:26:00,eta-v3.1,,,False,0.8763567333333333,,,,,,False,False,False,cancelled
O01059,C0505,R042,2026-08-03 19:14:00,2026-08-03 20:41:54.000000,delivered,severe,rain,D105,D105,2026-08-03 19:24:23.733685,,2026-08-03 19:32:00,eta-v3.2,2026-08-03 21:01:48.610929,2026-08-03 19:48:49.432794,False,10.395561416666668,24.42831848333333,72.98630225000001,19.91018215,16.823879899999998,3.086302250000003,True,True,True,
O01060,C0057,R011,2026-08-26 15:03:00,2026-08-26 16:15:48.000000,delivered,low,clear,D046,D046,2026-08-26 15:05:27.741792,,2026-08-26 15:21:00,eta-v3.1,2026-08-26 16:19:14.894808,2026-08-26 15:33:30.003991,False,2.4623632,28.03770331666667,45.74818028333333,3.4482468,12.500066516666667,-9.051819716666667,True,False,True,
O01061,C0683,R012,2026-08-01 18:03:00,2026-08-01 19:20:56.275754,delivered,high,rain,D075,D075,2026-08-01 18:03:37.801061,,2026-08-01 18:21:00,eta-v3.1,2026-08-01 19:21:21.805305,2026-08-01 18:27:39.272030,False,0.6300176833333333,24.02451615,53.70888791666666,0.4254925166666667,6.654533833333333,-6.229041316666666,True,False,True,
O01062,C0424,R042,2026-08-03 20:02:00,2026-08-03 21:21:48.000000,delivered,high,clear,D117,D117,2026-08-03 20:03:36.311064,,2026-08-03 20:20:00,eta-v3.1,2026-08-03 21:25:15.757529,2026-08-03 20:32:19.576405,False,1.6051844,28.721089016666667,52.93635206666667,3.4626254833333334,12.326273416666668,-8.863647933333334,True,False,True,
O01063,C0171,R017,2026-08-27 23:05:00,2026-08-28 00:24:48.000000,delivered,high,clear,D055,D055,2026-08-27 23:08:39.584978,,2026-08-27 23:23:00,eta-v3.2,2026-08-28 00:25:21.624782,2026-08-27 23:26:01.428913,False,3.6597496333333335,17.364065583333335,59.33659781666667,0.5604130333333334,3.0238152166666667,-2.4634021833333333,True,False,True,
O01064,C0533,R052,2026-08-09 15:30:00,2026-08-09 16:49:48.000000,delivered,high,clear,D097,D097,2026-08-09 15:31:57.575813,,2026-08-09 15:48:00,eta-v3.2,2026-08-09 16:54:05.901009,2026-08-09 15:55:36.803271,False,1.9595968833333333,23.65379096666667,58.4849623,4.29835015,7.61338785,-3.3150376999999995,True,False,True,
O01065,C0689,R022,2026-08-03 11:21:00,2026-08-03 12:15:28.159866,delivered,low,clear,D040,D040,2026-08-03 11:25:09.830242,,2026-08-03 11:39:00,eta-v3.2,2026-08-03 12:19:43.741016,2026-08-03 11:53:55.531640,False,4.163837366666667,28.761689966666665,25.8034896,4.259685833333333,14.925527333333333,-10.665841499999999,True,False,True,
O01066,C0025,R027,2026-08-28 22:26:00,2026-08-28 23:41:36.000000,cancelled,medium,clear,D101,D101,2026-08-28 22:26:49.837671,,2026-08-28 22:44:00,eta-v3.1,,,False,0.8306278500000001,,,,,,False,False,False,cancelled
O01067,C0788,R031,2026-08-19 18:45:00,2026-08-19 20:00:01.121441,delivered,severe,rain,D070,D070,2026-08-19 18:48:55.381042,,2026-08-19 19:03:00,eta-v3.1,2026-08-19 20:00:05.273355,2026-08-19 19:09:53.807457,False,3.923017366666667,20.973773583333333,50.1910983,0.06919856666666666,6.89679095,-6.827592383333333,True,False,True,
O01068,C0244,R014,2026-08-15 20:59:00,2026-08-15 22:14:36.000000,delivered,medium,clear,D079,D079,2026-08-15 21:05:47.384040,,2026-08-15 21:17:00,eta-v3.1,2026-08-15 22:13:21.738057,2026-08-15 21:20:51.520837,False,6.789734,15.068946616666667,52.50362033333333,-1.23769905,3.8586806166666667,-5.0963796666666665,False,False,True,
O01069,C0789,R034,2026-08-11 22:20:00,2026-08-11 23:32:48.000000,delivered,low,clear,D044,D044,2026-08-11 22:20:17.109261,,2026-08-11 22:38:00,eta-v3.1,2026-08-11 23:30:44.700509,2026-08-11 22:44:00.157200,False,0.28515435,23.71746565,46.742388483333336,-2.0549915166666666,6.002619999999999,-8.057611516666666,False,False,True,
O01070,C0436,R020,2026-08-13 12:43:00,2026-08-13 13:29:51.400076,delivered,low,clear,D026,D026,2026-08-13 12:47:03.770204,,2026-08-13 13:01:00,eta-v3.1,2026-08-13 13:30:53.597260,2026-08-13 13:11:38.794160,False,4.0628367333333335,24.5837326,19.246718333333334,1.0366197333333333,10.646569333333334,-9.6099496,True,False,True,
O01071,C0379,R041,2026-08-23 22:43:00,2026-08-23 23:55:48.000000,delivered,low,clear,D031,D031,2026-08-23 22:44:10.406009,,2026-08-23 23:01:00,eta-v3.1,2026-08-24 00:06:32.217757,2026-08-23 23:21:46.336494,False,1.1734334833333333,37.598841416666666,44.76468771666667,10.736962616666666,20.7722749,-10.035312283333333,True,True,True,
O01072,C0689,R046,2026-08-28 20:11:00,2026-08-28 21:28:14.681007,delivered,high,clear,D084,D084,2026-08-28 20:14:02.859512,,2026-08-28 20:29:00,eta-v3.2,2026-08-28 21:33:09.454400,2026-08-28 20:38:07.632394,False,3.0476585333333333,24.07954803333333,55.03036676666667,4.912889883333333,9.127206566666667,-4.214316683333333,True,False,True,
O01073,C0011,R023,2026-08-07 21:29:00,2026-08-07 22:40:53.074960,delivered,medium,clear,D074,D074,2026-08-07 21:33:09.582855,,2026-08-07 21:47:00,eta-v3.1,2026-08-07 22:39:05.912988,2026-08-07 21:53:33.973664,False,4.1597142499999995,20.406513483333335,45.532322066666666,-1.7860328666666667,6.566227733333333,-8.3522606,False,False,True,
O01074,C0305,R018,2026-08-07 19:37:00,2026-08-07 20:43:14.977310,delivered,low,clear,D067,D067,2026-08-07 19:38:39.016293,,2026-08-07 19:55:00,eta-v3.2,2026-08-07 20:50:04.555319,2026-08-07 20:15:58.299600,False,1.65027155,37.32138845,34.10426198333333,6.82630015,20.97166,-14.14535985,True,False,True,
O01075,C0491,R025,2026-08-11 21:39:00,2026-08-11 22:35:08.186269,delivered,high,heavy_rain,D089,D089,2026-08-11 21:41:10.233150,,2026-08-11 21:57:00,eta-v3.1,2026-08-11 22:41:42.884375,2026-08-11 22:02:22.698105,False,2.1705525,21.20774925,39.336437833333335,6.578301766666667,5.37830175,1.2000000166666664,True,False,True,
O01076,C0274,R045,2026-08-21 11:36:00,2026-08-21 12:40:40.333343,delivered,medium,rain,D091,D075,2026-08-21 11:36:01.709662,2026-08-21 11:44:17.793883,2026-08-21 11:54:00,eta-v3.2,2026-08-21 12:52:52.074335,2026-08-21 12:07:11.547543,True,0.028494366666666666,31.163964683333333,45.675446533333336,12.1956832,13.19245905,-0.9967758500000006,True,True,True,
O01077,C0463,R006,2026-08-19 21:19:00,2026-08-19 22:40:36.000000,cancelled,medium,heavy_rain,D115,D115,2026-08-19 21:23:03.877246,,2026-08-19 21:37:00,eta-v3.2,,,False,4.064620766666667,,,,,,False,False,False,cancelled
O01078,C0563,R029,2026-08-25 21:10:00,2026-08-25 22:05:33.725893,cancelled,medium,clear,D018,D018,2026-08-25 21:11:49.799320,,2026-08-25 21:28:00,eta-v3.2,,,False,1.8299886666666665,,,,,,False,False,False,cancelled
O01079,C0686,R018,2026-08-11 15:57:00,2026-08-11 17:04:04.690433,delivered,medium,clear,D067,D067,2026-08-11 15:57:35.959861,,2026-08-11 16:15:00,eta-v3.1,2026-08-11 17:03:14.578512,2026-08-11 16:26:14.005923,False,0.5993310166666667,28.63410103333333,37.00954315,-0.8351986833333334,11.233432050000001,-12.068630733333334,False,False,True,
O01080,C0625,R054,2026-08-24 20:36:00,2026-08-24 21:51:18.000000,delivered,low,rain,D009,D009,2026-08-24 20:36:15.436773,,2026-08-24 20:54:00,eta-v3.2,2026-08-24 21:47:14.169042,2026-08-24 20:59:24.141759,False,0.25727955,23.1450831,47.833788049999995,-4.0638493,5.40236265,-9.46621195,False,False,True,
O01081,C0554,R048,2026-08-13 17:14:00,2026-08-13 18:15:46.613098,delivered,high,clear,D082,D082,2026-08-13 17:23:02.156011,,2026-08-13 17:32:00,eta-v3.2,2026-08-13 19:06:02.677891,2026-08-13 18:19:53.467196,False,9.035933516666667,56.85518641666667,46.153511583333334,50.26774655,47.891119933333336,2.3766266166666625,True,True,True,
O01082,C0677,R029,2026-08-14 16:25:00,2026-08-14 17:38:29.634636,delivered,low,heavy_rain,D033,D033,2026-08-14 16:30:15.297681,,2026-08-14 16:43:00,eta-v3.1,2026-08-14 17:44:10.330019,2026-08-14 16:52:03.014118,False,5.25496135,21.795273950000002,52.12193168333333,5.678256383333333,9.0502353,-3.3719789166666674,True,False,True,
O01083,C0281,R011,2026-08-01 19:08:00,2026-08-01 20:20:48.000000,delivered,low,clear,D117,D117,2026-08-01 19:14:03.504406,,2026-08-01 19:26:00,eta-v3.2,2026-08-01 20:34:53.904706,2026-08-01 19:49:51.710400,False,6.058406766666667,35.80343323333333,45.03657176666666,14.098411766666667,23.861839999999997,-9.76342823333333,True,True,True,
O01084,C0823,R046,2026-08-06 12:58:00,2026-08-06 14:25:14.337155,delivered,severe,rain,D108,D108,2026-08-06 12:59:13.809009,,2026-08-06 13:16:00,eta-v3.2,2026-08-06 14:21:06.870413,2026-08-06 13:16:08.740959,False,1.23015015,16.9155325,64.96882423333334,-4.1244457,0.14568265,-4.27012835,False,False,True,
O01085,C0846,R026,2026-08-12 16:35:00,2026-08-12 17:47:48.000000,delivered,low,clear,D074,D074,2026-08-12 16:37:15.677818,,2026-08-12 16:53:00,eta-v3.1,2026-08-12 17:38:36.002993,2026-08-12 16:56:50.642234,False,2.261296966666667,19.58274026666667,41.75601265,-9.199950116666667,3.8440372333333332,-13.04398735,False,False,True,
O01086,C0273,R046,2026-08-25 17:15:00,2026-08-25 18:30:36.000000,delivered,medium,clear,D049,D049,2026-08-25 17:18:26.672403,,2026-08-25 17:33:00,eta-v3.1,2026-08-25 18:16:45.625876,2026-08-25 17:32:39.714023,False,3.44454005,14.217360333333334,44.09853088333333,-13.839568733333333,-0.33809961666666666,-13.501469116666668,False,False,True,
O01087,C0714,R017,2026-08-02 19:32:00,2026-08-02 20:42:53.850119,delivered,low,clear,D120,D120,2026-08-02 19:33:40.453576,,2026-08-02 19:50:00,eta-v3.1,2026-08-02 20:51:21.080393,2026-08-02 20:05:35.387861,False,1.6742262666666667,31.91557141666667,45.7615422,8.4538379,15.589797683333334,-7.135959783333334,True,False,True,
O01088,C0488,R023,2026-08-09 19:46:00,2026-08-09 20:40:12.409675,delivered,low,clear,D105,D105,2026-08-09 19:46:04.174697,,2026-08-09 20:04:00,eta-v3.1,2026-08-09 20:44:47.958677,2026-08-09 20:20:55.454727,False,0.06957828333333334,34.854667166666665,23.875065833333334,4.5924833666666665,16.92424545,-12.331762083333334,True,False,True,
O01089,C0424,R013,2026-08-21 14:03:00,2026-08-21 15:18:36.000000,delivered,medium,clear,D112,D112,2026-08-21 14:05:11.366458,,2026-08-21 14:21:00,eta-v3.1,2026-08-21 15:27:11.077344,2026-08-21 14:36:47.904764,False,2.1894409666666665,31.608971766666667,50.386209666666666,8.5846224,15.798412733333333,-7.213790333333332,True,False,True,
O01090,C0338,R016,2026-08-03 17:56:00,2026-08-03 19:08:48.000000,delivered,low,clear,D112,D112,2026-08-03 17:56:23.520040,,2026-08-03 18:14:00,eta-v3.1,2026-08-03 19:01:37.420245,2026-08-03 18:13:57.364603,False,0.3920006666666667,17.56407605,47.66759403333333,-7.176329249999999,-0.043923283333333334,-7.132405966666666,False,False,True,
O01091,C0609,R021,2026-08-05 20:43:00,2026-08-05 21:55:48.000000,delivered,low,clear,D059,D059,2026-08-05 20:51:01.974386,,2026-08-05 21:01:00,eta-v3.2,2026-08-05 21:55:38.785518,2026-08-05 21:08:27.791472,False,8.032906433333332,17.430284766666666,47.1832341,-0.1535747,7.4631912,-7.6167659,False,False,True,
O01092,C0858,R042,2026-08-24 22:13:00,2026-08-24 23:14:14.650810,delivered,low,rain,D116,D116,2026-08-24 22:13:41.464719,,2026-08-24 22:31:00,eta-v3.2,2026-08-24 23:16:15.447779,2026-08-24 22:40:37.890573,False,0.69107865,26.940430900000003,35.62595343333333,2.0132828166666665,9.63150955,-7.6182267333333336,True,False,True,
O01093,C0064,R042,2026-08-04 17:00:00,2026-08-04 17:48:32.477386,delivered,medium,clear,D029,D029,2026-08-04 17:10:56.042879,,2026-08-04 17:18:00,eta-v3.2,2026-08-04 17:28:33.083782,2026-08-04 17:06:20.937945,False,10.934047983333333,-4.585082233333334,22.202430616666668,-19.989893400000003,-11.65103425,-8.338859150000003,False,False,True,
O01094,C0216,R010,2026-08-05 12:32:00,2026-08-05 13:40:30.215231,delivered,high,clear,D056,D119,2026-08-05 12:41:15.527618,2026-08-05 12:45:59.964441,2026-08-05 12:50:00,eta-v3.1,2026-08-05 13:57:59.231919,2026-08-05 13:08:31.521741,True,9.258793633333333,27.266568716666665,49.461836299999995,17.483611466666666,18.52536235,-1.0417508833333358,True,True,True,
O01095,C0894,R003,2026-08-10 19:24:00,2026-08-10 20:36:48.000000,delivered,low,clear,D115,D115,2026-08-10 19:25:11.394775,,2026-08-10 19:42:00,eta-v3.1,2026-08-10 20:27:41.245047,2026-08-10 19:44:12.854236,False,1.1899129166666667,19.024324349999997,43.473180183333334,-9.11258255,2.2142372666666663,-11.326819816666667,False,False,True,
O01096,C0456,R046,2026-08-11 15:09:00,2026-08-11 16:04:42.595917,cancelled,low,clear,D060,D060,2026-08-11 15:13:11.588807,,2026-08-11 15:27:00,eta-v3.1,,,False,4.193146783333334,,,,,,False,False,False,cancelled
O01097,C0551,R039,2026-08-24 19:26:00,2026-08-24 20:38:48.000000,delivered,low,clear,D008,D008,2026-08-24 19:28:38.302778,,2026-08-24 19:44:00,eta-v3.2,2026-08-24 20:40:53.497529,2026-08-24 19:55:50.018799,False,2.6383796333333334,27.195267016666666,45.05797883333333,2.0916254833333334,11.833646649999999,-9.742021166666666,True,False,True,
O01098,C0023,R057,2026-08-10 22:11:00,2026-08-10 23:30:48.000000,delivered,high,clear,D041,D041,2026-08-10 22:14:53.932450,,2026-08-10 22:29:00,eta-v3.1,2026-08-10 23:30:33.256242,2026-08-10 22:34:17.608398,False,3.8988741666666664,19.394599133333333,56.2607974,-0.24572929999999998,5.2934733000000005,-5.5392026,False,False,True,
O01099,C0016,R045,2026-08-22 18:25:00,2026-08-22 19:43:48.000000,delivered,low,heavy_rain,D111,D111,2026-08-22 18:26:53.808178,,2026-08-22 18:43:00,eta-v3.2,2026-08-22 19:55:06.817015,2026-08-22 18:58:31.425369,False,1.8968029666666666,31.626953183333335,56.58986076666667,11.313616916666666,15.52375615,-4.210139233333335,True,True,True,
O01100,C0496,R012,2026-08-21 16:12:00,2026-08-21 17:18:05.834259,delivered,medium,clear,D058,D058,2026-08-21 16:13:29.159856,,2026-08-21 16:30:00,eta-v3.2,2026-08-21 17:03:54.734530,2026-08-21 16:22:29.990808,False,1.4859976000000001,9.013849200000001,41.41239536666667,-14.184995483333333,-7.5001532,-6.684842283333333,False,False,True,
O01101,C0164,R054,2026-08-05 12:21:00,2026-08-05 13:36:36.000000,delivered,medium,clear,D055,D055,2026-08-05 12:21:33.051784,,2026-08-05 12:39:00,eta-v3.1,2026-08-05 13:37:52.992097,2026-08-05 12:49:00.960850,False,0.5508630666666666,27.4651511,48.867187449999996,1.2832016166666667,10.016014166666668,-8.732812550000002,True,False,True,
O01102,C0634,R021,2026-08-12 18:25:00,2026-08-12 19:31:12.651822,delivered,medium,clear,D010,D010,2026-08-12 18:31:08.107033,,2026-08-12 18:43:00,eta-v3.1,2026-08-12 20:16:09.835907,2026-08-12 19:31:48.324377,False,6.135117216666667,60.67028906666667,44.358525500000006,44.95306808333333,48.80540628333333,-3.8523382000000055,True,True,True,
O01103,C0642,R014,2026-08-18 19:15:00,2026-08-18 20:34:48.000000,delivered,high,clear,D086,D086,2026-08-18 19:21:15.572277,,2026-08-18 19:33:00,eta-v3.1,2026-08-18 20:41:42.616649,2026-08-18 19:40:52.262120,False,6.2595379499999995,19.611497383333337,60.839242150000004,6.910277483333333,7.871035333333333,-0.9607578500000002,True,False,True,
O01104,C0642,R015,2026-08-01 11:41:00,2026-08-01 12:49:10.089214,delivered,high,clear,D105,D105,2026-08-01 11:42:27.345756,,2026-08-01 11:59:00,eta-v3.2,2026-08-01 12:41:17.622276,2026-08-01 11:55:12.820600,False,1.4557626,12.757914066666666,46.080027933333334,-7.874448966666667,-3.7863233333333333,-4.088125633333334,False,False,True,
O01105,C0526,R016,2026-08-22 15:57:00,2026-08-22 17:05:34.746750,delivered,low,rain,D005,D005,2026-08-22 15:58:48.029474,,2026-08-22 16:15:00,eta-v3.2,2026-08-22 17:09:20.394902,2026-08-22 16:25:18.433048,False,1.8004912333333332,26.506726233333332,44.03269756666667,3.7608025333333335,10.307217466666666,-6.546414933333333,True,False,True,
O01106,C0268,R006,2026-08-23 18:50:00,2026-08-23 19:30:53.750429,delivered,medium,clear,D071,D071,2026-08-23 18:54:45.176827,,2026-08-23 19:08:00,eta-v3.2,2026-08-23 19:49:55.046399,2026-08-23 19:37:37.371643,False,4.752947116666666,42.869913600000004,12.294579266666666,19.021599499999997,29.622860716666665,-10.601261216666668,True,True,True,
O01107,C0660,R040,2026-08-21 19:52:00,2026-08-21 21:00:50.307899,delivered,low,clear,D038,D038,2026-08-21 19:53:32.288651,,2026-08-21 20:10:00,eta-v3.1,2026-08-21 21:13:51.660760,2026-08-21 20:35:41.852841,False,1.5381441833333334,42.15940316666667,38.16346531666667,13.022547683333332,25.697547349999997,-12.674999666666665,True,True,True,
O01108,C0010,R035,2026-08-03 16:20:00,2026-08-03 17:21:20.173057,delivered,medium,rain,D098,D098,2026-08-03 16:21:46.186988,,2026-08-03 16:38:00,eta-v3.1,2026-08-03 17:16:32.343524,2026-08-03 16:40:16.260774,False,1.7697831333333334,18.501229766666665,36.26804583333333,-4.797158883333334,2.2710129,-7.068171783333334,False,False,True,
O01109,C0299,R046,2026-08-03 18:10:00,2026-08-03 19:20:22.866721,delivered,high,clear,D106,D106,2026-08-03 18:10:58.158994,,2026-08-03 18:28:00,eta-v3.1,2026-08-03 19:06:07.544585,2026-08-03 18:19:50.219434,False,0.9693165666666667,8.867674,46.28875251666667,-14.255368933333333,-8.163009433333334,-6.092359499999999,False,False,True,
O01110,C0155,R024,2026-08-24 19:31:00,2026-08-24 20:39:55.091639,delivered,high,clear,D064,D064,2026-08-24 19:31:09.428495,,2026-08-24 19:49:00,eta-v3.1,2026-08-24 20:42:31.754889,2026-08-24 19:56:05.606077,False,0.15714158333333333,24.936293033333335,46.43581353333333,2.611054166666667,7.093434616666667,-4.482380450000001,True,False,True,
O01111,C0072,R017,2026-08-15 14:39:00,2026-08-15 15:51:48.000000,delivered,low,clear,D019,D019,2026-08-15 14:39:48.274043,,2026-08-15 14:57:00,eta-v3.1,2026-08-15 16:09:49.216099,2026-08-15 15:19:55.637375,False,0.8045673833333333,40.1227222,49.89297873333333,18.020268316666666,22.927289583333334,-4.907021266666668,True,True,True,
O01112,C0215,R026,2026-08-12 23:30:00,2026-08-13 00:48:06.000000,delivered,medium,rain,D030,D030,2026-08-12 23:30:23.148200,,2026-08-12 23:48:00,eta-v3.1,2026-08-13 00:50:25.217891,2026-08-12 23:56:19.209832,False,0.38580333333333333,25.934360533333333,54.10013431666666,2.3202981833333336,8.320163866666666,-5.999865683333333,True,False,True,
O01113,C0411,R018,2026-08-01 18:09:00,2026-08-01 19:07:45.538427,delivered,medium,clear,D028,D028,2026-08-01 18:11:02.571996,,2026-08-01 18:27:00,eta-v3.1,2026-08-01 18:58:40.349270,2026-08-01 18:23:53.380281,False,2.0428666,12.846804749999999,34.782816483333335,-9.08648595,-3.11032865,-5.976157300000001,False,False,True,
O01114,C0352,R014,2026-08-28 15:25:00,2026-08-28 16:40:36.000000,delivered,medium,clear,D015,D015,2026-08-28 15:26:24.192513,,2026-08-28 15:43:00,eta-v3.1,2026-08-28 16:41:47.961835,2026-08-28 15:47:41.871627,False,1.40320855,21.2946519,54.10150346666667,1.1993639166666665,4.697860449999999,-3.498496533333333,True,False,True,
O01115,C0813,R053,2026-08-25 19:16:00,2026-08-25 20:41:24.000000,delivered,severe,clear,D117,D117,2026-08-25 19:16:36.174857,,2026-08-25 19:34:00,eta-v3.1,2026-08-25 20:40:27.102548,2026-08-25 19:38:10.739433,False,0.6029142833333334,21.576076266666668,62.27271858333334,-0.9482908666666667,4.17899055,-5.1272814166666665,False,False,True,
O01116,C0324,R052,2026-08-11 14:41:00,2026-08-11 15:53:48.000000,delivered,low,clear,D090,D090,2026-08-11 14:41:46.576002,,2026-08-11 14:59:00,eta-v3.1,2026-08-11 15:44:04.055755,2026-08-11 14:55:23.520002,False,0.7762667000000001,13.615733333333333,48.67559588333334,-9.732404083333334,-3.6079999666666667,-6.124404116666668,False,False,True,
O01117,C0810,R052,2026-08-01 18:20:00,2026-08-01 19:35:36.000000,delivered,medium,clear,D084,D084,2026-08-01 18:21:21.503160,,2026-08-01 18:38:00,eta-v3.1,2026-08-01 19:19:17.056072,2026-08-01 18:40:32.961824,False,1.3583859999999999,19.190977733333334,38.73490413333333,-16.315732133333334,2.5493637333333337,-18.865095866666667,False,False,True,
O01118,C0210,R024,2026-08-19 20:30:00,2026-08-19 21:36:16.813041,delivered,high,clear,D034,D034,2026-08-19 20:32:38.890386,,2026-08-19 20:48:00,eta-v3.1,2026-08-19 21:44:03.302164,2026-08-19 20:59:45.990280,False,2.6481731,27.118331566666665,44.288531400000004,7.774818716666667,11.766504666666666,-3.991685949999999,True,False,True,
O01119,C0365,R028,2026-08-24 15:04:00,2026-08-24 16:20:51.229003,cancelled,medium,rain,D028,D028,2026-08-24 15:05:00.216026,,2026-08-24 15:22:00,eta-v3.1,,,False,1.0036004333333333,,,,,,False,False,False,cancelled
O01120,C0295,R031,2026-08-19 20:37:00,2026-08-19 22:02:24.000000,delivered,severe,clear,D010,D010,2026-08-19 20:37:45.700648,,2026-08-19 20:55:00,eta-v3.1,2026-08-19 22:12:50.414424,2026-08-19 21:08:45.999078,False,0.7616774666666667,31.004973833333334,64.0735891,10.4402404,13.766651300000001,-3.326410900000001,True,True,True,
O01121,C0201,R015,2026-08-20 21:31:00,2026-08-20 22:39:37.817747,delivered,low,clear,D009,D009,2026-08-20 21:32:03.957033,,2026-08-20 21:49:00,eta-v3.2,2026-08-20 22:38:25.382380,2026-08-20 21:55:36.472198,False,1.06595055,23.541919416666666,42.8151697,-1.2072561166666667,6.607869966666667,-7.815126083333333,False,False,True,
O01122,C0680,R052,2026-08-16 21:14:00,2026-08-16 22:26:48.000000,delivered,low,clear,D044,D058,2026-08-16 21:18:11.490634,2026-08-16 21:25:03.580841,2026-08-16 21:32:00,eta-v3.2,2026-08-16 22:23:44.556588,2026-08-16 21:33:30.924706,True,4.1915105666666665,15.3239012,50.22719803333334,-3.0573902,1.5154117666666667,-4.572801966666667,False,False,True,
O01123,C0098,R014,2026-08-23 19:12:00,2026-08-23 20:24:48.000000,delivered,low,clear,D063,D063,2026-08-23 19:22:21.082715,,2026-08-23 19:30:00,eta-v3.2,2026-08-23 20:20:40.486474,2026-08-23 19:40:21.599533,False,10.351378583333334,18.008613633333333,40.31478235,-4.125225433333333,10.359992216666665,-14.48521765,False,False,True,
O01124,C0176,R008,2026-08-19 12:53:00,2026-08-19 14:05:48.000000,delivered,low,clear,D100,D100,2026-08-19 12:53:05.096183,,2026-08-19 13:11:00,eta-v3.2,2026-08-19 13:57:19.401905,2026-08-19 13:17:43.575405,False,0.08493638333333334,24.641320366666665,39.59710833333334,-8.476634916666667,6.72625675,-15.202891666666666,False,False,True,
O01125,C0249,R043,2026-08-18 18:19:00,2026-08-18 19:20:37.717040,delivered,medium,clear,D025,D025,2026-08-18 18:20:10.603548,,2026-08-18 18:37:00,eta-v3.1,2026-08-18 19:07:43.441621,2026-08-18 18:25:45.717901,False,1.1767258,5.5852392166666665,41.962061999999996,-12.904590316666667,-11.238034983333334,-1.6665553333333332,False,False,True,
O01126,C0674,R055,2026-08-02 15:21:00,2026-08-02 16:24:27.826044,delivered,low,clear,D082,D082,2026-08-02 15:27:33.620966,,2026-08-02 15:39:00,eta-v3.2,2026-08-02 16:06:00.064060,2026-08-02 15:33:04.788481,False,6.560349433333333,5.519458583333333,32.92125965,-18.462699733333334,-5.920191983333334,-12.54250775,False,False,True,
O01127,C0610,R050,2026-08-21 18:22:00,2026-08-21 19:34:48.000000,delivered,low,clear,D107,D107,2026-08-21 18:24:39.445025,,2026-08-21 18:40:00,eta-v3.1,2026-08-21 19:36:00.603906,2026-08-21 18:52:43.718866,False,2.6574170833333333,28.071230683333333,43.28141733333334,1.2100651,12.728647766666667,-11.518582666666667,True,False,True,
O01128,C0512,R018,2026-08-14 19:27:00,2026-08-14 20:48:36.000000,delivered,medium,heavy_rain,D030,D030,2026-08-14 19:32:38.039098,,2026-08-14 19:45:00,eta-v3.2,2026-08-14 20:50:46.263299,2026-08-14 19:51:44.625062,False,5.6339849666666675,19.10976606666667,59.027303950000004,2.1710549833333332,6.743751033333334,-4.572696050000001,True,False,True,
O01129,C0866,R012,2026-08-11 20:55:00,2026-08-11 21:48:34.970002,delivered,high,rain,D092,D092,2026-08-11 20:56:31.251846,,2026-08-11 21:13:00,eta-v3.1,2026-08-11 21:49:38.240971,2026-08-11 21:17:40.697706,False,1.5208641,21.157431,31.959054416666667,1.05451615,4.6782951,-3.6237789499999997,True,False,True,
O01130,C0866,R015,2026-08-28 15:37:00,2026-08-28 16:22:54.310518,delivered,medium,clear,D099,D099,2026-08-28 15:37:53.915107,,2026-08-28 15:55:00,eta-v3.1,2026-08-28 16:14:27.206113,2026-08-28 15:52:28.220909,False,0.8985851166666666,14.571763366666666,21.983086733333334,-8.451740083333332,-2.5296515166666667,-5.922088566666666,False,False,True,
O01131,C0532,R006,2026-08-05 19:30:00,2026-08-05 20:49:48.000000,delivered,high,clear,D099,D099,2026-08-05 19:30:39.054647,,2026-08-05 19:48:00,eta-v3.2,2026-08-05 20:46:59.734670,2026-08-05 19:53:49.381338,False,0.6509107833333334,23.172111516666668,53.17255553333334,-2.804422166666667,5.823022300000001,-8.627444466666667,False,False,True,
O01132,C0367,R010,2026-08-19 18:03:00,2026-08-19 19:02:38.098935,delivered,high,clear,D104,D104,2026-08-19 18:07:39.627910,,2026-08-19 18:21:00,eta-v3.2,2026-08-19 19:24:01.401437,2026-08-19 18:49:20.242900,False,4.6604651666666665,41.6769165,34.68597561666666,21.388375033333332,28.337381666666666,-6.949006633333333,True,True,True,
O01133,C0890,R029,2026-08-10 15:27:00,2026-08-10 16:46:48.000000,delivered,high,clear,D018,D018,2026-08-10 15:27:31.277247,,2026-08-10 15:45:00,eta-v3.2,2026-08-10 17:05:53.763805,2026-08-10 16:10:41.060583,False,0.52128745,43.1630556,55.21172036666667,19.096063416666667,25.68434305,-6.588279633333332,True,True,True,
O01134,C0795,R038,2026-08-11 21:55:00,2026-08-11 23:10:36.000000,delivered,medium,clear,D025,D025,2026-08-11 21:58:14.856800,,2026-08-11 22:13:00,eta-v3.1,2026-08-11 23:13:34.612268,2026-08-11 22:21:21.024596,False,3.2476133333333332,23.102796599999998,52.2264612,2.9768711333333333,8.350409933333333,-5.3735388,True,False,True,
O01135,C0721,R015,2026-08-23 17:19:00,2026-08-23 18:23:10.732267,delivered,low,clear,D076,D076,2026-08-23 17:20:04.761468,,2026-08-23 17:37:00,eta-v3.1,2026-08-23 18:29:24.781119,2026-08-23 17:49:40.919361,False,1.0793578,29.60263155,39.7310293,6.234147533333333,12.68198935,-6.447841816666667,True,False,True,
O01136,C0681,R021,2026-08-24 13:54:00,2026-08-24 15:09:36.000000,delivered,medium,clear,D077,D077,2026-08-24 13:54:23.643592,,2026-08-24 14:12:00,eta-v3.2,2026-08-24 15:12:25.586962,2026-08-24 14:20:59.247255,False,0.3940598666666667,26.593394383333337,51.43899511666667,2.8264493666666666,8.98745425,-6.161004883333334,True,False,True,
O01137,C0119,R060,2026-08-27 11:35:00,2026-08-27 13:00:48.000000,delivered,high,heavy_rain,D027,D027,2026-08-27 11:35:58.383274,,2026-08-27 11:53:00,eta-v3.1,2026-08-27 13:01:13.284488,2026-08-27 11:56:03.255612,False,0.9730545666666667,20.081205633333333,65.16714793333333,0.4214081333333333,3.0542602000000003,-2.632852066666667,True,False,True,
O01138,C0373,R009,2026-08-15 21:04:00,2026-08-15 22:19:36.000000,delivered,medium,clear,D024,D024,2026-08-15 21:09:00.475926,,2026-08-15 21:22:00,eta-v3.2,2026-08-15 22:30:01.266874,2026-08-15 21:43:54.490103,False,5.0079321000000006,34.900236283333335,46.11294618333333,10.421114566666667,21.908168383333336,-11.48705381666667,True,True,True,
O01139,C0294,R039,2026-08-14 17:11:00,2026-08-14 18:02:08.617430,delivered,medium,clear,D058,D058,2026-08-14 17:16:31.607406,,2026-08-14 17:29:00,eta-v3.1,2026-08-14 17:57:38.699243,2026-08-14 17:36:00.508357,False,5.5267901,19.48168251666667,21.636514766666668,-4.49863645,7.008472616666666,-11.507109066666667,False,False,True,
O01140,C0555,R035,2026-08-19 23:13:00,2026-08-20 00:25:48.000000,delivered,low,clear,D059,D059,2026-08-19 23:14:44.763417,,2026-08-19 23:31:00,eta-v3.2,2026-08-20 00:28:14.803212,2026-08-19 23:38:28.449869,False,1.74605695,23.728107533333333,49.77255571666667,2.4467202,7.474164483333333,-5.027444283333333,True,False,True,
O01141,C0520,R014,2026-08-16 19:22:00,2026-08-16 20:38:55.522372,delivered,high,clear,D068,D068,2026-08-16 19:22:19.622221,,2026-08-16 19:40:00,eta-v3.1,2026-08-16 20:54:17.512590,2026-08-16 20:00:38.164704,False,0.3270370166666667,38.30904138333334,53.6557981,15.366503633333334,20.6360784,-5.269574766666665,True,True,True,
O01142,C0528,R041,2026-08-26 13:08:00,2026-08-26 14:23:36.000000,delivered,medium,clear,D028,D028,2026-08-26 13:09:04.526211,,2026-08-26 13:26:00,eta-v3.1,2026-08-26 14:30:10.204032,2026-08-26 13:40:19.978315,False,1.07543685,31.257535066666666,49.83709528333333,6.5700671999999996,14.332971916666667,-7.762904716666667,True,False,True,
O01143,C0053,R056,2026-08-02 21:03:00,2026-08-02 22:21:06.000000,delivered,medium,rain,D017,D017,2026-08-02 21:04:52.495302,,2026-08-02 21:21:00,eta-v3.1,2026-08-02 22:22:03.635979,2026-08-02 21:25:24.906462,False,1.8749217,20.540186000000002,56.64549195,0.96059965,4.415107699999999,-3.4545080499999994,True,False,True,
O01144,C0788,R055,2026-08-26 21:59:00,2026-08-26 23:21:18.000000,delivered,high,rain,D017,D017,2026-08-26 22:04:27.409894,,2026-08-26 22:17:00,eta-v3.2,2026-08-26 23:51:26.036977,2026-08-26 22:44:58.916772,False,5.456831566666667,40.52511463333334,66.45200341666667,30.133949616666666,27.9819462,2.152003416666666,True,True,True,
O01145,C0448,R035,2026-08-02 20:37:00,2026-08-02 21:56:48.000000,delivered,high,clear,D047,D047,2026-08-02 20:37:25.206202,,2026-08-02 20:55:00,eta-v3.1,2026-08-02 21:57:59.674709,2026-08-02 21:01:14.623348,False,0.4201033666666667,23.8236191,56.75085601666667,1.1945784833333333,6.243722466666667,-5.049143983333334,True,False,True,
O01146,C0364,R024,2026-08-04 13:05:00,2026-08-04 14:30:24.000000,delivered,severe,clear,D068,D068,2026-08-04 13:07:09.549322,,2026-08-04 13:23:00,eta-v3.2,2026-08-04 14:36:35.230297,2026-08-04 13:27:53.248984,False,2.1591553666666665,20.7283277,68.69968855,6.187171616666666,4.887483066666666,1.29968855,True,False,True,
O01147,C0457,R004,2026-08-03 18:03:00,2026-08-03 19:05:19.801748,delivered,high,clear,D060,D060,2026-08-03 18:06:58.310274,,2026-08-03 18:21:00,eta-v3.2,2026-08-03 19:09:21.311240,2026-08-03 18:28:53.121567,False,3.9718378999999997,21.91352155,40.46982788333333,4.0251582,7.88535945,-3.8602012500000003,True,False,True,
O01148,C0406,R036,2026-08-04 18:11:00,2026-08-04 19:12:44.476995,delivered,low,rain,D107,D107,2026-08-04 18:13:41.535130,,2026-08-04 18:29:00,eta-v3.1,2026-08-04 19:20:09.785281,2026-08-04 18:38:32.745645,False,2.692252166666667,24.853508583333333,41.61732726666666,7.421804766666667,9.54576075,-2.1239559833333326,True,False,True,
O01149,C0475,R020,2026-08-22 20:37:00,2026-08-22 21:29:20.362496,delivered,high,clear,D041,D041,2026-08-22 20:37:37.256961,,2026-08-22 20:55:00,eta-v3.1,2026-08-22 21:32:37.411966,2026-08-22 21:04:53.833501,False,0.62094935,27.276275666666667,27.72630775,3.2841578333333334,9.897225016666665,-6.613067183333332,True,False,True,
O01150,C0052,R014,2026-08-17 21:31:00,2026-08-17 22:46:36.000000,cancelled,medium,clear,D085,D085,2026-08-17 21:47:43.555891,,2026-08-17 21:49:00,eta-v3.2,,,False,16.725931516666666,,,,,,False,False,False,cancelled
O01151,C0424,R007,2026-08-20 19:49:00,2026-08-20 21:04:36.000000,delivered,medium,clear,D114,D114,2026-08-20 19:55:35.574595,,2026-08-20 20:07:00,eta-v3.1,2026-08-20 20:57:26.784161,2026-08-20 20:10:27.987029,False,6.592909916666667,14.873540566666666,46.9799522,-7.153597316666667,3.4664504833333334,-10.6200478,False,False,True,
O01152,C0018,R026,2026-08-14 14:11:00,2026-08-14 15:26:36.000000,delivered,medium,clear,D011,D075,2026-08-14 14:23:37.683053,2026-08-14 14:31:49.728400,2026-08-14 14:29:00,eta-v3.2,2026-08-14 15:34:47.577682,2026-08-14 14:44:49.254453,True,12.628050883333334,21.192856666666668,49.972053816666666,8.192961366666667,15.82090755,-7.627946183333332,True,False,True,
O01153,C0581,R024,2026-08-19 20:10:00,2026-08-19 21:22:48.000000,delivered,low,clear,D054,D054,2026-08-19 20:10:17.174221,,2026-08-19 20:28:00,eta-v3.2,2026-08-19 21:43:50.301176,2026-08-19 20:54:39.299331,False,0.2862370166666667,44.368751833333334,49.18336408333333,21.038352933333332,26.65498885,-5.616635916666667,True,True,True,
O01154,C0561,R031,2026-08-06 20:46:00,2026-08-06 21:50:46.600808,delivered,medium,clear,D016,D016,2026-08-06 20:48:34.834482,,2026-08-06 21:04:00,eta-v3.1,2026-08-06 21:46:36.307038,2026-08-06 21:08:12.186518,False,2.5805747,19.622533933333333,38.40200866666667,-4.171562833333334,4.203108633333334,-8.374671466666667,False,False,True,
O01155,C0681,R025,2026-08-25 21:02:00,2026-08-25 22:04:35.468783,delivered,medium,clear,D092,D092,2026-08-25 21:03:04.188786,,2026-08-25 21:20:00,eta-v3.1,2026-08-25 21:53:59.605929,2026-08-25 21:22:42.204184,False,1.0698131,19.633589966666666,31.29002908333333,-10.597714233333333,2.7034030666666666,-13.3011173,False,False,True,
O01156,C0353,R048,2026-08-22 22:07:00,2026-08-22 23:26:35.139254,delivered,high,clear,D075,D075,2026-08-22 22:09:49.941836,,2026-08-22 22:25:00,eta-v3.1,2026-08-22 23:33:11.877178,2026-08-22 22:40:04.758309,False,2.8323639333333333,30.246941216666666,53.118647816666666,6.612298733333334,15.079305150000001,-8.467006416666667,True,False,True,
O01157,C0175,R025,2026-08-18 12:19:00,2026-08-18 13:44:24.000000,cancelled,severe,clear,D106,D106,2026-08-18 12:19:11.858640,,2026-08-18 12:37:00,eta-v3.2,,,False,0.197644,,,,,,False,False,False,cancelled
O01158,C0367,R023,2026-08-15 19:30:00,2026-08-15 20:18:38.431831,delivered,medium,clear,D077,D077,2026-08-15 19:31:13.683185,,2026-08-15 19:48:00,eta-v3.2,2026-08-15 20:13:54.903030,2026-08-15 19:49:33.967686,False,1.2280530833333332,18.338075016666668,24.3489224,-4.725480016666666,1.5661281,-6.291608116666667,False,False,True,
O01159,C0549,R003,2026-08-07 16:11:00,2026-08-07 17:23:48.000000,delivered,low,clear,D089,D090,2026-08-07 16:15:34.654280,2026-08-07 16:18:01.519095,2026-08-07 16:29:00,eta-v3.2,2026-08-07 17:24:30.738283,2026-08-07 16:36:09.135467,True,4.577571333333334,20.57468645,48.36004693333334,0.7123047166666667,7.152257783333334,-6.439953066666667,True,False,True,
O01160,C0498,R003,2026-08-17 22:36:00,2026-08-17 23:55:48.000000,delivered,high,clear,D042,D042,2026-08-17 22:36:08.922025,,2026-08-17 22:54:00,eta-v3.2,2026-08-18 00:14:52.183203,2026-08-17 23:17:32.686871,False,0.14870041666666667,41.396080766666664,57.32493886666667,19.06972005,23.544781183333335,-4.475061133333334,True,True,True,
O01161,C0551,R034,2026-08-07 12:35:00,2026-08-07 13:47:48.000000,delivered,low,clear,D061,D061,2026-08-07 12:43:43.556704,,2026-08-07 12:53:00,eta-v3.1,2026-08-07 13:43:48.996869,2026-08-07 13:01:27.944214,False,8.725945066666666,17.739791833333335,42.350877583333336,-3.9833855166666665,8.4657369,-12.449122416666667,False,False,True,
O01162,C0637,R026,2026-08-13 13:06:00,2026-08-13 14:18:48.000000,delivered,low,clear,D016,D016,2026-08-13 13:15:45.522287,,2026-08-13 13:24:00,eta-v3.1,2026-08-13 14:13:17.775875,2026-08-13 13:20:54.927404,False,9.758704783333334,5.15675195,52.38080785,-5.503735416666667,-3.0845432666666666,-2.4191921500000007,False,False,True,
O01163,C0799,R023,2026-08-22 20:49:00,2026-08-22 22:08:48.000000,delivered,high,clear,D014,D014,2026-08-22 20:50:08.354732,,2026-08-22 21:07:00,eta-v3.1,2026-08-22 22:09:09.374853,2026-08-22 21:14:41.992829,False,1.1392455333333333,24.56063495,54.456367066666665,0.35624755,7.699880483333333,-7.343632933333333,True,False,True,
O01164,C0273,R017,2026-08-28 18:57:00,2026-08-28 20:15:06.000000,delivered,medium,rain,D039,D039,2026-08-28 18:57:20.232678,,2026-08-28 19:15:00,eta-v3.2,2026-08-28 20:23:37.951832,2026-08-28 19:21:53.925211,False,0.3372113,24.561542216666666,61.733777016666664,8.532530533333334,6.898753516666667,1.6337770166666674,True,False,True,
O01165,C0857,R041,2026-08-04 11:04:00,2026-08-04 12:16:48.000000,delivered,low,clear,D025,D025,2026-08-04 11:11:15.853260,,2026-08-04 11:22:00,eta-v3.1,2026-08-04 12:25:47.755547,2026-08-04 11:40:55.118402,False,7.264221,29.654419033333333,44.877285750000006,8.995925783333332,18.918640033333336,-9.922714250000004,True,False,True,
O01166,C0390,R028,2026-08-17 18:45:00,2026-08-17 20:10:24.000000,delivered,severe,clear,D085,D085,2026-08-17 18:46:06.030596,,2026-08-17 19:03:00,eta-v3.1,2026-08-17 20:04:00.984689,2026-08-17 19:03:45.891479,False,1.1005099333333335,17.66434805,60.2515535,-6.383588516666666,0.7648579833333333,-7.1484464999999995,False,False,True,
O01167,C0446,R050,2026-08-17 12:41:00,2026-08-17 13:41:20.030887,delivered,high,clear,D086,D086,2026-08-17 12:42:42.816686,,2026-08-17 12:59:00,eta-v3.1,2026-08-17 14:00:21.109019,2026-08-17 13:23:34.470399,False,1.7136114333333334,40.86089521666667,36.77731033333334,19.017968866666667,24.57450665,-5.556537783333333,True,True,True,
O01168,C0055,R023,2026-08-16 13:43:00,2026-08-16 14:42:20.134412,delivered,low,clear,D114,D114,2026-08-16 13:47:56.830844,,2026-08-16 14:01:00,eta-v3.2,2026-08-16 14:44:46.452970,2026-08-16 14:14:49.034007,False,4.947180733333334,26.870052716666667,29.95698271666667,2.438642633333333,13.81723345,-11.378590816666666,True,False,True,
O01169,C0097,R058,2026-08-20 18:36:00,2026-08-20 19:55:48.000000,delivered,high,clear,D057,D103,2026-08-20 18:38:19.054552,2026-08-20 18:45:29.087679,2026-08-20 18:54:00,eta-v3.1,2026-08-20 20:17:37.652323,2026-08-20 19:16:07.191846,True,2.3175758666666666,37.802288233333336,61.50767461666667,21.827538716666666,22.119864099999997,-0.29232538333333125,True,True,True,
O01170,C0125,R008,2026-08-05 20:26:00,2026-08-05 21:47:36.000000,delivered,medium,heavy_rain,D001,D048,2026-08-05 20:26:24.384390,2026-08-05 20:32:16.747624,2026-08-05 20:44:00,eta-v3.2,2026-08-05 22:02:48.487521,2026-08-05 20:59:27.055004,True,0.4064065,33.044510233333334,63.35720861666667,15.20812535,15.450916733333335,-0.24279138333333528,True,True,True,
O01171,C0018,R011,2026-08-03 22:12:00,2026-08-03 23:30:52.443966,delivered,high,rain,D057,D057,2026-08-03 22:14:19.494244,,2026-08-03 22:30:00,eta-v3.2,2026-08-03 23:26:38.423530,2026-08-03 22:29:58.955032,False,2.324904066666667,15.6576798,56.657808300000006,-4.233673933333333,-0.01741613333333333,-4.216257799999999,False,False,True,
O01172,C0806,R001,2026-08-19 18:16:00,2026-08-19 19:31:36.000000,delivered,medium,clear,D022,D116,2026-08-19 18:24:25.257476,2026-08-19 18:27:14.929856,2026-08-19 18:34:00,eta-v3.1,2026-08-19 19:24:37.857488,2026-08-19 18:32:10.352620,True,8.420957933333334,7.751585733333333,52.45841446666667,-6.969041866666667,-1.8274563333333333,-5.141585533333334,False,False,True,
O01173,C0345,R023,2026-08-18 19:03:00,2026-08-18 20:14:49.386253,delivered,low,clear,D043,D043,2026-08-18 19:03:07.137719,,2026-08-18 19:21:00,eta-v3.1,2026-08-18 20:03:35.039975,2026-08-18 19:21:47.929722,False,0.11896198333333333,18.679866716666666,41.78517088333333,-11.239104633333334,0.7988287,-12.037933333333333,False,False,True,
O01174,C0627,R051,2026-08-27 18:15:00,2026-08-27 19:34:48.000000,delivered,high,clear,D101,D101,2026-08-27 18:20:58.640463,,2026-08-27 18:33:00,eta-v3.1,2026-08-27 19:23:19.342611,2026-08-27 18:33:33.059821,False,5.977341050000001,12.573655966666667,49.771379833333334,-11.47762315,0.5509970166666667,-12.028620166666666,False,False,True,
O01175,C0001,R019,2026-08-24 17:43:00,2026-08-24 18:58:36.000000,delivered,medium,clear,D115,D115,2026-08-24 17:43:40.692026,,2026-08-24 18:01:00,eta-v3.2,2026-08-24 18:49:42.938313,2026-08-24 18:03:17.471811,False,0.6782004333333334,19.612996416666665,46.4244417,-8.88436145,2.29119685,-11.1755583,False,False,True,
O01176,C0761,R007,2026-08-07 20:34:00,2026-08-07 21:56:18.000000,delivered,high,rain,D110,D110,2026-08-07 20:38:59.245663,,2026-08-07 20:52:00,eta-v3.1,2026-08-07 22:09:25.520690,2026-08-07 21:06:33.913033,False,4.987427716666667,27.577789499999998,62.86012761666667,13.125344833333333,14.565217216666667,-1.4398723833333342,True,True,True,
O01177,C0167,R022,2026-08-07 17:56:00,2026-08-07 19:00:36.526318,delivered,high,clear,D095,D095,2026-08-07 17:58:26.913208,,2026-08-07 18:14:00,eta-v3.1,2026-08-07 18:58:14.516433,2026-08-07 18:16:00.393574,False,2.4485534666666666,17.5580061,42.235380983333336,-2.3668314166666664,2.0065595666666667,-4.3733909833333335,False,False,True,
O01178,C0581,R057,2026-08-27 22:10:00,2026-08-27 23:25:36.000000,delivered,medium,clear,D057,D057,2026-08-27 22:10:06.076271,,2026-08-27 22:28:00,eta-v3.2,2026-08-27 23:35:56.076213,2026-08-27 22:47:48.173662,False,0.10127118333333333,37.70162318333333,48.131709183333335,10.33460355,19.802894366666667,-9.468290816666666,True,True,True,
O01179,C0092,R012,2026-08-08 14:40:00,2026-08-08 15:53:21.843019,delivered,high,clear,D054,D054,2026-08-08 14:40:01.124224,,2026-08-08 14:58:00,eta-v3.2,2026-08-08 16:06:09.916216,2026-08-08 15:13:17.274842,False,0.018737066666666666,33.26917696666666,52.87735623333333,12.80121995,15.287914033333333,-2.486694083333333,True,True,True,
O01180,C0111,R004,2026-08-28 20:14:00,2026-08-28 21:29:36.000000,delivered,medium,clear,D087,D087,2026-08-28 20:15:12.372114,,2026-08-28 20:32:00,eta-v3.1,2026-08-28 21:39:32.017785,2026-08-28 20:50:37.964792,False,1.2062019,35.426544633333336,48.900883216666664,9.93362975,18.632746533333332,-8.699116783333332,True,False,True,
O01181,C0194,R045,2026-08-28 12:45:00,2026-08-28 14:04:48.000000,delivered,high,clear,D041,D041,2026-08-28 12:50:03.306700,,2026-08-28 13:03:00,eta-v3.2,2026-08-28 14:02:00.736568,2026-08-28 13:10:39.965431,False,5.055111666666666,20.61097885,51.346185616666666,-2.7877238666666666,7.666090516666667,-10.453814383333334,False,False,True,
O01182,C0423,R005,2026-08-11 18:10:00,2026-08-11 19:22:48.000000,delivered,low,clear,D011,D011,2026-08-11 18:11:50.748665,,2026-08-11 18:28:00,eta-v3.1,2026-08-11 19:30:14.762499,2026-08-11 18:44:42.902005,False,1.8458110833333334,32.86922233333333,45.53100823333333,7.44604165,16.715033416666667,-9.268991766666668,True,False,True,
O01183,C0761,R004,2026-08-02 18:40:00,2026-08-02 19:33:55.161577,delivered,low,clear,D113,D113,2026-08-02 18:42:37.116003,,2026-08-02 18:58:00,eta-v3.2,2026-08-02 19:48:45.150980,2026-08-02 19:22:41.221994,False,2.61860005,40.06843318333333,26.065483099999998,14.833156716666668,24.687033233333334,-9.853876516666666,True,True,True,
O01184,C0860,R008,2026-08-04 21:54:00,2026-08-04 22:57:13.083976,delivered,medium,clear,D045,D045,2026-08-04 21:54:54.876078,,2026-08-04 22:12:00,eta-v3.1,2026-08-04 22:51:17.688095,2026-08-04 22:15:21.221503,False,0.9146013,20.439090416666666,35.94110986666667,-5.923264683333333,3.353691716666667,-9.2769564,False,False,True,
O01185,C0881,R049,2026-08-04 18:26:00,2026-08-04 19:41:18.000000,delivered,low,rain,D077,D077,2026-08-04 18:28:27.068604,,2026-08-04 18:44:00,eta-v3.2,2026-08-04 19:53:26.419325,2026-08-04 19:00:13.415878,False,2.4511434,31.772454566666667,53.21672411666667,12.140322083333333,16.223597966666667,-4.083275883333334,True,True,True,
O01186,C0872,R059,2026-08-06 18:30:00,2026-08-06 19:42:48.000000,delivered,low,clear,D020,D020,2026-08-06 18:32:02.571234,,2026-08-06 18:48:00,eta-v3.2,2026-08-06 19:42:22.924165,2026-08-06 18:58:32.586035,False,2.0428539,26.500246683333334,43.83896883333333,-0.4179305833333334,10.543100583333334,-10.961031166666668,False,False,True,
O01187,C0450,R042,2026-08-26 20:03:00,2026-08-26 21:15:48.000000,delivered,low,clear,D015,D015,2026-08-26 20:03:06.843650,,2026-08-26 20:21:00,eta-v3.2,2026-08-26 21:39:20.595835,2026-08-26 20:47:03.954027,False,0.11406083333333333,43.95183961666667,52.277363466666664,23.543263916666668,26.06590045,-2.5226365333333334,True,True,True,
O01188,C0137,R020,2026-08-08 14:25:00,2026-08-08 15:25:50.711877,delivered,low,clear,D110,D110,2026-08-08 14:25:54.070361,,2026-08-08 14:43:00,eta-v3.1,2026-08-08 15:26:58.015251,2026-08-08 14:54:34.186362,False,0.9011726833333333,28.66860001666667,32.39714815,1.1217229000000002,11.5697727,-10.4480498,True,False,True,
O01189,C0129,R004,2026-08-18 19:21:00,2026-08-18 20:32:50.493778,delivered,medium,clear,D063,D063,2026-08-18 19:27:09.547430,,2026-08-18 19:39:00,eta-v3.1,2026-08-18 20:35:26.283749,2026-08-18 19:50:32.196603,False,6.159123833333334,23.377486216666668,44.90145243333333,2.596499516666667,11.53661005,-8.940110533333334,True,False,True,
O01190,C0240,R016,2026-08-24 22:49:00,2026-08-25 00:04:36.000000,delivered,medium,clear,D029,D029,2026-08-24 22:49:38.659410,,2026-08-24 23:07:00,eta-v3.1,2026-08-24 23:58:50.065639,2026-08-24 23:06:37.061154,False,0.6443235,16.9733624,52.216741416666665,-5.765572683333334,-0.38231410000000005,-5.383258583333333,False,False,True,
O01191,C0596,R029,2026-08-12 20:08:00,2026-08-12 21:33:24.000000,delivered,severe,clear,D054,D054,2026-08-12 20:09:03.572935,,2026-08-12 20:26:00,eta-v3.1,2026-08-12 21:40:09.712898,2026-08-12 20:34:11.566069,False,1.0595489166666667,25.1332189,65.96911381666666,6.761881633333333,8.192767816666667,-1.4308861833333335,True,False,True,
O01192,C0020,R031,2026-08-03 18:59:00,2026-08-03 20:06:13.071312,delivered,medium,clear,D010,D010,2026-08-03 18:59:07.644634,,2026-08-03 19:17:00,eta-v3.1,2026-08-03 20:02:44.992419,2026-08-03 19:23:31.843252,False,0.12741056666666667,24.403310299999998,39.219152783333335,-3.4679815499999997,6.530720866666667,-9.998702416666667,False,False,True,
O01193,C0316,R037,2026-08-03 13:13:00,2026-08-03 14:25:26.586571,delivered,high,clear,D063,D063,2026-08-03 13:13:20.779120,,2026-08-03 13:31:00,eta-v3.1,2026-08-03 14:23:18.168566,2026-08-03 13:37:22.920935,False,0.34631866666666666,24.035696916666666,45.92079385,-2.1403000833333334,6.382015583333333,-8.522315666666666,False,False,True,
O01194,C0775,R060,2026-08-27 11:50:00,2026-08-27 13:12:18.000000,delivered,high,rain,D060,D060,2026-08-27 11:56:01.425585,,2026-08-27 12:08:00,eta-v3.2,2026-08-27 13:15:56.743816,2026-08-27 12:14:35.355436,False,6.02375975,18.565497516666667,61.356473,3.645730266666667,6.5892572666666664,-2.9435269999999996,True,False,True,
O01195,C0106,R028,2026-08-07 14:50:00,2026-08-07 16:05:36.000000,delivered,medium,clear,D037,D037,2026-08-07 15:07:37.600570,,2026-08-07 15:08:00,eta-v3.1,2026-08-07 16:12:50.677244,2026-08-07 15:20:19.233165,False,17.626676166666666,12.693876583333333,52.52406798333333,7.244620733333333,12.32055275,-5.075932016666666,True,False,True,
O01196,C0227,R019,2026-08-04 18:50:00,2026-08-04 20:05:36.000000,delivered,medium,clear,D109,D109,2026-08-04 18:50:03.061036,,2026-08-04 19:08:00,eta-v3.2,2026-08-04 19:57:06.523381,2026-08-04 19:07:27.180917,False,0.051017266666666665,17.401998016666667,49.65570773333333,-8.491276983333334,-0.5469847166666667,-7.944292266666667,False,False,True,
O01197,C0032,R034,2026-08-17 16:34:00,2026-08-17 17:56:18.000000,delivered,high,rain,D118,D118,2026-08-17 16:34:06.798798,,2026-08-17 16:52:00,eta-v3.1,2026-08-17 18:27:54.591417,2026-08-17 17:20:52.591452,False,0.11331329999999999,46.7632109,67.03333275,31.60985695,28.8765242,2.7333327500000024,True,True,True,
O01198,C0093,R042,2026-08-25 17:58:00,2026-08-25 19:13:36.000000,delivered,medium,clear,D101,D101,2026-08-25 18:03:17.793813,,2026-08-25 18:16:00,eta-v3.1,2026-08-25 19:20:31.328873,2026-08-25 18:34:45.930529,False,5.29656355,31.468945266666665,45.75663906666667,6.922147883333333,18.765508816666667,-11.843360933333333,True,False,True,
O01199,C0556,R060,2026-08-14 12:40:00,2026-08-14 13:44:02.338765,delivered,severe,clear,D036,D036,2026-08-14 12:47:41.047662,,2026-08-14 12:58:00,eta-v3.2,2026-08-14 13:42:48.786574,2026-08-14 12:57:16.882328,False,7.6841277,9.597244433333334,45.53173743333333,-1.2258698499999998,-0.7186278666666667,-0.5072419833333331,False,False,True,
O01200,C0756,R049,2026-08-13 22:39:00,2026-08-13 23:51:48.000000,delivered,low,clear,D001,D001,2026-08-13 22:39:55.375426,,2026-08-13 22:57:00,eta-v3.2,2026-08-13 23:48:14.701648,2026-08-13 23:03:46.146230,False,0.9229237666666666,23.846180066666665,44.47592363333333,-3.5549725333333333,6.769103833333333,-10.324076366666667,False,False,True,
O01201,C0824,R026,2026-08-26 15:04:00,2026-08-26 16:12:59.611045,delivered,high,clear,D020,D020,2026-08-26 15:12:38.853339,,2026-08-26 15:22:00,eta-v3.1,2026-08-26 16:14:46.774211,2026-08-26 15:31:28.909739,False,8.64755565,18.834273333333332,43.297741200000004,1.7860527666666668,9.481828983333333,-7.695776216666666,True,False,True,
O01202,C0390,R010,2026-08-02 13:35:00,2026-08-02 14:50:36.000000,delivered,medium,clear,D076,D076,2026-08-02 13:37:08.480165,,2026-08-02 13:53:00,eta-v3.1,2026-08-02 14:50:03.188679,2026-08-02 14:06:44.275983,False,2.1413360833333335,29.596596966666667,43.3152116,-0.54685535,13.73793305,-14.2847884,False,False,True,
O01203,C0585,R048,2026-08-19 16:13:00,2026-08-19 17:31:31.768982,delivered,severe,clear,D022,D022,2026-08-19 16:13:42.786885,,2026-08-19 16:31:00,eta-v3.1,2026-08-19 17:40:45.828523,2026-08-19 16:43:35.135408,False,0.71311475,29.87247538333333,57.17821858333333,9.234325683333333,12.585590133333334,-3.3512644500000004,True,False,True,
O01204,C0534,R054,2026-08-20 18:48:00,2026-08-20 20:03:36.000000,delivered,medium,clear,D004,D004,2026-08-20 18:50:13.522929,,2026-08-20 19:06:00,eta-v3.2,2026-08-20 20:04:46.005765,2026-08-20 19:11:29.133436,False,2.22538215,21.26017511666667,53.28120548333333,1.16676275,5.4855572666666665,-4.318794516666666,True,False,True,
O01205,C0100,R010,2026-08-18 23:07:00,2026-08-18 23:55:36.053510,delivered,high,clear,D041,D040,2026-08-18 23:13:37.183844,2026-08-18 23:22:14.970475,2026-08-18 23:25:00,eta-v3.1,2026-08-19 00:00:04.126944,2026-08-18 23:28:42.346574,True,6.619730733333333,15.0860455,31.363006166666665,4.467890566666667,3.7057762333333333,0.7621143333333338,True,False,True,
O01206,C0239,R020,2026-08-17 14:14:00,2026-08-17 15:06:29.450363,delivered,low,clear,D118,D047,2026-08-17 14:15:15.269785,2026-08-17 14:18:02.610960,2026-08-17 14:32:00,eta-v3.2,2026-08-17 15:17:52.326788,2026-08-17 14:55:14.891298,True,1.2544964166666666,39.993691883333334,22.623924833333334,11.38127375,23.2481883,-11.866914549999999,True,True,True,
O01207,C0467,R045,2026-08-06 23:59:00,2026-08-07 01:14:36.000000,delivered,medium,clear,D007,D007,2026-08-07 00:01:34.688903,,2026-08-07 00:17:00,eta-v3.2,2026-08-07 01:02:13.082526,2026-08-07 00:14:32.289744,False,2.5781483833333336,12.960014016666666,47.6798797,-12.3819579,-2.4618376,-9.9201203,False,False,True,
O01208,C0472,R019,2026-08-02 19:31:00,2026-08-02 20:53:18.000000,delivered,high,rain,D024,D024,2026-08-02 19:31:48.225066,,2026-08-02 19:49:00,eta-v3.1,2026-08-02 20:48:19.177491,2026-08-02 19:48:56.943914,False,0.8037510999999999,17.145314133333333,59.37055961666667,-4.98037515,-0.050934766666666666,-4.929440383333334,False,False,True,
O01209,C0865,R059,2026-08-09 18:29:00,2026-08-09 19:41:48.000000,delivered,low,clear,D037,D037,2026-08-09 18:42:03.089651,,2026-08-09 18:47:00,eta-v3.2,2026-08-09 19:35:22.522400,2026-08-09 18:50:26.390485,False,13.051494183333334,8.388347233333333,44.93553191666667,-6.424626666666667,3.439841416666667,-9.864468083333334,False,False,True,
O01210,C0338,R037,2026-08-26 13:18:00,2026-08-26 14:33:18.000000,delivered,low,rain,D043,D043,2026-08-26 13:23:21.880215,,2026-08-26 13:36:00,eta-v3.1,2026-08-26 14:39:25.535731,2026-08-26 13:48:10.570596,False,5.3646702500000005,24.81150635,51.24941891666666,6.1255955166666665,12.1761766,-6.050581083333333,True,False,True,
O01211,C0076,R032,2026-08-16 11:34:00,2026-08-16 12:49:36.000000,delivered,medium,clear,D034,D034,2026-08-16 11:37:58.590272,,2026-08-16 11:52:00,eta-v3.1,2026-08-16 12:49:13.280750,2026-08-16 11:59:09.024986,False,3.9765045333333333,21.1739119,50.0709294,-0.3786541666666666,7.1504164333333335,-7.5290706,False,False,True,
O01212,C0807,R058,2026-08-01 11:29:00,2026-08-01 12:44:36.000000,delivered,medium,clear,D104,D078,2026-08-01 11:30:03.730095,2026-08-01 11:35:17.515941,2026-08-01 11:47:00,eta-v3.2,2026-08-01 12:54:18.363664,2026-08-01 12:02:48.391517,True,1.06216825,32.74435703333333,51.499535783333336,9.706061066666667,15.806525283333334,-6.100464216666667,True,False,True,
O01213,C0183,R038,2026-08-03 12:34:00,2026-08-03 13:53:48.000000,delivered,high,clear,D026,D026,2026-08-03 12:39:37.540003,,2026-08-03 12:52:00,eta-v3.1,2026-08-03 14:01:44.655362,2026-08-03 13:02:32.140915,False,5.625666716666667,22.9100152,59.20857411666667,7.944256033333334,10.535681916666666,-2.591425883333333,True,False,True,
O01214,C0701,R049,2026-08-26 12:31:00,2026-08-26 13:38:50.395098,delivered,low,clear,D060,D060,2026-08-26 12:32:07.408717,,2026-08-26 12:49:00,eta-v3.1,2026-08-26 13:38:54.876357,2026-08-26 12:59:33.008767,False,1.1234786166666666,27.4266675,39.36445983333333,0.07468765,10.550146116666667,-10.475458466666668,True,False,True,
O01215,C0281,R004,2026-08-26 22:08:00,2026-08-26 23:13:43.353082,delivered,low,clear,D057,D057,2026-08-26 22:09:05.143063,,2026-08-26 22:26:00,eta-v3.1,2026-08-26 23:10:19.228154,2026-08-26 22:32:23.959819,False,1.0857177166666667,23.3136126,37.92113891666667,-3.4020821333333333,6.399330316666666,-9.801412449999999,False,False,True,
O01216,C0574,R007,2026-08-27 18:53:00,2026-08-27 20:08:36.000000,delivered,medium,clear,D102,D102,2026-08-27 18:55:26.148250,,2026-08-27 19:11:00,eta-v3.1,2026-08-27 20:12:33.991878,2026-08-27 19:23:17.417668,False,2.4358041666666663,27.854490300000002,49.276236833333336,3.9665313,12.290294466666667,-8.323763166666668,True,False,True,
O01217,C0400,R028,2026-08-27 16:35:00,2026-08-27 17:46:12.262483,delivered,low,heavy_rain,D066,D066,2026-08-27 16:41:03.741038,,2026-08-27 16:53:00,eta-v3.1,2026-08-27 18:09:50.189024,2026-08-27 17:19:07.959192,False,6.062350633333334,38.07030256666667,50.70383053333333,23.632109016666668,26.1326532,-2.500544183333332,True,True,True,
O01218,C0121,R053,2026-08-18 19:53:00,2026-08-18 20:50:01.427644,delivered,low,rain,D073,D073,2026-08-18 19:55:06.056777,,2026-08-18 20:11:00,eta-v3.2,2026-08-18 20:31:13.328807,2026-08-18 20:01:18.248520,False,2.100946283333333,6.2031957166666665,29.918004783333334,-18.801647283333335,-9.695858,-9.105789283333335,False,False,True,
O01219,C0670,R052,2026-08-13 23:58:00,2026-08-14 01:10:48.000000,delivered,low,clear,D092,D092,2026-08-14 00:01:25.270979,,2026-08-14 00:16:00,eta-v3.1,2026-08-14 01:11:12.879822,2026-08-14 00:22:57.501947,False,3.4211829833333334,21.5371828,48.25629791666667,0.4146637,6.958365783333333,-6.543702083333333,True,False,True,
O01220,C0582,R053,2026-08-20 21:08:00,2026-08-20 22:20:48.000000,delivered,low,clear,D116,D116,2026-08-20 21:09:38.610405,,2026-08-20 21:26:00,eta-v3.1,2026-08-20 22:15:18.705814,2026-08-20 21:33:57.423914,False,1.64350675,24.313558483333335,41.35469833333333,-5.488236433333333,7.957065233333334,-13.445301666666667,False,False,True,
O01221,C0840,R020,2026-08-09 18:32:00,2026-08-09 19:31:55.972592,delivered,medium,clear,D076,D076,2026-08-09 18:34:35.174405,,2026-08-09 18:50:00,eta-v3.2,2026-08-09 19:29:08.365544,2026-08-09 18:53:59.377291,False,2.5862400833333337,19.403381433333333,35.149804216666666,-2.7934508,3.989621516666667,-6.783072316666667,False,False,True,
O01222,C0463,R023,2026-08-06 14:46:00,2026-08-06 15:48:13.646451,cancelled,medium,rain,D016,D016,2026-08-06 14:52:32.359589,,2026-08-06 15:04:00,eta-v3.1,,,False,6.539326483333334,,,,,,False,False,False,cancelled
O01223,C0380,R030,2026-08-01 12:01:00,2026-08-01 13:05:22.557592,delivered,medium,clear,D052,D052,2026-08-01 12:09:21.644017,,2026-08-01 12:19:00,eta-v3.1,2026-08-01 13:01:05.155441,2026-08-01 12:21:39.979746,False,8.360733616666668,12.305595483333333,39.41959491666667,-4.29003585,2.6663291,-6.956364949999999,False,False,True,
O01224,C0800,R037,2026-08-26 11:37:00,2026-08-26 13:02:55.922904,delivered,severe,rain,D114,D114,2026-08-26 11:37:53.119776,,2026-08-26 11:55:00,eta-v3.2,2026-08-26 13:04:39.723814,2026-08-26 11:49:56.290208,False,0.8853296,12.052840533333333,74.72389343333333,1.7300151666666668,-5.061829866666667,6.791845033333334,True,False,True,
O01225,C0316,R017,2026-08-24 19:02:00,2026-08-24 20:17:36.000000,delivered,medium,clear,D047,D047,2026-08-24 19:12:54.149465,,2026-08-24 19:20:00,eta-v3.2,2026-08-24 20:01:08.154408,2026-08-24 19:10:17.818120,False,10.902491083333333,-2.6055224166666666,50.838938133333336,-16.4640932,-9.703031333333334,-6.761061866666667,False,False,True,
O01226,C0637,R039,2026-08-27 23:32:00,2026-08-28 00:18:40.702327,delivered,medium,clear,D051,D051,2026-08-27 23:39:12.467394,,2026-08-27 23:50:00,eta-v3.1,2026-08-28 00:17:19.910671,2026-08-28 00:01:11.852284,False,7.2077899,21.98974816666667,16.13430645,-1.3465276000000002,11.197538066666668,-12.544065666666668,False,False,True,
O01227,C0407,R050,2026-08-18 19:44:00,2026-08-18 20:41:44.451058,delivered,medium,clear,D069,D069,2026-08-18 19:44:38.223936,,2026-08-18 20:02:00,eta-v3.2,2026-08-18 20:40:12.833768,2026-08-18 20:09:56.966633,False,0.6370656,25.31237828333333,30.264452249999998,-1.5269548333333334,7.949443883333333,-9.476398716666667,False,False,True,
O01228,C0349,R036,2026-08-25 14:26:00,2026-08-25 15:41:36.000000,delivered,medium,clear,D037,D037,2026-08-25 14:32:51.112066,,2026-08-25 14:44:00,eta-v3.2,2026-08-25 15:21:32.161712,2026-08-25 14:34:45.057377,False,6.851867766666667,1.8990885166666667,46.78507225,-20.063971466666665,-9.249043716666668,-10.814927749999997,False,False,True,
O01229,C0232,R059,2026-08-21 20:51:00,2026-08-21 21:46:45.520091,delivered,low,clear,D117,D117,2026-08-21 20:59:14.487236,,2026-08-21 21:09:00,eta-v3.2,2026-08-21 21:38:05.311815,2026-08-21 21:11:36.941147,False,8.241453933333334,12.37423185,26.47284446666667,-8.670137933333333,2.6156857833333333,-11.285823716666666,False,False,True,
O01230,C0292,R023,2026-08-17 17:56:00,2026-08-17 19:08:48.000000,delivered,low,clear,D030,D030,2026-08-17 17:58:20.415799,,2026-08-17 18:14:00,eta-v3.1,2026-08-17 19:15:32.869282,2026-08-17 18:27:23.020447,False,2.3402633166666664,29.0434108,48.16414725,6.747821366666667,13.383674116666667,-6.63585275,True,False,True,
O01231,C0689,R056,2026-08-01 11:05:00,2026-08-01 12:17:48.000000,delivered,low,clear,D091,D091,2026-08-01 11:10:23.952977,,2026-08-01 11:23:00,eta-v3.2,2026-08-01 12:07:11.607460,2026-08-01 11:21:44.054049,False,5.399216283333333,11.335017866666668,45.45922351666666,-10.606542333333334,-1.26576585,-9.340776483333334,False,False,True,
O01232,C0671,R023,2026-08-01 16:55:00,2026-08-01 18:02:55.770521,delivered,high,clear,D011,D056,2026-08-01 17:02:39.282184,2026-08-01 17:05:32.952651,2026-08-01 17:13:00,eta-v3.1,2026-08-01 18:24:58.831214,2026-08-01 17:40:07.555116,True,7.6547030666666664,37.47121553333333,44.85460163333333,22.05101155,27.1259186,-5.07490705,True,True,True,
O01233,C0426,R012,2026-08-05 18:59:00,2026-08-05 19:49:47.230763,delivered,high,clear,D096,D062,2026-08-05 19:00:35.375727,2026-08-05 19:05:35.716680,2026-08-05 19:17:00,eta-v3.2,2026-08-05 20:13:10.543080,2026-08-05 19:41:48.212636,True,1.58959545,41.21394848333333,31.372174066666666,23.388538616666665,24.803543933333334,-1.4150053166666687,True,True,True,
O01234,C0205,R002,2026-08-06 21:28:00,2026-08-06 22:43:36.000000,delivered,medium,clear,D083,D083,2026-08-06 21:30:22.848652,,2026-08-06 21:46:00,eta-v3.1,2026-08-06 22:36:36.750355,2026-08-06 21:46:50.017719,False,2.3808108666666663,16.452817783333334,49.77887726666667,-6.987494083333333,0.83362865,-7.821122733333333,False,False,True,
O01235,C0772,R032,2026-08-28 13:15:00,2026-08-28 14:36:17.661077,delivered,medium,heavy_rain,D098,D098,2026-08-28 13:20:26.322560,,2026-08-28 13:33:00,eta-v3.1,2026-08-28 15:08:17.715971,2026-08-28 14:04:54.255957,False,5.438709333333334,44.46555661666666,63.39100023333333,32.000914900000005,31.904265950000003,0.09664895000000229,True,True,True,
O01236,C0215,R047,2026-08-28 17:51:00,2026-08-28 19:06:36.000000,delivered,medium,clear,D120,D120,2026-08-28 18:03:59.808918,,2026-08-28 18:09:00,eta-v3.2,2026-08-28 19:03:33.847273,2026-08-28 18:14:32.584706,False,12.9968153,10.546263133333333,49.021042783333336,-3.035878783333333,5.543078433333333,-8.578957216666666,False,False,True,
O01237,C0329,R033,2026-08-16 18:05:00,2026-08-16 19:24:48.000000,cancelled,high,clear,D009,D009,2026-08-16 18:05:11.038428,,2026-08-16 18:23:00,eta-v3.1,,,False,0.1839738,,,,,,False,False,False,cancelled
O01238,C0265,R030,2026-08-26 18:32:00,2026-08-26 19:41:22.563132,delivered,medium,heavy_rain,D014,D014,2026-08-26 18:34:22.149522,,2026-08-26 18:50:00,eta-v3.1,2026-08-26 19:48:01.941593,2026-08-26 18:51:49.938703,False,2.3691587,17.46315301666667,56.20004816666667,6.656307683333334,1.8323117166666667,4.823995966666667,True,False,True,
O01239,C0628,R040,2026-08-11 20:27:00,2026-08-11 21:46:48.000000,delivered,high,clear,D053,D032,2026-08-11 20:39:38.327010,2026-08-11 20:46:15.495430,2026-08-11 20:45:00,eta-v3.2,2026-08-11 21:38:56.128751,2026-08-11 20:44:28.524499,True,12.638783499999999,4.836624816666667,54.46007086666667,-7.8645208166666665,-0.5245916833333334,-7.339929133333333,False,False,True,
O01240,C0326,R059,2026-08-23 19:49:00,2026-08-23 21:01:48.000000,cancelled,low,clear,D081,D081,2026-08-23 19:49:35.113121,,2026-08-23 20:07:00,eta-v3.1,,,False,0.5852186833333334,,,,,,False,False,False,cancelled
O01241,C0181,R049,2026-08-10 14:43:00,2026-08-10 15:40:00.741876,delivered,medium,clear,D019,D019,2026-08-10 14:52:43.889291,,2026-08-10 15:01:00,eta-v3.2,2026-08-10 15:33:23.600018,2026-08-10 15:05:06.945959,False,9.731488183333333,12.3842778,28.277567649999998,-6.619030966666667,4.1157659833333335,-10.73479695,False,False,True,
O01242,C0435,R041,2026-08-02 13:10:00,2026-08-02 14:02:35.490228,delivered,high,clear,D093,D093,2026-08-02 13:12:52.072983,,2026-08-02 13:28:00,eta-v3.1,2026-08-02 13:53:18.435034,2026-08-02 13:27:04.663470,False,2.86788305,14.20984145,26.229526066666665,-9.284253233333335,-0.9222755,-8.361977733333335,False,False,True,
O01243,C0226,R024,2026-08-08 18:06:00,2026-08-08 19:25:48.000000,delivered,high,clear,D065,D065,2026-08-08 18:11:18.870639,,2026-08-08 18:24:00,eta-v3.2,2026-08-08 19:28:14.018057,2026-08-08 18:29:31.965861,False,5.31451065,18.218253699999998,58.70086993333334,2.4336342833333333,5.53276435,-3.0991300666666666,True,False,True,
O01244,C0026,R014,2026-08-02 22:13:00,2026-08-02 23:31:06.000000,delivered,medium,rain,D001,D001,2026-08-02 22:13:18.179357,,2026-08-02 22:31:00,eta-v3.2,2026-08-02 23:35:34.225338,2026-08-02 22:40:01.538575,False,0.3029892833333333,26.722653633333334,55.544779383333335,4.4704223,9.025642916666667,-4.555220616666667,True,False,True,
O01245,C0637,R045,2026-08-05 20:22:00,2026-08-05 21:16:39.602028,delivered,high,clear,D103,D103,2026-08-05 20:23:11.082361,,2026-08-05 20:40:00,eta-v3.2,2026-08-05 21:29:37.794053,2026-08-05 20:56:45.868244,False,1.1847060166666668,33.579764716666666,32.86543015,12.969867083333332,16.764470733333333,-3.794603650000001,True,True,True,
O01246,C0436,R013,2026-08-15 17:21:00,2026-08-15 18:27:46.477214,delivered,medium,clear,D023,D023,2026-08-15 17:25:59.311389,,2026-08-15 17:39:00,eta-v3.1,2026-08-15 18:50:16.168521,2026-08-15 18:12:26.178276,False,4.988523150000001,46.44778145,37.83317075,22.494855116666667,33.4363046,-10.941449483333333,True,True,True,
O01247,C0540,R055,2026-08-14 11:44:00,2026-08-14 12:59:36.000000,delivered,medium,clear,D056,D056,2026-08-14 11:46:15.708017,,2026-08-14 12:02:00,eta-v3.2,2026-08-14 13:01:47.588903,2026-08-14 12:14:53.269697,False,2.2618002833333337,28.626028,46.905320100000004,2.193148383333333,12.887828283333333,-10.6946799,True,False,True,
O01248,C0482,R040,2026-08-14 18:06:00,2026-08-14 19:25:48.000000,delivered,high,clear,D095,D095,2026-08-14 18:08:35.887845,,2026-08-14 18:24:00,eta-v3.2,2026-08-14 19:38:18.942174,2026-08-14 18:42:38.252518,False,2.59813075,34.039411216666664,55.67816093333333,12.5157029,18.637541966666667,-6.121839066666666,True,True,True,
O01249,C0826,R016,2026-08-22 21:12:00,2026-08-22 21:59:45.359126,delivered,high,clear,D060,D060,2026-08-22 21:13:55.830024,,2026-08-22 21:30:00,eta-v3.1,2026-08-22 21:55:10.337888,2026-08-22 21:34:35.078844,False,1.9305004,20.654147000000002,20.58765073333333,-4.583687299999999,4.5846474,-9.168334699999999,False,False,True,
O01250,C0222,R002,2026-08-22 18:24:00,2026-08-22 19:43:48.000000,delivered,high,clear,D043,D043,2026-08-22 18:30:42.657136,,2026-08-22 18:42:00,eta-v3.2,2026-08-22 20:00:50.161322,2026-08-22 19:02:25.883231,False,6.710952266666666,31.720434916666665,58.40463485,17.036022033333335,20.431387183333335,-3.39536515,True,True,True,
O01251,C0181,R009,2026-08-14 21:52:00,2026-08-14 23:04:48.000000,delivered,low,clear,D096,D096,2026-08-14 21:53:13.302514,,2026-08-14 22:10:00,eta-v3.2,2026-08-14 23:10:16.278687,2026-08-14 22:19:18.973168,False,1.2217085666666667,26.0945109,50.95509198333333,5.47131145,9.316219466666666,-3.8449080166666665,True,False,True,
O01252,C0039,R033,2026-08-04 19:55:00,2026-08-04 21:10:36.000000,delivered,medium,clear,D022,D022,2026-08-04 19:59:09.137235,,2026-08-04 20:13:00,eta-v3.1,2026-08-04 20:59:13.020048,2026-08-04 20:11:39.697905,False,4.15228725,12.5093445,47.555369049999996,-11.3829992,-1.3383682499999998,-10.04463095,False,False,True,
O01253,C0217,R017,2026-08-08 11:06:00,2026-08-08 12:14:29.392287,delivered,medium,clear,D004,D004,2026-08-08 11:06:59.429358,,2026-08-08 11:24:00,eta-v3.2,2026-08-08 12:03:14.031896,2026-08-08 11:17:22.235428,False,0.9904893,10.380101166666666,45.86327446666667,-11.256006516666668,-6.629409533333333,-4.626596983333335,False,False,True,
O01254,C0302,R039,2026-08-11 14:35:00,2026-08-11 15:47:48.000000,delivered,low,clear,D120,D120,2026-08-11 14:38:07.295244,,2026-08-11 14:53:00,eta-v3.1,2026-08-11 15:52:43.713545,2026-08-11 15:10:42.967972,False,3.1215874,32.594545466666666,42.01242621666667,4.928559083333334,17.716132866666666,-12.787573783333332,True,False,True,
O01255,C0679,R049,2026-08-25 22:07:00,2026-08-25 23:14:23.334558,delivered,low,clear,D041,D041,2026-08-25 22:09:06.693631,,2026-08-25 22:25:00,eta-v3.2,2026-08-25 23:19:18.867608,2026-08-25 22:34:48.125753,False,2.1115605166666667,25.690535366666666,44.512364250000005,4.925550833333333,9.802095883333333,-4.87654505,True,False,True,
O01256,C0721,R008,2026-08-02 20:51:00,2026-08-02 22:06:36.000000,delivered,medium,clear,D033,D033,2026-08-02 20:53:50.532570,,2026-08-02 21:09:00,eta-v3.2,2026-08-02 22:05:36.476110,2026-08-02 21:16:53.980191,False,2.8422095,23.05746035,48.70826531666667,-0.9920648333333334,7.8996698499999995,-8.891734683333333,False,False,True,
O01257,C0572,R056,2026-08-15 14:52:00,2026-08-15 16:07:36.000000,delivered,medium,clear,D001,D001,2026-08-15 14:55:23.346785,,2026-08-15 15:10:00,eta-v3.1,2026-08-15 16:17:29.430306,2026-08-15 15:21:03.506155,False,3.3891130833333336,25.669322833333336,56.43206918333333,9.8905051,11.058435916666667,-1.1679308166666669,True,False,True,
O01258,C0464,R030,2026-08-10 23:33:00,2026-08-11 00:27:03.651550,delivered,low,clear,D120,D120,2026-08-10 23:36:58.562538,,2026-08-10 23:51:00,eta-v3.2,2026-08-11 00:32:31.643764,2026-08-10 23:59:56.085581,False,3.9760423,22.958717383333333,32.592636383333335,5.4665368999999995,8.934759683333334,-3.468222783333335,True,False,True,
O01259,C0267,R033,2026-08-17 17:09:00,2026-08-17 18:28:48.000000,delivered,high,clear,D068,D068,2026-08-17 17:12:03.455936,,2026-08-17 17:27:00,eta-v3.1,2026-08-17 18:32:49.382271,2026-08-17 17:38:27.775907,False,3.0575989333333333,26.405332849999997,54.36010606666667,4.02303785,11.462931783333334,-7.439893933333334,True,False,True,
O01260,C0654,R040,2026-08-11 14:35:00,2026-08-11 16:00:24.000000,delivered,severe,clear,D055,D055,2026-08-11 14:35:19.878769,,2026-08-11 14:53:00,eta-v3.2,2026-08-11 15:55:30.552540,2026-08-11 14:54:03.597850,False,0.3313128166666666,18.72865135,61.44924483333333,-4.890790999999999,1.0599641666666666,-5.950755166666665,False,False,True,
O01261,C0821,R042,2026-08-13 19:14:00,2026-08-13 20:26:48.000000,delivered,low,clear,D069,D054,2026-08-13 19:18:41.238691,2026-08-13 19:27:17.546594,2026-08-13 19:32:00,eta-v3.1,2026-08-13 20:22:24.506703,2026-08-13 19:39:09.682218,True,4.687311516666667,20.47405878333333,43.24707475,-4.39155495,7.1613703,-11.55292525,False,False,True,
O01262,C0200,R032,2026-08-09 20:20:00,2026-08-09 21:32:48.000000,delivered,low,clear,D051,D051,2026-08-09 20:27:01.189933,,2026-08-09 20:38:00,eta-v3.2,2026-08-09 21:29:17.874639,2026-08-09 20:43:49.698323,False,7.019832216666667,16.808473166666666,45.46960526666667,-3.50208935,5.828305383333333,-9.330394733333334,False,False,True,
O01263,C0691,R033,2026-08-01 15:50:00,2026-08-01 17:04:29.048168,delivered,medium,clear,D029,D029,2026-08-01 15:53:00.045606,,2026-08-01 16:08:00,eta-v3.1,2026-08-01 16:52:18.296394,2026-08-01 16:07:35.559422,False,3.0007601,14.591896933333334,44.71228286666667,-12.179196233333332,-0.40734296666666664,-11.771853266666666,False,False,True,
O01264,C0259,R041,2026-08-04 20:53:00,2026-08-04 22:08:36.000000,delivered,medium,clear,D001,D001,2026-08-04 20:59:50.336217,,2026-08-04 21:11:00,eta-v3.1,2026-08-04 21:58:19.657702,2026-08-04 21:08:27.291882,False,6.83893695,8.615927749999999,49.872763666666664,-10.272371633333334,-2.5451353,-7.727236333333334,False,False,True,
O01265,C0272,R047,2026-08-09 21:25:00,2026-08-09 22:40:36.000000,delivered,medium,clear,D076,D035,2026-08-09 21:31:38.813845,2026-08-09 21:39:38.534560,2026-08-09 21:43:00,eta-v3.1,2026-08-09 22:39:24.320049,2026-08-09 21:49:58.805936,True,6.646897416666667,18.33320151666667,49.42523521666667,-1.19466585,6.980098933333333,-8.174764783333334,False,False,True,
O01266,C0426,R002,2026-08-26 18:06:00,2026-08-26 19:22:57.946885,delivered,severe,rain,D117,D117,2026-08-26 18:12:32.078054,,2026-08-26 18:24:00,eta-v3.1,2026-08-26 19:36:06.399158,2026-08-26 18:34:34.203034,False,6.534634233333334,22.035416333333334,61.53660206666667,13.140871216666666,10.570050566666668,2.570820649999998,True,True,True,
O01267,C0802,R030,2026-08-13 22:28:00,2026-08-13 23:41:15.937529,delivered,high,clear,D059,D059,2026-08-13 22:29:50.745393,,2026-08-13 22:46:00,eta-v3.2,2026-08-13 23:48:49.190017,2026-08-13 23:00:04.078623,False,1.8457565500000002,30.2222205,48.75185656666667,7.554208133333334,14.06797705,-6.513768916666666,True,False,True,
O01268,C0881,R045,2026-08-06 18:50:00,2026-08-06 20:11:36.000000,delivered,medium,heavy_rain,D010,D010,2026-08-06 18:51:21.526243,,2026-08-06 19:08:00,eta-v3.2,2026-08-06 20:41:25.341229,2026-08-06 19:32:01.340209,False,1.3587707166666665,40.663566100000004,69.40001699999999,29.82235381666667,24.022336816666666,5.800017000000004,True,True,True,
O01269,C0626,R016,2026-08-18 16:44:00,2026-08-18 17:37:43.391067,delivered,medium,clear,D029,D029,2026-08-18 16:45:50.498343,,2026-08-18 17:02:00,eta-v3.1,2026-08-18 17:42:28.291168,2026-08-18 17:10:41.761256,False,1.8416390500000002,24.854381883333335,31.775498533333334,4.748335016666667,8.696020933333333,-3.947685916666666,True,False,True,
O01270,C0035,R056,2026-08-21 11:49:00,2026-08-21 13:04:36.000000,delivered,medium,clear,D021,D021,2026-08-21 11:52:17.505594,,2026-08-21 12:07:00,eta-v3.1,2026-08-21 13:20:16.588893,2026-08-21 12:24:58.657798,False,3.2917599,32.685870066666666,55.29885158333333,15.67648155,17.977629966666665,-2.301148416666665,True,True,True,
O01271,C0288,R030,2026-08-21 19:01:00,2026-08-21 20:16:36.000000,delivered,medium,clear,D015,D015,2026-08-21 19:04:47.356966,,2026-08-21 19:19:00,eta-v3.2,2026-08-21 20:10:02.156059,2026-08-21 19:22:00.842567,False,3.7892827666666666,17.224760016666668,48.02189153333334,-6.564065683333333,3.014042783333333,-9.578108466666666,False,False,True,
O01272,C0807,R057,2026-08-22 19:06:00,2026-08-22 20:00:44.751184,delivered,medium,rain,D045,D045,2026-08-22 19:13:10.372719,,2026-08-22 19:24:00,eta-v3.2,2026-08-22 20:13:09.933100,2026-08-22 19:45:11.555618,False,7.17287865,32.01971498333333,27.972958033333335,12.4196986,21.192593633333335,-8.772895033333334,True,True,True,
O01273,C0716,R027,2026-08-02 19:11:00,2026-08-02 20:30:01.696676,cancelled,high,clear,D018,D018,2026-08-02 19:11:31.688572,,2026-08-02 19:29:00,eta-v3.2,,,False,0.5281428666666667,,,,,,False,False,False,cancelled
O01274,C0338,R057,2026-08-03 11:51:00,2026-08-03 13:06:36.000000,delivered,medium,clear,D043,D043,2026-08-03 11:58:15.504258,,2026-08-03 12:09:00,eta-v3.2,2026-08-03 13:06:55.838503,2026-08-03 12:17:04.137258,False,7.2584043,18.81055,49.86168741666667,0.33064171666666664,8.0689543,-7.738312583333333,True,False,True,
O01275,C0244,R008,2026-08-17 20:51:00,2026-08-17 21:35:36.955019,delivered,medium,clear,D099,D099,2026-08-17 20:54:20.322611,,2026-08-17 21:09:00,eta-v3.1,2026-08-17 21:26:10.127780,2026-08-17 21:10:08.260612,False,3.3387101833333332,15.798966683333333,16.031119466666667,-9.447120649999999,1.1376768666666666,-10.584797516666665,False,False,True,
O01276,C0251,R033,2026-08-01 17:47:00,2026-08-01 19:12:48.000000,delivered,high,heavy_rain,D107,D107,2026-08-01 17:49:36.194790,,2026-08-01 18:05:00,eta-v3.1,2026-08-01 19:16:03.760595,2026-08-01 18:07:53.087540,False,2.6032465,18.281545833333332,68.17788425,3.262676583333333,2.884792333333333,0.37788425000000014,True,False,True,
O01277,C0798,R048,2026-08-20 17:58:00,2026-08-20 19:17:48.000000,delivered,high,clear,D095,D095,2026-08-20 17:59:35.045981,,2026-08-20 18:16:00,eta-v3.2,2026-08-20 19:18:56.964893,2026-08-20 18:26:54.577202,False,1.5840996833333334,27.325520349999998,52.03979485,1.1494148833333333,10.909620033333335,-9.76020515,True,False,True,
O01278,C0538,R019,2026-08-25 21:41:00,2026-08-25 22:53:48.000000,delivered,low,clear,D089,D089,2026-08-25 21:42:04.811343,,2026-08-25 21:59:00,eta-v3.2,2026-08-25 23:00:21.036885,2026-08-25 22:12:04.503815,False,1.08018905,29.994874533333334,48.275551166666666,6.550614749999999,13.075063583333334,-6.524448833333334,True,False,True,
O01279,C0262,R029,2026-08-05 22:54:00,2026-08-06 00:19:24.000000,delivered,severe,clear,D068,D068,2026-08-05 22:54:50.690146,,2026-08-05 23:12:00,eta-v3.1,2026-08-06 00:26:03.873763,2026-08-05 23:22:22.657445,False,0.8448357666666666,27.532788316666664,63.68693863333333,6.6645627166666666,10.377624083333334,-3.7130613666666674,True,False,True,
O01280,C0394,R020,2026-08-22 20:34:00,2026-08-22 21:39:36.882920,delivered,high,clear,D076,D076,2026-08-22 20:36:56.814900,,2026-08-22 20:52:00,eta-v3.2,2026-08-22 21:51:22.575725,2026-08-22 21:08:49.439227,False,2.9469149999999997,31.877072116666668,42.552274966666666,11.76154675,16.823987116666665,-5.062440366666664,True,True,True,
O01281,C0552,R035,2026-08-21 12:15:00,2026-08-21 13:34:48.000000,delivered,high,clear,D006,D006,2026-08-21 12:17:04.067358,,2026-08-21 12:33:00,eta-v3.1,2026-08-21 13:41:26.617935,2026-08-21 12:52:44.291902,False,2.0677893,35.67040906666667,48.70543388333333,6.64363225,19.738198366666666,-13.094566116666666,True,False,True,
O01282,C0778,R046,2026-08-23 20:40:00,2026-08-23 21:41:59.937046,delivered,high,clear,D056,D056,2026-08-23 20:40:31.474573,,2026-08-23 20:58:00,eta-v3.2,2026-08-23 21:49:37.504078,2026-08-23 21:15:36.051916,False,0.5245762166666667,35.07628905,34.024202700000004,7.6261171999999995,17.600865266666666,-9.974748066666667,True,False,True,
O01283,C0050,R010,2026-08-07 21:48:00,2026-08-07 22:43:38.768268,delivered,low,clear,D044,D093,2026-08-07 21:48:48.069445,2026-08-07 21:54:04.322823,2026-08-07 22:06:00,eta-v3.2,2026-08-07 22:41:18.116656,2026-08-07 22:12:22.619970,True,0.8011574166666667,23.575842083333335,28.924944766666666,-2.3441935333333332,6.3769995,-8.721193033333334,False,False,True,
O01284,C0432,R005,2026-08-12 20:33:00,2026-08-12 21:45:48.000000,delivered,low,clear,D047,D047,2026-08-12 20:34:10.530940,,2026-08-12 20:51:00,eta-v3.2,2026-08-12 21:37:15.998296,2026-08-12 20:50:08.807043,False,1.1755156666666666,15.971268383333333,47.11985421666667,-8.533361733333333,-0.85321595,-7.680145783333333,False,False,True,
O01285,C0886,R040,2026-08-16 12:37:00,2026-08-16 13:56:48.000000,delivered,high,clear,D103,D103,2026-08-16 12:39:01.555070,,2026-08-16 12:55:00,eta-v3.2,2026-08-16 13:53:03.935830,2026-08-16 12:59:58.979328,False,2.025917833333333,20.957070966666667,53.08260836666667,-3.7344028333333332,4.9829888,-8.717391633333333,False,False,True,
O01286,C0295,R007,2026-08-04 18:22:00,2026-08-04 19:41:48.000000,delivered,high,clear,D094,D094,2026-08-04 18:22:14.867228,,2026-08-04 18:40:00,eta-v3.2,2026-08-04 19:43:07.180401,2026-08-04 18:50:06.132234,False,0.24778713333333335,27.854416766666667,53.01746945,1.31967335,10.102203900000001,-8.78253055,True,False,True,
O01287,C0084,R034,2026-08-26 13:59:00,2026-08-26 14:51:11.554132,delivered,medium,clear,D112,D112,2026-08-26 14:03:32.945365,,2026-08-26 14:17:00,eta-v3.2,2026-08-26 14:47:22.383208,2026-08-26 14:19:26.920952,False,4.549089416666666,15.899593116666667,27.924370933333332,-3.8195154000000002,2.4486825333333333,-6.268197933333333,False,False,True,
O01288,C0282,R020,2026-08-27 21:37:00,2026-08-27 22:33:59.864529,cancelled,medium,clear,D048,D048,2026-08-27 21:51:04.171785,,2026-08-27 21:55:00,eta-v3.1,,,False,14.06952975,,,,,,False,False,False,cancelled
O01289,C0004,R011,2026-08-02 20:05:00,2026-08-02 21:20:36.000000,delivered,medium,clear,D075,D075,2026-08-02 20:08:47.904493,,2026-08-02 20:23:00,eta-v3.1,2026-08-02 21:24:59.900736,2026-08-02 20:28:34.171732,False,3.7984082166666666,19.77112065,56.42881673333333,4.3983456,5.569528866666667,-1.1711832666666675,True,False,True,
O01290,C0523,R047,2026-08-01 22:09:00,2026-08-01 23:09:19.586746,delivered,medium,clear,D079,D079,2026-08-01 22:14:01.515000,,2026-08-01 22:27:00,eta-v3.1,2026-08-01 23:04:52.731889,2026-08-01 22:30:44.610173,False,5.02525,16.718252883333335,34.135361933333336,-4.44758095,3.7435028833333335,-8.191083833333334,False,False,True,
O01291,C0301,R026,2026-08-01 11:20:00,2026-08-01 12:35:36.000000,delivered,medium,clear,D028,D028,2026-08-01 11:22:29.376815,,2026-08-01 11:38:00,eta-v3.1,2026-08-01 12:48:40.823342,2026-08-01 11:56:41.036121,False,2.489613583333333,34.19432176666667,51.996453683333336,13.080389033333335,18.683935350000002,-5.603546316666668,True,True,True,
O01292,C0498,R033,2026-08-26 19:18:00,2026-08-26 20:43:48.000000,delivered,high,heavy_rain,D085,D085,2026-08-26 19:20:07.747308,,2026-08-26 19:36:00,eta-v3.2,2026-08-26 20:32:34.254882,2026-08-26 19:28:47.410288,False,2.1291218,8.661049666666665,63.78074323333333,-11.229085300000001,-7.209828533333334,-4.019256766666667,False,False,True,
O01293,C0512,R014,2026-08-13 18:30:00,2026-08-13 19:48:39.824553,delivered,severe,rain,D064,D064,2026-08-13 18:34:56.699471,,2026-08-13 18:48:00,eta-v3.1,2026-08-13 20:00:13.890988,2026-08-13 19:01:48.671221,False,4.944991183333333,26.866195833333332,58.420329450000004,11.567773916666665,13.811187016666667,-2.2434131000000015,True,True,True,
O01294,C0269,R052,2026-08-26 12:20:00,2026-08-26 13:39:48.000000,delivered,high,clear,D022,D022,2026-08-26 12:22:19.928931,,2026-08-26 12:38:00,eta-v3.1,2026-08-26 13:46:54.337237,2026-08-26 12:53:09.159452,False,2.3321488500000003,30.820508683333333,53.752963083333334,7.105620616666667,15.152657533333333,-8.047036916666666,True,False,True,
O01295,C0630,R031,2026-08-15 16:49:00,2026-08-15 17:51:12.417772,delivered,medium,clear,D065,D065,2026-08-15 16:49:54.610560,,2026-08-15 17:07:00,eta-v3.2,2026-08-15 17:52:50.034211,2026-08-15 17:18:09.517609,False,0.910176,28.248450816666665,34.675276700000005,1.62694065,11.158626816666667,-9.531686166666667,True,False,True,
O01296,C0265,R039,2026-08-12 20:24:00,2026-08-12 21:29:55.716283,delivered,high,clear,D095,D095,2026-08-12 20:31:04.838709,,2026-08-12 20:42:00,eta-v3.2,2026-08-12 21:50:42.629342,2026-08-12 21:08:08.989725,False,7.08064515,37.069183599999995,42.56066028333333,20.781884316666666,26.149828749999998,-5.3679444333333315,True,True,True,
O01297,C0348,R024,2026-08-11 14:55:00,2026-08-11 16:00:02.479844,delivered,medium,rain,D087,D087,2026-08-11 14:57:51.341797,,2026-08-11 15:13:00,eta-v3.2,2026-08-11 16:07:31.039208,2026-08-11 15:29:45.031605,False,2.855696616666667,31.894830133333336,37.76679338333334,7.4759894000000005,16.75052675,-9.27453735,True,False,True,
O01298,C0121,R019,2026-08-25 14:34:00,2026-08-25 15:46:48.000000,delivered,low,clear,D054,D054,2026-08-25 14:38:51.562422,,2026-08-25 14:52:00,eta-v3.2,2026-08-25 15:53:46.933755,2026-08-25 15:06:28.638612,False,4.859373700000001,27.6179365,47.304919049999995,6.9822292500000005,14.4773102,-7.495080949999999,True,False,True,
O01299,C0800,R037,2026-08-28 17:26:00,2026-08-28 18:39:37.922904,delivered,medium,clear,D080,D080,2026-08-28 17:30:16.388360,,2026-08-28 17:44:00,eta-v3.1,2026-08-28 18:34:19.577197,2026-08-28 17:48:09.603449,False,4.273139333333333,17.88691815,46.16622913333333,-5.305761783333334,4.1600574833333335,-9.465819266666667,False,False,True,
O01300,C0045,R044,2026-08-20 18:03:00,2026-08-20 18:47:16.656232,delivered,low,clear,D072,D072,2026-08-20 18:04:31.614107,,2026-08-20 18:21:00,eta-v3.1,2026-08-20 19:03:28.951670,2026-08-20 18:40:50.679457,False,1.5269017833333334,36.31775583333333,22.637870216666666,16.204923966666666,19.844657616666666,-3.63973365,True,True,True,
O01301,C0342,R003,2026-08-11 21:14:00,2026-08-11 22:33:48.000000,delivered,high,clear,D047,D047,2026-08-11 21:15:59.411437,,2026-08-11 21:32:00,eta-v3.2,2026-08-11 22:40:29.304587,2026-08-11 21:45:28.673616,False,1.9901906166666667,29.487702983333335,55.01051618333334,6.688409783333333,13.4778936,-6.7894838166666664,True,False,True,
O01302,C0116,R010,2026-08-26 21:07:00,2026-08-26 22:15:50.273095,delivered,medium,clear,D088,D088,2026-08-26 21:07:47.508877,,2026-08-26 21:25:00,eta-v3.2,2026-08-26 22:20:27.428561,2026-08-26 21:35:26.474087,False,0.7918146166666666,27.64942016666667,45.0159079,4.619257766666666,10.441234783333334,-5.821977016666668,True,False,True,
O01303,C0487,R050,2026-08-21 18:21:00,2026-08-21 19:03:10.309794,delivered,low,clear,D034,D034,2026-08-21 18:25:29.155836,,2026-08-21 18:39:00,eta-v3.2,2026-08-21 19:03:45.787091,2026-08-21 18:47:09.144740,False,4.4859306000000005,21.666481733333335,16.61070585,0.5912882833333334,8.152412333333334,-7.561124050000001,True,False,True,
O01304,C0831,R014,2026-08-17 20:25:00,2026-08-17 21:40:18.000000,delivered,low,rain,D035,D035,2026-08-17 20:25:29.413646,,2026-08-17 20:43:00,eta-v3.1,2026-08-17 21:39:23.386829,2026-08-17 20:50:09.227335,False,0.49022743333333335,24.663561483333336,49.23599156666667,-0.9102195166666667,7.153788916666667,-8.064008433333333,False,False,True,
O01305,C0729,R029,2026-08-21 21:27:00,2026-08-21 22:32:59.181361,delivered,high,clear,D027,D027,2026-08-21 21:32:02.910083,,2026-08-21 21:45:00,eta-v3.1,2026-08-21 22:15:09.580252,2026-08-21 21:36:20.357240,False,5.048501383333333,4.29078595,38.820383533333334,-17.82668515,-8.660712666666665,-9.165972483333334,False,False,True,
O01306,C0629,R049,2026-08-22 21:00:00,2026-08-22 22:18:06.000000,delivered,medium,rain,D077,D077,2026-08-22 21:01:37.829197,,2026-08-22 21:18:00,eta-v3.1,2026-08-22 22:19:48.732119,2026-08-22 21:26:31.794648,False,1.6304866166666665,24.899424183333334,53.282291183333335,1.7122019833333333,8.5299108,-6.817708816666666,True,False,True,
O01307,C0086,R047,2026-08-07 20:14:00,2026-08-07 21:08:04.504406,delivered,medium,clear,D097,D097,2026-08-07 20:14:26.363277,,2026-08-07 20:32:00,eta-v3.2,2026-08-07 21:31:40.783435,2026-08-07 21:01:16.491135,False,0.43938795,46.8354643,30.40487166666667,23.604650483333334,29.27485225,-5.670201766666665,True,True,True,
O01308,C0581,R008,2026-08-22 14:56:00,2026-08-22 16:08:48.000000,delivered,low,clear,D038,D036,2026-08-22 15:00:13.048846,2026-08-22 15:04:43.741710,2026-08-22 15:14:00,eta-v3.2,2026-08-22 16:06:00.162001,2026-08-22 15:19:38.568123,True,4.217480766666666,19.425321283333336,46.35989796666667,-2.797299983333333,5.64280205,-8.440102033333334,False,False,True,
O01309,C0374,R026,2026-08-12 15:38:00,2026-08-12 16:59:36.000000,delivered,medium,heavy_rain,D006,D006,2026-08-12 15:48:49.544658,,2026-08-12 15:56:00,eta-v3.1,2026-08-12 16:57:01.692794,2026-08-12 15:55:15.341421,False,10.8257443,6.42994605,61.77252288333333,-2.571786766666667,-0.74430965,-1.827477116666667,False,False,True,
O01310,C0122,R041,2026-08-03 18:34:00,2026-08-03 19:35:20.707200,delivered,low,clear,D084,D084,2026-08-03 18:43:03.250225,,2026-08-03 18:52:00,eta-v3.1,2026-08-03 19:47:04.962371,2026-08-03 19:12:43.171367,False,9.054170416666667,29.665352366666664,34.363183400000004,11.737586183333333,20.719522783333332,-8.9819366,True,True,True,
O01311,C0203,R005,2026-08-09 21:37:00,2026-08-09 22:56:25.987270,delivered,severe,clear,D016,D016,2026-08-09 21:38:34.836410,,2026-08-09 21:55:00,eta-v3.1,2026-08-09 22:49:28.355841,2026-08-09 21:52:34.470231,False,1.5806068333333334,13.993897016666667,56.898093499999995,-6.960523816666667,-2.42549615,-4.535027666666667,False,False,True,
O01312,C0206,R027,2026-08-14 19:02:00,2026-08-14 20:17:36.000000,delivered,medium,clear,D056,D056,2026-08-14 19:09:43.396152,,2026-08-14 19:20:00,eta-v3.2,2026-08-14 20:54:36.321890,2026-08-14 20:03:23.614086,False,7.7232692,53.6702989,51.21179673333334,37.00536483333334,43.3935681,-6.388203266666665,True,True,True,
O01313,C0838,R047,2026-08-28 20:53:00,2026-08-28 22:08:36.000000,delivered,medium,clear,D087,D087,2026-08-28 21:00:06.241953,,2026-08-28 21:11:00,eta-v3.2,2026-08-28 22:24:45.314236,2026-08-28 21:31:27.974061,False,7.10403255,31.362201799999998,53.28900291666666,16.155237266666667,20.466234349999997,-4.31099708333333,True,True,True,
O01314,C0162,R015,2026-08-03 17:00:00,2026-08-03 18:15:36.000000,delivered,medium,clear,D003,D003,2026-08-03 17:07:41.802147,,2026-08-03 17:18:00,eta-v3.2,2026-08-03 18:33:06.595657,2026-08-03 17:40:03.263644,False,7.69670245,32.35769161666666,53.05553355,17.50992761666667,22.054394066666667,-4.544466449999998,True,True,True,
O01315,C0803,R001,2026-08-08 19:29:00,2026-08-08 20:41:48.000000,delivered,low,clear,D047,D047,2026-08-08 19:30:09.158071,,2026-08-08 19:47:00,eta-v3.2,2026-08-08 20:54:16.384534,2026-08-08 20:06:53.437984,False,1.1526345166666667,36.73799855,47.3824425,12.473075566666667,19.890633066666666,-7.417557499999999,True,True,True,
O01316,C0808,R027,2026-08-16 21:05:00,2026-08-16 22:17:48.000000,delivered,low,clear,D093,D093,2026-08-16 21:08:15.653342,,2026-08-16 21:23:00,eta-v3.2,2026-08-16 22:14:38.652126,2026-08-16 21:29:43.007857,False,3.2608890333333336,21.455908583333333,44.92740448333333,-3.1557979,6.716797616666667,-9.872595516666667,False,False,True,
O01317,C0365,R055,2026-08-05 22:29:00,2026-08-05 23:34:09.275474,delivered,medium,clear,D065,D065,2026-08-05 22:29:18.840716,,2026-08-05 22:47:00,eta-v3.1,2026-08-05 23:33:02.550957,2026-08-05 22:56:38.925176,False,0.3140119333333333,27.334741,36.39376301666667,-1.1120752833333334,9.648752933333332,-10.760828216666665,False,False,True,
O01318,C0340,R021,2026-08-11 13:48:00,2026-08-11 15:07:48.000000,delivered,high,clear,D034,D034,2026-08-11 13:51:24.393584,,2026-08-11 14:06:00,eta-v3.2,2026-08-11 15:03:33.750331,2026-08-11 14:08:18.290147,False,3.4065597333333333,16.89827605,55.25766973333334,-4.237494483333333,2.304835783333333,-6.542330266666666,False,False,True,
O01319,C0239,R007,2026-08-09 21:57:00,2026-08-09 23:12:36.000000,delivered,medium,clear,D098,D098,2026-08-09 21:59:05.440953,,2026-08-09 22:15:00,eta-v3.2,2026-08-09 23:09:10.787460,2026-08-09 22:17:42.550010,False,2.09068255,18.61848428333333,51.47062416666667,-3.420209,2.709166833333333,-6.129375833333333,False,False,True,
O01320,C0330,R013,2026-08-13 20:38:00,2026-08-13 21:40:08.816346,delivered,high,heavy_rain,D083,D083,2026-08-13 20:38:17.688077,,2026-08-13 20:56:00,eta-v3.2,2026-08-13 21:46:45.033152,2026-08-13 21:00:44.003370,False,0.29480128333333333,22.43858821666667,46.01716303333333,6.603613433333334,4.7333895,1.8702239333333335,True,False,True,
O01321,C0179,R026,2026-08-20 18:11:00,2026-08-20 19:23:48.000000,delivered,low,clear,D050,D050,2026-08-20 18:11:11.987344,,2026-08-20 18:29:00,eta-v3.2,2026-08-20 19:45:29.940935,2026-08-20 18:59:17.486873,False,0.19978906666666668,48.09165881666667,46.2075677,21.699015583333335,30.291447883333333,-8.592432299999999,True,True,True,
O01322,C0460,R040,2026-08-22 20:37:00,2026-08-22 22:02:24.000000,delivered,severe,clear,D028,D028,2026-08-22 20:37:34.843477,,2026-08-22 20:55:00,eta-v3.2,2026-08-22 22:03:24.781472,2026-08-22 21:04:21.008692,False,0.5807246166666666,26.76942025,59.06287966666666,1.0130245333333334,9.350144866666666,-8.337120333333333,True,False,True,
O01323,C0084,R060,2026-08-10 12:16:00,2026-08-10 13:31:36.000000,delivered,medium,clear,D009,D009,2026-08-10 12:21:27.604176,,2026-08-10 12:34:00,eta-v3.1,2026-08-10 13:53:54.206175,2026-08-10 13:02:50.777043,False,5.4600696,41.386214450000004,51.057152200000004,22.30343625,28.84628405,-6.5428478000000005,True,True,True,
O01324,C0290,R029,2026-08-05 17:01:00,2026-08-05 18:13:48.000000,delivered,low,clear,D048,D048,2026-08-05 17:02:52.418181,,2026-08-05 17:19:00,eta-v3.1,2026-08-05 17:58:37.123525,2026-08-05 17:20:18.107245,False,1.8736363500000002,17.428151066666665,38.316938,-15.181274583333334,1.3017874166666668,-16.483062,False,False,True,
O01325,C0382,R059,2026-08-24 22:04:00,2026-08-24 23:16:48.000000,delivered,low,clear,D029,D029,2026-08-24 22:10:51.458045,,2026-08-24 22:22:00,eta-v3.2,2026-08-24 23:22:08.362417,2026-08-24 22:36:50.389070,False,6.857634083333334,25.98218375,45.29955578333333,5.339373616666666,14.839817833333333,-9.500444216666667,True,False,True,
O01326,C0051,R033,2026-08-23 13:58:00,2026-08-23 15:10:48.000000,delivered,low,clear,D031,D031,2026-08-23 14:01:09.768784,,2026-08-23 14:16:00,eta-v3.1,2026-08-23 15:10:37.358105,2026-08-23 14:27:47.108608,False,3.1628130666666667,26.6223304,42.83749161666666,-0.17736491666666668,11.785143466666666,-11.962508383333333,False,False,True,
O01327,C0702,R007,2026-08-18 22:25:00,2026-08-18 23:40:18.000000,delivered,low,rain,D080,D080,2026-08-18 22:28:00.718901,,2026-08-18 22:43:00,eta-v3.2,2026-08-18 23:38:02.434908,2026-08-18 22:43:40.149411,False,3.011981683333333,15.657175166666667,54.37142495,-2.2594182,0.66915685,-2.92857505,False,False,True,
O01328,C0878,R044,2026-08-08 19:00:00,2026-08-08 20:13:49.927806,delivered,medium,clear,D058,D058,2026-08-08 19:00:44.781491,,2026-08-08 19:18:00,eta-v3.2,2026-08-08 20:37:09.457244,2026-08-08 19:44:43.765591,False,0.7463581833333334,43.983068333333335,52.42819421666666,23.325490633333335,26.729426516666667,-3.4039358833333324,True,True,True,
O01329,C0436,R050,2026-08-10 18:07:00,2026-08-10 19:09:07.804340,delivered,high,clear,D080,D080,2026-08-10 18:08:27.097278,,2026-08-10 18:25:00,eta-v3.1,2026-08-10 18:57:26.545040,2026-08-10 18:22:48.937035,False,1.4516213,14.36399595,34.626800083333336,-11.687655000000001,-2.1843827499999997,-9.503272250000002,False,False,True,
O01330,C0078,R044,2026-08-02 14:05:00,2026-08-02 15:23:55.185793,delivered,high,clear,D054,D054,2026-08-02 14:05:17.703519,,2026-08-02 14:23:00,eta-v3.1,2026-08-02 15:40:13.018977,2026-08-02 14:43:10.570033,False,0.29505865,37.88110856666666,57.04081573333334,16.297219733333332,20.176167216666666,-3.8789474833333344,True,True,True,
O01331,C0744,R033,2026-08-28 23:17:00,2026-08-29 00:36:48.000000,delivered,high,clear,D088,D088,2026-08-28 23:18:19.467812,,2026-08-28 23:35:00,eta-v3.2,2026-08-29 00:50:53.383274,2026-08-28 23:54:32.108716,False,1.3244635333333332,36.21068173333333,56.354575966666665,14.089721233333334,19.535145266666667,-5.4454240333333335,True,True,True,
O01332,C0585,R002,2026-08-01 19:30:00,2026-08-01 20:45:36.000000,cancelled,medium,clear,D114,D114,2026-08-01 19:30:38.088858,,2026-08-01 19:48:00,eta-v3.2,,,False,0.6348143,,,,,,False,False,False,cancelled
O01333,C0479,R029,2026-08-03 18:15:00,2026-08-03 19:34:41.449335,delivered,severe,clear,D010,D010,2026-08-03 18:16:44.049361,,2026-08-03 18:33:00,eta-v3.1,2026-08-03 19:37:32.588699,2026-08-03 18:37:46.074291,False,1.7341560166666667,21.033748833333334,59.775240133333334,2.852322733333333,4.76790485,-1.9155821166666667,True,False,True,
O01334,C0692,R041,2026-08-01 17:34:00,2026-08-01 18:53:48.000000,delivered,high,clear,D080,D080,2026-08-01 17:38:40.202351,,2026-08-01 17:52:00,eta-v3.2,2026-08-01 19:01:00.646634,2026-08-01 18:05:27.720632,False,4.6700391833333335,26.791971349999997,55.5487667,7.210777233333333,13.462010533333334,-6.251233300000001,True,False,True,
O01335,C0736,R028,2026-08-21 18:30:00,2026-08-21 19:09:05.324002,delivered,low,clear,D105,D105,2026-08-21 18:37:22.988394,,2026-08-21 18:48:00,eta-v3.2,2026-08-21 19:10:55.202769,2026-08-21 18:53:50.361236,False,7.383139900000001,16.45621403333333,17.080692216666666,1.8313127833333334,5.839353933333333,-4.00804115,True,False,True,
O01336,C0238,R035,2026-08-23 18:11:00,2026-08-23 19:23:48.000000,delivered,low,clear,D012,D012,2026-08-23 18:14:20.252773,,2026-08-23 18:29:00,eta-v3.1,2026-08-23 19:33:04.742564,2026-08-23 18:43:27.475601,False,3.3375462166666665,29.120380466666667,49.62111605,9.279042733333334,14.457926683333334,-5.1788839499999995,True,False,True,
O01337,C0274,R040,2026-08-21 23:47:00,2026-08-22 00:59:48.000000,delivered,low,clear,D112,D112,2026-08-21 23:56:08.792381,,2026-08-22 00:05:00,eta-v3.2,2026-08-22 00:58:02.769647,2026-08-22 00:09:32.393211,False,9.146539683333334,13.393347166666667,48.50627393333333,-1.7538392166666665,4.53988685,-6.293726066666666,False,False,True,
O01338,C0327,R034,2026-08-05 14:59:00,2026-08-05 16:17:48.000000,delivered,low,heavy_rain,D100,D013,2026-08-05 14:59:31.160354,2026-08-05 15:07:24.141628,2026-08-05 15:17:00,eta-v3.2,2026-08-05 16:36:21.975364,2026-08-05 15:31:08.662784,True,0.5193392333333333,31.6250405,65.22187633333333,18.566256066666664,14.144379733333333,4.421876333333332,True,True,True,
O01339,C0604,R047,2026-08-20 19:05:00,2026-08-20 19:54:33.242002,delivered,medium,clear,D010,D010,2026-08-20 19:08:56.708773,,2026-08-20 19:23:00,eta-v3.1,2026-08-20 19:53:45.274380,2026-08-20 19:29:01.141679,False,3.9451462166666666,20.073881766666666,24.735545016666666,-0.7994603666666666,6.019027983333333,-6.81848835,False,False,True,
O01340,C0080,R042,2026-08-06 20:15:00,2026-08-06 21:19:18.744065,delivered,low,clear,D049,D049,2026-08-06 20:16:01.443205,,2026-08-06 20:33:00,eta-v3.1,2026-08-06 21:18:34.965229,2026-08-06 20:41:00.609627,False,1.0240534166666666,24.986107033333333,37.572593366666666,-0.7296472666666667,8.010160449999999,-8.739807716666666,False,False,True,
O01341,C0478,R016,2026-08-09 17:17:00,2026-08-09 18:21:05.653264,delivered,medium,clear,D017,D017,2026-08-09 17:21:14.791394,,2026-08-09 17:35:00,eta-v3.1,2026-08-09 18:31:04.078144,2026-08-09 17:53:07.945456,False,4.246523233333333,31.885901033333333,37.9355448,9.973748,18.132424266666664,-8.158676266666664,True,False,True,
O01342,C0381,R027,2026-08-27 19:21:00,2026-08-27 20:30:19.605587,delivered,high,clear,D026,D026,2026-08-27 19:23:12.994263,,2026-08-27 19:39:00,eta-v3.2,2026-08-27 20:26:44.018835,2026-08-27 19:40:45.473448,False,2.2165710499999998,17.54131975,45.97575645,-3.593112533333333,1.7578908,-5.351003333333333,False,False,True,
O01343,C0859,R038,2026-08-01 13:24:00,2026-08-01 14:36:48.000000,delivered,low,clear,D028,D028,2026-08-01 13:33:01.583812,,2026-08-01 13:42:00,eta-v3.2,2026-08-01 14:44:11.709361,2026-08-01 13:56:28.835701,False,9.026396866666666,23.45419815,47.714561,7.395156016666666,14.480595016666665,-7.085438999999999,True,False,True,
O01344,C0134,R030,2026-08-13 14:53:00,2026-08-13 16:05:48.000000,delivered,low,clear,D008,D008,2026-08-13 14:57:21.694417,,2026-08-13 15:11:00,eta-v3.1,2026-08-13 16:07:19.630323,2026-08-13 15:20:52.395521,False,4.361573616666666,23.511685066666665,46.45391336666667,1.5271720500000001,9.873258683333335,-8.346086633333334,True,False,True,
O01345,C0161,R016,2026-08-02 19:10:00,2026-08-02 20:02:08.206293,delivered,low,clear,D002,D002,2026-08-02 19:11:49.498186,,2026-08-02 19:28:00,eta-v3.1,2026-08-02 19:53:57.070839,2026-08-02 19:30:10.348773,False,1.8249697666666667,18.347509783333333,23.7787011,-8.1855909,2.17247955,-10.35807045,False,False,True,
O01346,C0574,R017,2026-08-19 19:11:00,2026-08-19 20:36:24.000000,cancelled,severe,clear,D076,D076,2026-08-19 19:20:41.054096,,2026-08-19 19:29:00,eta-v3.2,,,False,9.684234933333332,,,,,,False,False,False,cancelled
O01347,C0771,R040,2026-08-12 22:31:00,2026-08-12 23:56:24.000000,delivered,severe,clear,D038,D027,2026-08-12 22:37:54.766190,2026-08-12 22:45:08.576168,2026-08-12 22:49:00,eta-v3.2,2026-08-12 23:51:59.461035,2026-08-12 22:47:36.900272,True,6.912769833333333,9.7022347,64.37601271666666,-4.408982750000001,-1.3849954666666666,-3.023987283333334,False,False,True,
O01348,C0045,R050,2026-08-04 20:38:00,2026-08-04 21:46:55.901309,delivered,medium,clear,D045,D045,2026-08-04 20:46:29.428099,,2026-08-04 20:56:00,eta-v3.2,2026-08-04 21:33:07.156429,2026-08-04 20:49:16.066770,False,8.490468316666666,2.777311183333333,43.85149431666667,-13.812414666666665,-6.7322204999999995,-7.080194166666666,False,False,True,
O01349,C0771,R050,2026-08-16 19:03:00,2026-08-16 20:18:36.000000,delivered,medium,clear,D058,D058,2026-08-16 19:04:50.170917,,2026-08-16 19:21:00,eta-v3.2,2026-08-16 20:31:17.649194,2026-08-16 19:47:08.127592,False,1.83618195,42.29927791666667,44.15869336666666,12.694153233333333,26.135459866666668,-13.441306633333335,True,True,True,
O01350,C0149,R060,2026-08-05 20:57:00,2026-08-05 22:14:06.381930,delivered,severe,clear,D049,D027,2026-08-05 21:00:22.110911,2026-08-05 21:09:03.165900,2026-08-05 21:15:00,eta-v3.1,2026-08-05 22:08:01.603997,2026-08-05 21:17:08.496058,True,3.3685151833333333,16.773085783333332,50.88513231666666,-6.079632216666667,2.1416009666666667,-8.221233183333334,False,False,True,
O01351,C0205,R054,2026-08-16 20:20:00,2026-08-16 21:35:36.000000,delivered,medium,clear,D040,D040,2026-08-16 20:22:05.694761,,2026-08-16 20:38:00,eta-v3.2,2026-08-16 21:46:53.289624,2026-08-16 20:54:26.017959,False,2.0949126833333334,32.338719966666666,52.454527750000004,11.2881604,16.43363265,-5.145472249999999,True,True,True,
O01352,C0892,R011,2026-08-07 12:51:00,2026-08-07 14:02:52.024638,delivered,medium,rain,D102,D102,2026-08-07 12:52:19.302807,,2026-08-07 13:09:00,eta-v3.1,2026-08-07 13:58:25.477667,2026-08-07 13:15:59.473154,False,1.32171345,23.66950578333333,42.433408549999996,-4.442449516666667,6.991219233333334,-11.43366875,False,False,True,
O01353,C0191,R002,2026-08-14 16:56:00,2026-08-14 17:56:31.187058,delivered,low,clear,D043,D043,2026-08-14 17:01:05.570721,,2026-08-14 17:14:00,eta-v3.2,2026-08-14 17:57:06.899349,2026-08-14 17:24:43.303907,False,5.09284535,23.62888643333333,32.39325736666667,0.59520485,10.721731783333333,-10.126526933333333,True,False,True,
O01354,C0506,R042,2026-08-25 13:15:00,2026-08-25 14:40:24.000000,delivered,severe,clear,D101,D101,2026-08-25 13:17:39.598666,,2026-08-25 13:33:00,eta-v3.1,2026-08-25 14:41:06.694374,2026-08-25 13:37:59.213347,False,2.6599777666666666,20.32691135,63.12468378333333,0.7115729000000001,4.986889116666666,-4.275316216666666,True,False,True,
O01355,C0661,R046,2026-08-07 13:52:00,2026-08-07 14:43:40.335082,delivered,low,clear,D118,D118,2026-08-07 13:52:06.482489,,2026-08-07 14:10:00,eta-v3.2,2026-08-07 14:36:42.814239,2026-08-07 14:10:18.275390,False,0.10804148333333334,18.19654835,26.408980816666666,-6.958680716666667,0.30458983333333334,-7.26327055,False,False,True,
O01356,C0196,R039,2026-08-05 16:48:00,2026-08-05 17:39:16.332502,delivered,low,clear,D071,D071,2026-08-05 16:50:01.500774,,2026-08-05 17:06:00,eta-v3.2,2026-08-05 17:46:34.156863,2026-08-05 17:21:44.553203,False,2.0250129,31.717540483333334,24.826727666666667,7.297072683333334,15.742553383333334,-8.445480700000001,True,False,True,
O01357,C0583,R026,2026-08-11 19:02:00,2026-08-11 20:14:48.000000,cancelled,low,clear,D045,D045,2026-08-11 19:02:03.848217,,2026-08-11 19:20:00,eta-v3.1,,,False,0.06413695,,,,,,False,False,False,cancelled
O01358,C0311,R002,2026-08-08 20:11:00,2026-08-08 21:26:36.000000,delivered,medium,clear,D035,D035,2026-08-08 20:17:40.198010,,2026-08-08 20:29:00,eta-v3.1,2026-08-08 21:12:28.400388,2026-08-08 20:29:09.945006,False,6.6699668333333335,11.495783266666667,43.3075897,-14.1266602,0.16575009999999998,-14.2924103,False,False,True,
O01359,C0249,R033,2026-08-05 21:03:00,2026-08-05 22:28:24.000000,delivered,severe,clear,D067,D067,2026-08-05 21:05:53.937852,,2026-08-05 21:21:00,eta-v3.1,2026-08-05 22:29:46.103266,2026-08-05 21:29:27.742669,False,2.8989642,23.563413616666665,60.306009949999996,1.3683877666666668,8.462377816666667,-7.09399005,True,False,True,
O01360,C0877,R051,2026-08-14 23:46:00,2026-08-15 01:08:18.000000,delivered,high,rain,D113,D113,2026-08-15 00:00:56.041688,,2026-08-15 00:04:00,eta-v3.1,2026-08-15 01:13:05.140527,2026-08-15 00:10:22.794975,False,14.934028133333333,9.445888116666667,62.7057592,4.78567545,6.37991625,-1.5942407999999997,True,False,True,
O01361,C0131,R059,2026-08-18 17:15:00,2026-08-18 18:07:10.691869,delivered,medium,clear,D119,D119,2026-08-18 17:21:56.521557,,2026-08-18 17:33:00,eta-v3.1,2026-08-18 17:54:03.885598,2026-08-18 17:28:57.495922,False,6.94202595,7.016239416666666,25.1064946,-13.11343785,-4.041734633333333,-9.071703216666666,False,False,True,
O01362,C0448,R020,2026-08-10 20:08:00,2026-08-10 21:25:18.483000,delivered,high,clear,D048,D048,2026-08-10 20:09:17.874614,,2026-08-10 20:26:00,eta-v3.2,2026-08-10 21:38:08.358523,2026-08-10 20:45:44.371040,False,1.2979102333333332,36.441607100000006,52.39979138333333,12.831258716666667,19.739517333333332,-6.908258616666664,True,True,True,
O01363,C0337,R058,2026-08-14 20:00:00,2026-08-14 21:19:48.000000,delivered,high,clear,D032,D032,2026-08-14 20:06:18.123752,,2026-08-14 20:18:00,eta-v3.2,2026-08-14 21:12:53.167391,2026-08-14 20:20:32.834529,False,6.302062533333333,14.245179616666666,52.33888103333334,-6.913876816666667,2.54724215,-9.461118966666668,False,False,True,
O01364,C0078,R024,2026-08-11 19:41:00,2026-08-11 20:45:25.697727,delivered,medium,clear,D080,D080,2026-08-11 19:41:49.168581,,2026-08-11 19:59:00,eta-v3.2,2026-08-11 20:37:24.833264,2026-08-11 19:58:37.161511,False,0.8194763500000001,16.799882166666666,38.79452921666667,-8.014407716666666,-0.3806414833333333,-7.633766233333333,False,False,True,
O01365,C0896,R018,2026-08-17 17:37:00,2026-08-17 18:46:21.635049,delivered,high,rain,D117,D117,2026-08-17 17:47:03.935492,,2026-08-17 17:55:00,eta-v3.2,2026-08-17 19:05:23.185252,2026-08-17 18:15:13.434878,False,10.065591533333333,28.1583231,50.16250623333334,19.025836716666667,20.223914633333333,-1.1980779166666657,True,True,True,
O01366,C0809,R007,2026-08-13 12:06:00,2026-08-13 13:18:48.000000,delivered,low,clear,D012,D012,2026-08-13 12:19:11.910706,,2026-08-13 12:24:00,eta-v3.1,2026-08-13 13:30:20.582006,2026-08-13 12:41:03.479924,False,13.198511766666666,21.85948696666667,49.2850347,11.543033433333333,17.05799873333333,-5.514965299999998,True,True,True,
O01367,C0826,R034,2026-08-03 13:28:00,2026-08-03 14:31:23.327500,delivered,medium,clear,D034,D034,2026-08-03 13:33:33.391758,,2026-08-03 13:46:00,eta-v3.2,2026-08-03 14:40:56.550378,2026-08-03 14:02:33.077308,False,5.556529299999999,28.994759166666665,38.391217833333336,9.553714633333334,16.551288466666666,-6.997573833333332,True,False,True,
O01368,C0168,R034,2026-08-23 18:32:00,2026-08-23 19:45:55.042849,delivered,high,clear,D090,D090,2026-08-23 18:35:34.599500,,2026-08-23 18:50:00,eta-v3.2,2026-08-23 19:40:23.865007,2026-08-23 18:47:38.011478,False,3.5766583333333335,12.0568663,52.764225483333334,-5.5196307,-2.3664753666666667,-3.153155333333333,False,False,True,
O01369,C0632,R020,2026-08-24 14:46:00,2026-08-24 15:42:23.355602,delivered,medium,clear,D093,D093,2026-08-24 14:46:28.818214,,2026-08-24 15:04:00,eta-v3.2,2026-08-24 15:39:20.638149,2026-08-24 15:12:29.391767,False,0.4803035666666667,26.009559216666666,26.854106366666667,-3.0452908833333336,8.489862783333333,-11.535153666666666,False,False,True,
O01370,C0383,R047,2026-08-26 17:56:00,2026-08-26 19:15:07.201635,delivered,high,clear,D095,D095,2026-08-26 18:05:54.845838,,2026-08-26 18:14:00,eta-v3.1,2026-08-26 19:18:48.031136,2026-08-26 18:29:50.498704,False,9.9140973,23.927547766666667,48.958873866666664,3.6804916833333334,15.841645066666667,-12.161153383333334,True,False,True,
O01371,C0594,R009,2026-08-04 17:22:00,2026-08-04 18:40:09.713506,delivered,high,clear,D081,D081,2026-08-04 17:30:07.044006,,2026-08-04 17:40:00,eta-v3.2,2026-08-04 18:48:50.937937,2026-08-04 17:52:54.643929,False,8.117400100000001,22.79333205,55.93823346666667,8.687073849999999,12.91073215,-4.2236583,True,False,True,
O01372,C0293,R018,2026-08-16 17:00:00,2026-08-16 17:54:38.503700,delivered,low,clear,D056,D056,2026-08-16 17:04:20.234513,,2026-08-16 17:18:00,eta-v3.2,2026-08-16 17:42:57.073731,2026-08-16 17:16:17.621768,False,4.337241883333333,11.95645425,26.657532716666665,-11.690499483333333,-1.7063038666666666,-9.984195616666668,False,False,True,
O01373,C0299,R037,2026-08-06 21:55:00,2026-08-06 23:10:36.000000,delivered,medium,clear,D032,D032,2026-08-06 21:56:58.867081,,2026-08-06 22:13:00,eta-v3.1,2026-08-06 23:11:22.118386,2026-08-06 22:19:33.683048,False,1.9811180166666666,22.580266116666667,51.80725563333333,0.7686397666666667,6.561384133333333,-5.792744366666667,True,False,True,
O01374,C0288,R009,2026-08-27 18:02:00,2026-08-27 19:21:48.000000,delivered,high,clear,D054,D054,2026-08-27 18:03:47.779232,,2026-08-27 18:20:00,eta-v3.2,2026-08-27 19:16:25.365424,2026-08-27 18:20:54.862085,False,1.7963205333333332,17.118047549999996,55.50838898333333,-5.377242933333333,0.9143680833333333,-6.291611016666667,False,False,True,
O01375,C0802,R057,2026-08-26 19:46:00,2026-08-26 20:58:48.000000,delivered,low,clear,D095,D095,2026-08-26 19:50:14.681363,,2026-08-26 20:04:00,eta-v3.1,2026-08-26 20:58:45.864133,2026-08-26 20:18:24.543222,False,4.244689383333333,28.164364316666667,40.355348516666666,-0.035597783333333334,14.4090537,-14.444651483333333,False,False,True,
O01376,C0456,R047,2026-08-27 21:56:00,2026-08-27 22:44:56.289137,delivered,medium,rain,D044,D044,2026-08-27 21:59:27.510078,,2026-08-27 22:14:00,eta-v3.2,2026-08-27 22:35:14.967480,2026-08-27 22:08:51.758186,False,3.4585013,9.404135133333334,26.386821566666665,-9.688694283333332,-5.137363566666666,-4.551330716666666,False,False,True,
O01377,C0099,R031,2026-08-13 20:31:00,2026-08-13 21:31:43.278939,delivered,medium,clear,D061,D061,2026-08-13 20:33:10.371332,,2026-08-13 20:49:00,eta-v3.2,2026-08-13 21:32:13.415343,2026-08-13 20:57:03.404423,False,2.1728555333333333,23.88388485,35.16684866666667,0.5022734,8.056740383333333,-7.554466983333333,True,False,True,
O01378,C0391,R053,2026-08-14 11:45:00,2026-08-14 13:04:48.000000,cancelled,high,clear,D042,D042,2026-08-14 11:46:56.528353,,2026-08-14 12:03:00,eta-v3.1,,,False,1.9421392166666667,,,,,,False,False,False,cancelled
O01379,C0613,R053,2026-08-12 22:38:00,2026-08-12 23:39:38.236480,delivered,severe,clear,D006,D006,2026-08-12 22:39:34.081421,,2026-08-12 22:56:00,eta-v3.1,2026-08-12 23:31:04.738088,2026-08-12 22:52:09.327935,False,1.5680236833333334,12.5874419,38.923502549999995,-8.558306533333333,-3.844534416666667,-4.713772116666666,False,False,True,
O01380,C0743,R028,2026-08-15 18:34:00,2026-08-15 19:49:36.000000,delivered,medium,clear,D036,D036,2026-08-15 18:42:07.232615,,2026-08-15 18:52:00,eta-v3.2,2026-08-15 19:50:59.245597,2026-08-15 19:00:16.763756,False,8.120543583333333,18.15885235,50.70803068333333,1.3874266166666667,8.279395933333333,-6.891969316666667,True,False,True,
O01381,C0458,R037,2026-08-05 21:20:00,2026-08-05 22:16:55.420859,delivered,high,clear,D050,D050,2026-08-05 21:27:54.900759,,2026-08-05 21:38:00,eta-v3.1,2026-08-05 22:10:53.839592,2026-08-05 21:38:45.834988,False,7.9150126499999995,10.848903816666667,32.13341006666666,-6.02635445,0.7639164666666667,-6.7902709166666675,False,False,True,
O01382,C0561,R013,2026-08-21 17:35:00,2026-08-21 18:36:14.228458,delivered,medium,clear,D024,D024,2026-08-21 17:37:01.137604,,2026-08-21 17:53:00,eta-v3.1,2026-08-21 18:36:06.694493,2026-08-21 18:05:18.435233,False,2.0189600666666667,28.288293816666666,30.804321,-0.12556608333333333,12.307253883333335,-12.432819966666669,False,False,True,
O01383,C0701,R045,2026-08-21 22:05:00,2026-08-21 23:04:09.374367,delivered,medium,heavy_rain,D049,D049,2026-08-21 22:14:26.648495,,2026-08-21 22:23:00,eta-v3.2,2026-08-21 23:00:30.089088,2026-08-21 22:19:16.513107,False,9.444141583333334,4.831076866666667,41.226266349999996,-3.65475465,-3.7247815500000003,0.07002690000000023,False,False,True,
O01384,C0859,R039,2026-08-27 11:26:00,2026-08-27 12:36:40.618176,delivered,severe,clear,D050,D050,2026-08-27 11:26:25.361755,,2026-08-27 11:44:00,eta-v3.1,2026-08-27 12:33:00.647621,2026-08-27 11:46:29.699192,False,0.42269591666666667,20.072290616666667,46.51580715,-3.6661759166666665,2.4949865333333334,-6.16116245,False,False,True,
O01385,C0863,R044,2026-08-02 19:50:00,2026-08-02 20:44:07.449994,delivered,high,clear,D049,D049,2026-08-02 19:55:56.344417,,2026-08-02 20:08:00,eta-v3.2,2026-08-02 20:44:32.037572,2026-08-02 20:19:01.374983,False,5.939073616666667,23.083842766666667,25.51104315,0.4097929666666667,11.022916383333333,-10.613123416666667,True,False,True,
O01386,C0217,R019,2026-08-11 16:37:00,2026-08-11 17:58:36.000000,delivered,medium,heavy_rain,D016,D016,2026-08-11 16:41:17.878825,,2026-08-11 16:55:00,eta-v3.1,2026-08-11 17:53:00.000160,2026-08-11 16:57:03.074356,False,4.297980416666666,15.75325885,55.9487634,-5.5999973333333335,2.051239266666667,-7.651236600000001,False,False,True,
O01387,C0239,R036,2026-08-16 19:35:00,2026-08-16 20:50:36.000000,delivered,medium,clear,D057,D057,2026-08-16 19:35:09.084010,,2026-08-16 19:53:00,eta-v3.1,2026-08-16 20:57:15.267512,2026-08-16 20:06:16.569207,False,0.15140016666666664,31.124753283333334,50.97830508333333,6.654458533333334,13.27615345,-6.621694916666667,True,False,True,
O01388,C0745,R052,2026-08-13 12:15:00,2026-08-13 13:30:36.000000,delivered,medium,clear,D031,D031,2026-08-13 12:15:50.581698,,2026-08-13 12:33:00,eta-v3.2,2026-08-13 13:25:37.624727,2026-08-13 12:38:22.133197,False,0.8430283000000001,22.525858316666664,47.25819216666666,-4.972921216666666,5.368886616666667,-10.341807833333334,False,False,True,
O01389,C0812,R056,2026-08-26 18:41:00,2026-08-26 19:56:36.000000,delivered,medium,clear,D089,D089,2026-08-26 18:41:04.909380,,2026-08-26 18:59:00,eta-v3.2,2026-08-26 19:46:39.150208,2026-08-26 18:56:28.321765,False,0.08182299999999999,15.390206416666667,50.18047405,-9.947496533333332,-2.5279705833333335,-7.419525949999999,False,False,True,
O01390,C0499,R059,2026-08-15 19:14:00,2026-08-15 20:29:36.000000,delivered,medium,clear,D077,D077,2026-08-15 19:24:35.848231,,2026-08-15 19:32:00,eta-v3.2,2026-08-15 20:22:54.243246,2026-08-15 19:30:43.366780,False,10.597470516666668,6.1253091500000005,52.181274433333336,-6.6959459,-1.2772203333333332,-5.418725566666667,False,False,True,
O01391,C0408,R013,2026-08-17 19:55:00,2026-08-17 21:10:36.000000,delivered,medium,clear,D064,D025,2026-08-17 19:58:13.953759,2026-08-17 20:03:19.702617,2026-08-17 20:13:00,eta-v3.1,2026-08-17 21:10:29.590752,2026-08-17 20:21:09.177652,True,3.2325626499999998,22.92039821666667,49.34021833333334,-0.1068208,8.152960866666668,-8.259781666666667,False,False,True,
O01392,C0268,R030,2026-08-22 21:20:00,2026-08-22 22:21:59.244850,delivered,medium,rain,D113,D113,2026-08-22 21:20:25.569783,,2026-08-22 21:38:00,eta-v3.1,2026-08-22 22:12:14.759870,2026-08-22 21:39:07.429179,False,0.42616305000000004,18.697656600000002,33.12217818333333,-9.741416333333332,1.1238196500000002,-10.865235983333331,False,False,True,
O01393,C0011,R029,2026-08-04 23:19:00,2026-08-05 00:01:05.058857,delivered,low,rain,D085,D085,2026-08-04 23:19:37.785035,,2026-08-04 23:37:00,eta-v3.2,2026-08-05 00:04:10.291081,2026-08-04 23:44:54.463103,False,0.6297505833333333,25.2779678,19.263799633333335,3.0872037333333333,7.907718383333333,-4.82051465,True,False,True,
O01394,C0795,R018,2026-08-21 20:52:00,2026-08-21 21:47:08.693802,delivered,severe,clear,D017,D017,2026-08-21 20:53:48.509983,,2026-08-21 21:10:00,eta-v3.1,2026-08-21 21:55:56.159110,2026-08-21 21:23:09.159942,False,1.8084997166666668,29.344165983333333,32.78331946666667,8.791088466666668,13.1526657,-4.361577233333332,True,False,True,
O01395,C0839,R043,2026-08-21 15:27:00,2026-08-21 16:40:55.714245,delivered,medium,clear,D003,D003,2026-08-21 15:28:34.749417,,2026-08-21 15:45:00,eta-v3.2,2026-08-21 16:41:02.739630,2026-08-21 15:53:49.003331,False,1.57915695,25.23756523333333,47.22893831666667,0.11708975,8.816722183333333,-8.699632433333333,True,False,True,
O01396,C0263,R045,2026-08-11 18:48:00,2026-08-11 20:03:30.151803,delivered,medium,clear,D011,D011,2026-08-11 18:48:00.920551,,2026-08-11 19:06:00,eta-v3.1,2026-08-11 19:59:36.784865,2026-08-11 19:06:52.220714,False,0.015342516666666667,18.855002716666668,52.74273585,-3.889448966666667,0.8703452333333334,-4.7597942,False,False,True,
O01397,C0222,R056,2026-08-18 20:13:00,2026-08-18 21:32:48.000000,delivered,high,clear,D056,D056,2026-08-18 20:13:24.599878,,2026-08-18 20:31:00,eta-v3.1,2026-08-18 21:30:44.693994,2026-08-18 20:34:03.310912,False,0.40999796666666666,20.6451839,56.68971803333333,-2.0551000999999998,3.0551818666666666,-5.110281966666666,False,False,True,
O01398,C0285,R026,2026-08-24 17:35:00,2026-08-24 18:50:36.000000,delivered,medium,clear,D029,D029,2026-08-24 17:36:57.623319,,2026-08-24 17:53:00,eta-v3.1,2026-08-24 19:00:46.944536,2026-08-24 18:09:33.219039,False,1.9603886499999998,32.593262,51.228758283333335,10.182408933333333,16.553650649999998,-6.371241716666665,True,True,True,
O01399,C0833,R040,2026-08-21 18:34:00,2026-08-21 19:49:36.000000,delivered,medium,clear,D022,D022,2026-08-21 18:35:54.274088,,2026-08-21 18:52:00,eta-v3.1,2026-08-21 19:48:59.862746,2026-08-21 19:01:56.285290,False,1.9045681333333335,26.033520033333332,47.05962426666667,-0.6022875666666666,9.938088166666667,-10.540375733333333,False,False,True,
O01400,C0348,R032,2026-08-04 17:35:00,2026-08-04 18:50:18.000000,delivered,low,rain,D031,D031,2026-08-04 17:37:05.593225,,2026-08-04 17:53:00,eta-v3.2,2026-08-04 18:57:15.702810,2026-08-04 18:06:51.027410,False,2.0932204166666666,29.757236416666668,50.41125666666667,6.9617135,13.850456833333334,-6.888743333333334,True,False,True,
O01401,C0598,R051,2026-08-18 14:31:00,2026-08-18 15:50:48.000000,delivered,high,clear,D071,D071,2026-08-18 14:32:56.368439,,2026-08-18 14:49:00,eta-v3.2,2026-08-18 15:49:30.321909,2026-08-18 14:55:32.867745,False,1.9394739833333332,22.608321766666666,53.957569400000004,-1.29463485,6.547795750000001,-7.8424306,False,False,True,
O01402,C0853,R060,2026-08-05 17:54:00,2026-08-05 18:56:32.510343,delivered,high,heavy_rain,D046,D046,2026-08-05 17:56:17.905019,,2026-08-05 18:12:00,eta-v3.1,2026-08-05 18:57:01.797266,2026-08-05 18:09:34.199053,False,2.2984169833333334,13.271567233333334,47.45997021666667,0.4881153833333334,-2.4300157833333333,2.918131166666667,True,False,True,
O01403,C0497,R014,2026-08-24 17:26:00,2026-08-24 18:47:36.000000,delivered,medium,heavy_rain,D099,D099,2026-08-24 17:31:25.611529,,2026-08-24 17:44:00,eta-v3.1,2026-08-24 19:24:32.047659,2026-08-24 18:17:58.127167,False,5.426858816666667,46.5419273,66.56534153333334,36.93412765,33.96878611666667,2.96534153333333,True,True,True,
O01404,C0714,R043,2026-08-20 19:02:00,2026-08-20 20:20:48.000000,delivered,low,heavy_rain,D055,D055,2026-08-20 19:04:45.591571,,2026-08-20 19:20:00,eta-v3.1,2026-08-20 20:15:11.542465,2026-08-20 19:13:50.654047,False,2.7598595166666664,9.084374599999999,61.3481403,-5.607625583333333,-6.155765883333333,0.5481403,False,False,True,
O01405,C0220,R028,2026-08-09 16:39:00,2026-08-09 17:51:48.000000,delivered,low,clear,D103,D103,2026-08-09 16:45:24.274178,,2026-08-09 16:57:00,eta-v3.1,2026-08-09 18:01:17.726468,2026-08-09 17:12:33.325705,False,6.404569633333334,27.150858783333334,48.74001271666667,9.495441133333333,15.555428416666667,-6.059987283333333,True,False,True,
O01406,C0546,R021,2026-08-07 12:37:00,2026-08-07 13:56:48.000000,delivered,high,clear,D064,D064,2026-08-07 12:38:46.798386,,2026-08-07 12:55:00,eta-v3.1,2026-08-07 14:01:07.372063,2026-08-07 12:57:15.536339,False,1.7799730999999999,18.478965883333334,63.86392873333333,4.322867716666667,2.258938983333333,2.063928733333334,True,False,True,
O01407,C0340,R003,2026-08-02 11:59:00,2026-08-02 13:21:18.000000,delivered,high,rain,D081,D081,2026-08-02 12:08:05.485775,,2026-08-02 12:17:00,eta-v3.1,2026-08-02 13:12:49.696042,2026-08-02 12:14:13.949820,False,9.091429583333333,6.141067416666667,58.59577036666667,-8.471732633333334,-2.767503,-5.704229633333334,False,False,True,
O01408,C0499,R034,2026-08-10 22:16:00,2026-08-10 23:16:58.418535,delivered,high,clear,D095,D095,2026-08-10 22:17:03.264986,,2026-08-10 22:34:00,eta-v3.1,2026-08-10 23:44:42.656177,2026-08-10 23:06:54.580321,False,1.0544164333333332,49.85525558333333,37.801264266666664,27.737294033333335,32.90967201666667,-5.172377983333334,True,True,True,
O01409,C0650,R058,2026-08-16 16:53:00,2026-08-16 18:05:48.000000,delivered,low,clear,D034,D034,2026-08-16 16:53:22.175029,,2026-08-16 17:11:00,eta-v3.1,2026-08-16 18:18:48.894187,2026-08-16 17:29:47.991720,False,0.3695838166666666,36.430278183333336,49.015041116666666,13.014903116666666,18.799862,-5.784958883333335,True,True,True,
O01410,C0370,R053,2026-08-10 15:31:00,2026-08-10 16:50:48.000000,delivered,high,clear,D024,D024,2026-08-10 15:33:11.118349,,2026-08-10 15:49:00,eta-v3.2,2026-08-10 17:08:28.960826,2026-08-10 16:12:32.730723,False,2.185305816666667,39.36020623333333,55.93716838333333,17.682680433333335,23.54551205,-5.862831616666664,True,True,True,
O01411,C0168,R059,2026-08-11 12:04:00,2026-08-11 13:19:36.000000,delivered,medium,clear,D110,D110,2026-08-11 12:11:43.462582,,2026-08-11 12:22:00,eta-v3.1,2026-08-11 13:23:19.675775,2026-08-11 12:33:33.022318,False,7.724376366666666,21.8259956,49.77755761666666,3.7279295833333332,11.550371966666667,-7.822442383333334,True,False,True,
O01412,C0438,R047,2026-08-21 18:27:00,2026-08-21 19:42:36.000000,delivered,medium,clear,D051,D051,2026-08-21 18:29:03.235806,,2026-08-21 18:45:00,eta-v3.1,2026-08-21 19:51:08.910572,2026-08-21 19:00:36.772381,False,2.0539301,31.55894291666667,50.53563651666666,8.548509533333334,15.612873016666667,-7.064363483333333,True,False,True,
O01413,C0356,R032,2026-08-23 20:00:00,2026-08-23 21:15:36.000000,delivered,medium,clear,D064,D064,2026-08-23 20:00:03.751239,,2026-08-23 20:18:00,eta-v3.2,2026-08-23 21:14:03.581181,2026-08-23 20:21:34.157661,False,0.06252065,21.5067737,52.490392,-1.54031365,3.56929435,-5.109608,False,False,True,
O01414,C0877,R052,2026-08-05 13:47:00,2026-08-05 14:59:48.000000,delivered,low,clear,D003,D003,2026-08-05 13:48:47.100718,,2026-08-05 14:05:00,eta-v3.2,2026-08-05 14:51:19.174334,2026-08-05 14:05:18.727367,False,1.7850119666666666,16.527110816666667,46.007449449999996,-8.480427766666667,0.3121227833333334,-8.79255055,False,False,True,
O01415,C0244,R036,2026-08-08 14:47:00,2026-08-08 15:47:12.756727,cancelled,medium,clear,D078,D078,2026-08-08 14:50:27.175071,,2026-08-08 15:05:00,eta-v3.1,,,False,3.45291785,,,,,,False,False,False,cancelled
O01416,C0554,R022,2026-08-06 19:03:00,2026-08-06 20:16:58.965882,delivered,medium,clear,D063,D063,2026-08-06 19:09:49.296035,,2026-08-06 19:21:00,eta-v3.1,2026-08-06 20:32:10.298755,2026-08-06 19:41:59.029158,False,6.821600583333334,32.162218716666665,50.18782661666667,15.188881216666665,20.9838193,-5.794938083333335,True,True,True,
O01417,C0581,R050,2026-08-12 13:24:00,2026-08-12 14:49:24.000000,delivered,severe,clear,D103,D103,2026-08-12 13:25:19.290266,,2026-08-12 13:42:00,eta-v3.2,2026-08-12 15:05:52.636359,2026-08-12 13:59:54.167072,False,1.3215044333333335,34.5812801,65.97448811666666,16.47727265,17.90278453333333,-1.425511883333332,True,True,True,
O01418,C0715,R039,2026-08-26 16:28:00,2026-08-26 17:15:20.133622,delivered,medium,clear,D117,D117,2026-08-26 16:31:00.561756,,2026-08-26 16:46:00,eta-v3.2,2026-08-26 17:08:19.251648,2026-08-26 16:53:03.236971,False,3.0093626,22.044586916666667,15.266911283333334,-7.014699566666667,7.053949516666666,-14.068649083333334,False,False,True,
O01419,C0641,R044,2026-08-19 18:40:00,2026-08-19 19:44:50.031353,delivered,medium,clear,D089,D089,2026-08-19 18:45:00.668455,,2026-08-19 18:58:00,eta-v3.2,2026-08-19 19:32:20.715090,2026-08-19 18:58:21.755599,False,5.011140916666666,13.3514524,33.982658183333335,-12.488604383333334,0.36259331666666667,-12.8511977,False,False,True,
O01420,C0501,R054,2026-08-13 23:23:00,2026-08-14 00:45:18.000000,delivered,high,rain,D076,D076,2026-08-13 23:28:24.714677,,2026-08-13 23:41:00,eta-v3.2,2026-08-14 00:50:50.769822,2026-08-13 23:55:02.327491,False,5.411911283333334,26.626880233333335,55.807372183333335,5.546163699999999,14.038791516666667,-8.492627816666667,True,False,True,
O01421,C0079,R041,2026-08-09 22:25:00,2026-08-09 23:36:55.402702,delivered,medium,clear,D105,D105,2026-08-09 22:26:06.300436,,2026-08-09 22:43:00,eta-v3.1,2026-08-09 23:34:11.926898,2026-08-09 22:49:48.480364,False,1.1050072666666668,23.7029988,44.39077556666667,-2.7245967333333336,6.808006066666667,-9.5326028,False,False,True,
O01422,C0834,R029,2026-08-25 23:31:00,2026-08-26 00:56:24.000000,delivered,severe,clear,D087,D087,2026-08-25 23:37:25.546630,,2026-08-25 23:49:00,eta-v3.1,2026-08-26 01:04:59.997287,2026-08-26 00:07:17.676523,False,6.425777166666666,29.86883155,57.70534606666667,8.599954783333335,18.29460871666667,-9.694653933333335,True,False,True,
O01423,C0016,R046,2026-08-14 18:32:00,2026-08-14 19:51:48.000000,delivered,high,clear,D093,D093,2026-08-14 18:38:45.254071,,2026-08-14 18:50:00,eta-v3.2,2026-08-14 19:52:30.993575,2026-08-14 18:58:12.970361,False,6.754234516666667,19.461938166666666,54.3003869,0.7165595833333334,8.216172683333333,-7.4996130999999995,True,False,True,
O01424,C0485,R039,2026-08-26 19:26:00,2026-08-26 20:31:35.727332,delivered,low,rain,D079,D079,2026-08-26 19:26:31.931755,,2026-08-26 19:44:00,eta-v3.1,2026-08-26 20:29:20.333154,2026-08-26 19:43:52.662147,False,0.5321959166666667,17.34550653333333,45.46118345,-2.2565696333333336,-0.12229755,-2.1342720833333337,False,False,True,
O01425,C0139,R050,2026-08-26 14:08:00,2026-08-26 14:57:00.511487,cancelled,medium,clear,D086,D086,2026-08-26 14:08:24.608808,,2026-08-26 14:26:00,eta-v3.2,,,False,0.4101468,,,,,,False,False,False,cancelled
O01426,C0461,R054,2026-08-27 18:35:00,2026-08-27 19:54:48.000000,delivered,high,clear,D119,D119,2026-08-27 18:41:40.419093,,2026-08-27 18:53:00,eta-v3.1,2026-08-27 19:51:02.594339,2026-08-27 18:58:08.071247,False,6.67365155,16.460869233333334,52.908718199999996,-3.7567610166666667,5.1345207833333335,-8.8912818,False,False,True,
O01427,C0406,R054,2026-08-11 19:53:00,2026-08-11 21:05:48.000000,delivered,low,clear,D111,D111,2026-08-11 19:59:15.546656,,2026-08-11 20:11:00,eta-v3.1,2026-08-11 21:12:43.718786,2026-08-11 20:24:44.456135,False,6.259110933333333,25.48182465,47.98771085,6.928646433333333,13.740935583333334,-6.812289150000001,True,False,True,
O01428,C0232,R042,2026-08-19 21:37:00,2026-08-19 22:44:24.330427,delivered,high,clear,D028,D028,2026-08-19 21:38:55.809454,,2026-08-19 21:55:00,eta-v3.1,2026-08-19 22:29:59.082322,2026-08-19 21:49:46.131718,False,1.9301575666666666,10.838704400000001,40.215843400000004,-14.42080175,-5.231138033333334,-9.189663716666667,False,False,True,
O01429,C0474,R034,2026-08-15 23:01:00,2026-08-16 00:19:06.000000,delivered,medium,rain,D045,D045,2026-08-15 23:01:41.749012,,2026-08-15 23:19:00,eta-v3.1,2026-08-16 00:26:45.233081,2026-08-15 23:31:45.639727,False,0.6958168666666666,30.06484525,54.99322256666667,7.653884683333334,12.760662116666667,-5.106777433333334,True,False,True,
O01430,C0705,R017,2026-08-08 18:17:00,2026-08-08 19:32:13.760689,delivered,high,clear,D029,D029,2026-08-08 18:19:54.715580,,2026-08-08 18:35:00,eta-v3.2,2026-08-08 19:42:35.679463,2026-08-08 18:46:32.908725,False,2.911926333333333,26.636552416666667,56.046178966666666,10.3653129,11.54847875,-1.18316585,True,True,True,
O01431,C0231,R030,2026-08-10 11:36:00,2026-08-10 12:48:16.637242,delivered,medium,clear,D029,D029,2026-08-10 11:43:08.072855,,2026-08-10 11:54:00,eta-v3.1,2026-08-10 13:00:14.623568,2026-08-10 12:15:21.640378,False,7.134547583333333,32.22612538333333,44.88305316666666,11.966438766666666,21.360672966666666,-9.3942342,True,True,True,
O01432,C0687,R013,2026-08-23 19:42:00,2026-08-23 20:54:48.000000,delivered,low,clear,D068,D111,2026-08-23 19:46:54.830169,2026-08-23 19:52:50.795091,2026-08-23 20:00:00,eta-v3.2,2026-08-23 20:40:05.588549,2026-08-23 19:54:19.522207,True,4.91383615,7.411533966666667,45.76777236666667,-14.706857516666668,-5.674629883333334,-9.032227633333335,False,False,True,
O01433,C0564,R011,2026-08-02 20:04:00,2026-08-02 21:06:12.528788,delivered,high,clear,D119,D119,2026-08-02 20:09:19.394169,,2026-08-02 20:22:00,eta-v3.2,2026-08-02 21:00:00.330691,2026-08-02 20:23:14.196169,False,5.32323615,13.913366666666667,36.7689087,-6.203301616666667,1.2366028166666667,-7.439904433333334,False,False,True,
O01434,C0579,R051,2026-08-14 12:30:00,2026-08-14 13:45:36.000000,delivered,medium,clear,D072,D072,2026-08-14 12:35:49.885836,,2026-08-14 12:48:00,eta-v3.1,2026-08-14 13:43:34.768227,2026-08-14 12:52:04.663794,False,5.8314306,16.2462993,51.50174055,-2.02052955,4.0777299,-6.09825945,False,False,True,
O01435,C0134,R053,2026-08-05 20:06:00,2026-08-05 21:21:36.000000,delivered,medium,clear,D067,D096,2026-08-05 20:09:34.286655,2026-08-05 20:15:27.657725,2026-08-05 20:24:00,eta-v3.1,2026-08-05 21:36:19.423116,2026-08-05 20:44:48.145036,True,3.57144425,35.23097301666667,51.521301333333334,14.723718600000002,20.802417266666666,-6.078698666666664,True,True,True,
O01436,C0376,R033,2026-08-28 19:20:00,2026-08-28 20:32:48.000000,delivered,low,clear,D010,D010,2026-08-28 19:28:03.038668,,2026-08-28 19:38:00,eta-v3.2,2026-08-28 20:28:57.917950,2026-08-28 19:37:10.935859,False,8.050644466666666,9.13161985,51.78303485,-3.8347008333333337,-0.8177356833333334,-3.0169651500000003,False,False,True,
O01437,C0790,R049,2026-08-03 11:40:00,2026-08-03 12:55:36.000000,delivered,medium,clear,D089,D089,2026-08-03 11:42:31.948600,,2026-08-03 11:58:00,eta-v3.1,2026-08-03 13:15:00.724055,2026-08-03 12:24:11.123451,False,2.5324766666666667,41.65291418333334,50.826676733333336,19.412067583333332,26.185390849999997,-6.773323266666665,True,True,True,
O01438,C0514,R020,2026-08-07 16:26:00,2026-08-07 17:11:43.426041,delivered,medium,clear,D010,D010,2026-08-07 16:32:20.263451,,2026-08-07 16:44:00,eta-v3.1,2026-08-07 17:09:08.142954,2026-08-07 16:44:30.557514,False,6.337724183333333,12.171567716666667,24.626424,-2.58805145,0.5092919,-3.09734335,False,False,True,
O01439,C0498,R006,2026-08-03 11:40:00,2026-08-03 12:30:51.304043,delivered,medium,clear,D001,D001,2026-08-03 11:40:07.132333,,2026-08-03 11:58:00,eta-v3.2,2026-08-03 12:22:03.730813,2026-08-03 11:58:22.891428,False,0.11887221666666667,18.26265158333333,23.680656416666668,-8.792887166666667,0.3815238,-9.174410966666667,False,False,True,
O01440,C0441,R055,2026-08-20 14:03:00,2026-08-20 15:15:48.000000,delivered,low,clear,D022,D022,2026-08-20 14:15:15.126387,,2026-08-20 14:21:00,eta-v3.2,2026-08-20 15:04:14.214915,2026-08-20 14:20:23.760419,False,12.252106450000001,5.143900533333333,43.840908266666666,-11.56308475,-0.6039930166666667,-10.959091733333333,False,False,True,
O01441,C0504,R004,2026-08-15 19:05:00,2026-08-15 19:54:52.707438,cancelled,medium,clear,D081,D081,2026-08-15 19:05:14.157145,,2026-08-15 19:23:00,eta-v3.1,,,False,0.23595241666666666,,,,,,False,False,False,cancelled
O01442,C0024,R008,2026-08-16 11:02:00,2026-08-16 12:17:18.000000,delivered,low,rain,D013,D013,2026-08-16 11:10:27.430176,,2026-08-16 11:20:00,eta-v3.2,2026-08-16 12:22:14.287754,2026-08-16 11:31:51.060773,False,8.4571696,21.393843283333336,50.38711635,4.938129233333333,11.851012883333334,-6.912883650000001,True,False,True,
O01443,C0369,R052,2026-08-01 11:40:00,2026-08-01 12:54:17.832727,delivered,severe,clear,D027,D027,2026-08-01 11:43:19.746234,,2026-08-01 11:58:00,eta-v3.1,2026-08-01 13:02:18.572378,2026-08-01 12:14:12.094463,False,3.3291039,30.872470483333334,48.10796525,8.012327516666666,16.201574383333334,-8.189246866666668,True,False,True,
O01444,C0843,R055,2026-08-06 13:09:00,2026-08-06 14:08:45.713757,delivered,medium,clear,D017,D017,2026-08-06 13:15:01.422676,,2026-08-06 13:27:00,eta-v3.1,2026-08-06 14:11:06.558777,2026-08-06 13:37:15.118371,False,6.023711266666667,22.22826158333333,33.8573401,2.347417,10.25197285,-7.9045558499999995,True,False,True,
O01445,C0868,R028,2026-08-09 18:51:00,2026-08-09 19:44:59.036914,delivered,low,clear,D111,D080,2026-08-09 18:52:31.251293,2026-08-09 19:01:08.442237,2026-08-09 19:09:00,eta-v3.2,2026-08-09 19:36:03.171343,2026-08-09 19:09:55.031108,True,1.5208548833333333,17.396330250000002,26.135670583333333,-8.93109285,0.9171851333333334,-9.848277983333334,False,False,True,
O01446,C0664,R049,2026-08-01 20:27:00,2026-08-01 21:42:36.000000,delivered,medium,clear,D058,D058,2026-08-01 20:30:02.384306,,2026-08-01 20:45:00,eta-v3.2,2026-08-01 21:42:48.040805,2026-08-01 20:49:39.741752,False,3.0397384333333335,19.6226241,53.138317550000004,0.20068008333333334,4.662362533333334,-4.4616824500000005,True,False,True,
O01447,C0627,R057,2026-08-28 12:57:00,2026-08-28 14:12:36.000000,delivered,medium,clear,D053,D053,2026-08-28 13:03:50.432148,,2026-08-28 13:15:00,eta-v3.1,2026-08-28 14:01:46.021786,2026-08-28 13:14:44.390098,False,6.8405358,10.899299166666667,47.0271948,-10.832970233333333,-0.26016503333333335,-10.5728052,False,False,True,
O01448,C0388,R048,2026-08-16 18:51:00,2026-08-16 19:56:55.733594,delivered,medium,clear,D034,D034,2026-08-16 18:57:15.921523,,2026-08-16 19:09:00,eta-v3.1,2026-08-16 19:52:02.417625,2026-08-16 19:17:34.102461,False,6.265358716666666,20.303015633333334,34.471919400000004,-4.8885994833333335,8.56837435,-13.456973833333333,False,False,True,
O01449,C0388,R009,2026-08-21 19:01:00,2026-08-21 20:20:48.000000,delivered,high,clear,D102,D102,2026-08-21 19:01:07.894123,,2026-08-21 19:19:00,eta-v3.2,2026-08-21 20:16:51.391141,2026-08-21 19:21:37.338210,False,0.13156871666666667,20.490734783333334,55.23421551666667,-3.943480983333333,2.6223035,-6.565784483333333,False,False,True,
O01450,C0044,R046,2026-08-11 20:35:00,2026-08-11 21:21:27.944600,delivered,medium,clear,D099,D016,2026-08-11 20:35:51.711493,2026-08-11 20:39:48.579583,2026-08-11 20:53:00,eta-v3.1,2026-08-11 21:26:37.491994,2026-08-11 20:59:06.804869,True,0.8618582166666666,23.251556266666668,27.51145208333333,5.159123233333333,6.113414483333333,-0.9542912499999998,True,False,True,
O01451,C0742,R016,2026-08-26 18:00:00,2026-08-26 19:01:05.175786,delivered,medium,clear,D076,D076,2026-08-26 18:10:19.268250,,2026-08-26 18:18:00,eta-v3.2,2026-08-26 18:46:33.939797,2026-08-26 18:11:13.245759,False,10.321137499999999,0.89962515,35.34490063333333,-14.520599816666667,-6.77923735,-7.741362466666668,False,False,True,
O01452,C0024,R056,2026-08-14 12:14:00,2026-08-14 13:29:36.000000,delivered,medium,clear,D080,D080,2026-08-14 12:17:42.566509,,2026-08-14 12:32:00,eta-v3.2,2026-08-14 13:22:10.458664,2026-08-14 12:28:46.919216,False,3.7094418166666667,11.072545116666667,53.39232413333333,-7.425688933333333,-3.2180130666666664,-4.207675866666667,False,False,True,
O01453,C0278,R051,2026-08-15 20:31:00,2026-08-15 21:23:28.565536,delivered,high,clear,D109,D109,2026-08-15 20:33:11.064842,,2026-08-15 20:49:00,eta-v3.1,2026-08-15 21:12:46.464734,2026-08-15 20:47:56.177482,False,2.1844140333333333,14.751877333333335,24.838120866666667,-10.701680033333334,-1.0637086333333334,-9.637971400000001,False,False,True,
O01454,C0472,R027,2026-08-09 12:45:00,2026-08-09 13:57:48.000000,delivered,low,clear,D105,D105,2026-08-09 12:48:32.249579,,2026-08-09 13:03:00,eta-v3.2,2026-08-09 13:47:14.141250,2026-08-09 13:02:40.503369,False,3.5374929833333337,14.137563166666666,44.56063135,-10.5643125,-0.32494385000000003,-10.23936865,False,False,True,
O01455,C0257,R006,2026-08-16 18:24:00,2026-08-16 19:22:49.368287,delivered,low,clear,D064,D064,2026-08-16 18:24:48.479742,,2026-08-16 18:42:00,eta-v3.2,2026-08-16 19:37:28.558623,2026-08-16 19:00:37.294244,False,0.8079957,35.813575033333336,36.85440631666667,14.653172266666667,18.621570733333332,-3.968398466666665,True,True,True,
O01456,C0207,R046,2026-08-18 22:08:00,2026-08-18 23:23:36.000000,delivered,medium,clear,D104,D104,2026-08-18 22:09:18.351614,,2026-08-18 22:26:00,eta-v3.1,2026-08-18 23:26:15.004486,2026-08-18 22:33:55.356513,False,1.3058602333333333,24.616748316666666,52.32746621666667,2.650074766666667,7.9226085500000005,-5.2725337833333334,True,False,True,
O01457,C0703,R049,2026-08-20 13:08:00,2026-08-20 14:20:48.000000,delivered,low,clear,D066,D066,2026-08-20 13:08:44.908347,,2026-08-20 13:26:00,eta-v3.1,2026-08-20 14:09:50.319150,2026-08-20 13:19:33.451393,False,0.74847245,10.809050766666667,50.281129283333335,-10.961347499999999,-6.442476783333333,-4.518870716666665,False,False,True,
O01458,C0741,R045,2026-08-05 20:48:00,2026-08-05 21:51:07.001848,delivered,low,clear,D091,D091,2026-08-05 20:48:49.192771,,2026-08-05 21:06:00,eta-v3.2,2026-08-05 21:42:13.403252,2026-08-05 21:07:51.341737,False,0.8198795166666667,19.035816099999998,34.367691916666665,-8.893309933333335,1.8556956166666665,-10.749005550000001,False,False,True,
O01459,C0198,R041,2026-08-04 18:41:00,2026-08-04 19:56:36.000000,delivered,medium,clear,D003,D104,2026-08-04 18:44:25.097779,2026-08-04 18:47:42.296772,2026-08-04 18:59:00,eta-v3.2,2026-08-04 20:10:20.436035,2026-08-04 19:21:50.554318,True,3.418296316666667,37.42427565,48.49802861666667,13.740600583333332,22.842571966666664,-9.101971383333332,True,True,True,
O01460,C0811,R051,2026-08-16 12:47:00,2026-08-16 13:57:19.943969,delivered,medium,heavy_rain,D060,D060,2026-08-16 12:49:01.012379,,2026-08-16 13:05:00,eta-v3.1,2026-08-16 13:51:06.599579,2026-08-16 13:04:07.275650,False,2.016872983333333,15.10438785,46.988732150000004,-6.2224065,-0.8787391666666667,-5.343667333333333,False,False,True,
O01461,C0112,R007,2026-08-13 19:29:00,2026-08-13 20:47:06.000000,delivered,medium,rain,D082,D082,2026-08-13 19:31:40.051563,,2026-08-13 19:47:00,eta-v3.1,2026-08-13 20:45:46.941642,2026-08-13 19:51:54.210343,False,2.6675260499999998,20.235979666666665,53.87885498333333,-1.3176393,4.903505716666667,-6.221145016666667,False,False,True,
O01462,C0401,R052,2026-08-12 13:39:00,2026-08-12 14:43:24.375921,delivered,high,clear,D033,D033,2026-08-12 13:41:28.902929,,2026-08-12 13:57:00,eta-v3.2,2026-08-12 14:51:44.832232,2026-08-12 14:15:21.659502,False,2.4817154833333332,33.87927621666667,36.38621216666666,8.340938516666666,18.3609917,-10.020053183333333,True,False,True,
O01463,C0573,R050,2026-08-18 12:44:00,2026-08-18 13:45:23.437147,delivered,high,clear,D062,D062,2026-08-18 12:48:08.864373,,2026-08-18 13:02:00,eta-v3.1,2026-08-18 14:01:12.740457,2026-08-18 13:21:08.797205,False,4.14773955,32.998880533333335,40.065720866666666,15.821721833333333,19.146620083333335,-3.324898250000002,True,True,True,
O01464,C0814,R057,2026-08-05 13:43:00,2026-08-05 14:49:59.483633,delivered,medium,clear,D013,D013,2026-08-05 13:46:31.104591,,2026-08-05 14:01:00,eta-v3.2,2026-08-05 14:46:30.023589,2026-08-05 14:09:59.124455,False,3.51840985,23.466997733333336,36.51498556666666,-3.4910007333333337,8.985407583333334,-12.476408316666667,False,False,True,
O01465,C0075,R039,2026-08-01 22:15:00,2026-08-01 23:20:25.824757,delivered,medium,clear,D089,D089,2026-08-01 22:21:49.842018,,2026-08-01 22:33:00,eta-v3.1,2026-08-01 23:17:18.746834,2026-08-01 22:40:52.268606,False,6.8307003,19.040443133333333,36.4413038,-3.1179653833333334,7.871143433333333,-10.989108816666667,False,False,True,
O01466,C0663,R040,2026-08-12 19:40:00,2026-08-12 20:55:36.000000,delivered,medium,clear,D088,D088,2026-08-12 19:44:33.490864,,2026-08-12 19:58:00,eta-v3.1,2026-08-12 21:08:04.411066,2026-08-12 20:16:47.364226,False,4.558181066666666,32.231222700000004,51.284114,12.473517766666667,18.789403766666666,-6.315885999999999,True,True,True,
O01467,C0686,R047,2026-08-03 21:21:00,2026-08-03 22:43:18.000000,delivered,high,rain,D085,D085,2026-08-03 21:22:57.992063,,2026-08-03 21:39:00,eta-v3.2,2026-08-03 23:03:23.975436,2026-08-03 21:59:30.145344,False,1.9665343833333333,36.53588801666667,63.8971682,20.0995906,20.5024224,-0.4028318000000013,True,True,True,
O01468,C0096,R032,2026-08-12 12:09:00,2026-08-12 13:30:36.000000,delivered,medium,heavy_rain,D004,D004,2026-08-12 12:16:11.751043,,2026-08-12 12:27:00,eta-v3.2,2026-08-12 13:24:02.130571,2026-08-12 12:26:14.834206,False,7.1958507166666665,10.05138605,57.788272750000004,-6.5644904833333335,-0.7527632333333333,-5.811727250000001,False,False,True,
O01469,C0832,R019,2026-08-17 18:18:00,2026-08-17 19:33:36.000000,delivered,medium,clear,D046,D046,2026-08-17 18:18:40.942372,,2026-08-17 18:36:00,eta-v3.2,2026-08-17 19:21:05.968121,2026-08-17 18:34:17.475813,False,0.6823728666666666,15.608890683333334,46.80820513333333,-12.500531316666667,-1.70873645,-10.791794866666667,False,False,True,
O01470,C0732,R050,2026-08-19 17:24:00,2026-08-19 18:23:02.627619,delivered,medium,clear,D030,D030,2026-08-19 17:24:11.157790,,2026-08-19 17:42:00,eta-v3.2,2026-08-19 18:50:50.704290,2026-08-19 18:19:20.433031,False,0.18596316666666668,55.15458735,31.504520983333336,27.80127785,37.34055051666667,-9.539272666666665,True,True,True,
O01471,C0735,R043,2026-08-19 20:16:00,2026-08-19 21:22:33.205772,delivered,high,clear,D097,D097,2026-08-19 20:18:57.089515,,2026-08-19 20:34:00,eta-v3.1,2026-08-19 21:26:39.378167,2026-08-19 20:48:56.827370,False,2.951491916666667,29.995630916666666,37.70917995,4.10287325,14.947122833333333,-10.844249583333333,True,False,True,
O01472,C0701,R025,2026-08-28 19:54:00,2026-08-28 21:13:48.000000,delivered,high,clear,D008,D008,2026-08-28 19:57:44.535512,,2026-08-28 20:12:00,eta-v3.2,2026-08-28 21:39:36.533246,2026-08-28 20:44:29.523027,False,3.7422585333333336,46.749791916666666,55.11683698333333,25.808887433333332,32.49205045,-6.6831630166666685,True,True,True,
O01473,C0704,R060,2026-08-20 18:05:00,2026-08-20 19:20:36.000000,delivered,medium,clear,D028,D028,2026-08-20 18:06:27.167436,,2026-08-20 18:23:00,eta-v3.1,2026-08-20 19:14:14.858727,2026-08-20 18:21:49.952262,False,1.4527906,15.3797471,52.41510775,-6.35235455,-1.1674623,-5.184892250000001,False,False,True,
O01474,C0142,R058,2026-08-24 18:25:00,2026-08-24 19:37:48.000000,delivered,low,clear,D108,D108,2026-08-24 18:33:49.174517,,2026-08-24 18:43:00,eta-v3.1,2026-08-24 19:38:44.783068,2026-08-24 18:50:54.516109,False,8.819575283333334,17.08902653333333,47.83778265,0.9463844666666666,7.908601816666666,-6.9622173499999995,True,False,True,
O01475,C0464,R021,2026-08-27 11:56:00,2026-08-27 13:15:48.000000,delivered,high,clear,D022,D022,2026-08-27 11:56:20.574678,,2026-08-27 12:14:00,eta-v3.1,2026-08-27 13:27:54.361127,2026-08-27 12:30:46.266830,False,0.3429113,34.428202533333334,57.13490495,12.106018783333333,16.771113833333334,-4.6650950500000015,True,True,True,
O01476,C0457,R030,2026-08-01 22:32:00,2026-08-01 23:39:36.200640,delivered,low,heavy_rain,D066,D066,2026-08-01 22:44:42.638731,,2026-08-01 22:50:00,eta-v3.2,2026-08-01 23:41:30.870902,2026-08-01 22:52:00.759427,False,12.710645516666666,7.3020116,49.50185791666667,1.9111710333333332,2.012657116666667,-0.10148608333333375,True,False,True,
O01477,C0037,R047,2026-08-20 13:35:00,2026-08-20 15:02:06.635790,delivered,severe,rain,D024,D024,2026-08-20 13:37:54.068845,,2026-08-20 13:53:00,eta-v3.2,2026-08-20 15:05:38.173741,2026-08-20 13:56:11.148798,False,2.901147416666667,18.284665883333332,69.45041571666667,3.5256325166666667,3.1858133,0.3398192166666667,True,False,True,
O01478,C0368,R040,2026-08-12 11:41:00,2026-08-12 13:08:54.000000,delivered,severe,rain,D082,D082,2026-08-12 11:45:58.063837,,2026-08-12 11:59:00,eta-v3.1,2026-08-12 13:38:38.613281,2026-08-12 12:31:34.435474,False,4.967730616666667,45.606193950000005,67.06963011666667,29.743554683333333,32.57392456666667,-2.8303698833333364,True,True,True,
O01479,C0137,R033,2026-08-17 18:48:00,2026-08-17 20:07:48.000000,delivered,high,clear,D054,D054,2026-08-17 19:03:10.600002,,2026-08-17 19:06:00,eta-v3.2,2026-08-17 20:26:57.651993,2026-08-17 19:26:55.173456,False,15.1766667,23.742890900000003,60.04130895,19.160866549999998,20.9195576,-1.758691050000003,True,True,True,
O01480,C0362,R055,2026-08-04 15:41:00,2026-08-04 16:28:07.106814,delivered,low,clear,D120,D028,2026-08-04 15:50:39.818163,2026-08-04 15:55:29.210834,2026-08-04 15:59:00,eta-v3.2,2026-08-04 16:35:08.661261,2026-08-04 16:13:44.370318,True,9.663636050000001,23.07586925,21.40484905,7.02590745,14.7395053,-7.713597849999999,True,False,True,
O01481,C0809,R021,2026-08-20 11:56:00,2026-08-20 13:09:17.247395,delivered,medium,rain,D013,D013,2026-08-20 11:58:21.653554,,2026-08-20 12:14:00,eta-v3.1,2026-08-20 13:34:03.285496,2026-08-20 12:42:57.570621,False,2.3608925666666667,44.59861778333333,51.09524791666667,24.767301683333336,28.959510350000002,-4.192208666666666,True,True,True,
O01482,C0489,R025,2026-08-14 23:33:00,2026-08-15 00:58:24.000000,delivered,severe,clear,D065,D065,2026-08-14 23:34:14.265602,,2026-08-14 23:51:00,eta-v3.1,2026-08-15 00:59:22.159889,2026-08-14 23:56:54.322492,False,1.2377600333333334,22.667614833333335,62.463956616666664,0.9693314833333333,5.9053748666666666,-4.936043383333333,True,False,True,
O01483,C0731,R060,2026-08-11 21:21:00,2026-08-11 22:22:27.366123,delivered,severe,clear,D115,D115,2026-08-11 21:21:27.787153,,2026-08-11 21:39:00,eta-v3.2,2026-08-11 22:20:53.891888,2026-08-11 21:40:34.239524,False,0.46311921666666667,19.10753951666667,40.3275394,-1.5579039166666666,1.5706587333333333,-3.12856265,False,False,True,
O01484,C0282,R032,2026-08-08 19:37:00,2026-08-08 20:56:11.873114,delivered,high,clear,D082,D082,2026-08-08 19:44:54.740233,,2026-08-08 19:55:00,eta-v3.2,2026-08-08 20:52:29.961536,2026-08-08 19:57:50.124777,False,7.912337216666667,12.923075733333333,54.66394598333333,-3.6985262999999997,2.83541295,-6.5339392499999995,False,False,True,
O01485,C0403,R022,2026-08-27 15:27:00,2026-08-27 16:14:47.674943,delivered,medium,clear,D054,D054,2026-08-27 15:31:14.049527,,2026-08-27 15:45:00,eta-v3.1,2026-08-27 16:35:11.003302,2026-08-27 16:07:56.960046,False,4.234158783333333,36.71517531666667,27.234054266666664,20.388805983333334,22.949334099999998,-2.5605281166666636,True,True,True,
O01486,C0685,R053,2026-08-09 16:40:00,2026-08-09 17:48:20.383307,delivered,medium,clear,D075,D075,2026-08-09 16:40:02.328762,,2026-08-09 16:58:00,eta-v3.1,2026-08-09 17:45:18.275916,2026-08-09 17:05:15.867602,False,0.038812700000000006,25.22564733333333,40.04013856666666,-3.0351231833333334,7.264460033333333,-10.299583216666667,False,False,True,
O01487,C0025,R028,2026-08-05 21:53:00,2026-08-05 22:54:58.535386,delivered,low,clear,D087,D087,2026-08-05 21:59:03.670754,,2026-08-05 22:11:00,eta-v3.2,2026-08-05 22:51:45.443564,2026-08-05 22:18:12.430728,False,6.061179233333333,19.145999566666667,33.55021393333333,-3.2181970333333334,7.207178799999999,-10.425375833333334,False,False,True,
O01488,C0694,R054,2026-08-10 13:08:00,2026-08-10 14:27:48.000000,cancelled,high,clear,D101,D101,2026-08-10 13:08:57.276884,,2026-08-10 13:26:00,eta-v3.1,,,False,0.9546147333333334,,,,,,False,False,False,cancelled
O01489,C0732,R025,2026-08-15 22:09:00,2026-08-15 23:24:18.000000,delivered,low,rain,D116,D116,2026-08-15 22:14:29.970217,,2026-08-15 22:27:00,eta-v3.1,2026-08-15 23:12:48.563960,2026-08-15 22:23:17.346786,False,5.499503616666667,8.789609483333333,49.52028623333333,-11.490600666666667,-3.7108868999999998,-7.779713766666667,False,False,True,
O01490,C0238,R020,2026-08-27 22:45:00,2026-08-28 00:04:52.893166,delivered,high,rain,D108,D108,2026-08-27 22:45:28.988678,,2026-08-27 23:03:00,eta-v3.2,2026-08-28 00:00:56.422642,2026-08-27 23:02:39.682115,False,0.48314463333333335,17.17822395,58.27900878333333,-3.9411754,-0.3386314166666667,-3.6025439833333333,False,False,True,
O01491,C0068,R021,2026-08-13 18:15:00,2026-08-13 19:27:48.000000,delivered,low,clear,D085,D085,2026-08-13 18:17:47.292974,,2026-08-13 18:33:00,eta-v3.1,2026-08-13 19:34:28.012686,2026-08-13 18:51:20.711881,False,2.788216233333333,33.556981783333335,43.12168008333333,6.6668781,18.345198016666664,-11.678319916666664,True,False,True,
O01492,C0713,R055,2026-08-06 13:05:00,2026-08-06 14:20:36.000000,cancelled,medium,clear,D090,D018,2026-08-06 13:15:46.686077,2026-08-06 13:19:46.181922,2026-08-06 13:23:00,eta-v3.1,,,True,10.778101283333333,,,,,,False,False,False,cancelled
O01493,C0673,R012,2026-08-14 11:07:00,2026-08-14 12:16:51.973339,cancelled,medium,rain,D004,D004,2026-08-14 11:09:46.811141,,2026-08-14 11:25:00,eta-v3.1,,,False,2.7801856833333334,,,,,,False,False,False,cancelled
O01494,C0260,R033,2026-08-03 17:53:00,2026-08-03 19:12:48.000000,delivered,high,clear,D091,D091,2026-08-03 17:57:52.638392,,2026-08-03 18:11:00,eta-v3.2,2026-08-03 19:14:24.623147,2026-08-03 18:19:56.303290,False,4.877306533333334,22.061081633333334,54.47199761666666,1.6103857833333335,8.938388166666666,-7.328002383333333,True,False,True,
O01495,C0426,R043,2026-08-23 14:31:00,2026-08-23 15:35:26.743289,delivered,high,clear,D046,D046,2026-08-23 14:31:36.147891,,2026-08-23 14:49:00,eta-v3.2,2026-08-23 15:57:46.039379,2026-08-23 15:21:34.873980,False,0.60246485,49.97876814999999,36.18608998333333,22.3216015,32.581233000000005,-10.259631500000005,True,True,True,
O01496,C0042,R002,2026-08-03 22:31:00,2026-08-03 23:53:18.000000,delivered,high,rain,D032,D032,2026-08-03 22:32:07.544223,,2026-08-03 22:49:00,eta-v3.2,2026-08-03 23:56:10.608094,2026-08-03 22:52:50.955735,False,1.1257370500000001,20.723525199999997,63.327539316666666,2.8768015666666664,3.84926225,-0.9724606833333338,True,False,True,
O01497,C0574,R041,2026-08-01 11:02:00,2026-08-01 12:21:48.000000,delivered,high,clear,D109,D109,2026-08-01 11:03:07.731329,,2026-08-01 11:20:00,eta-v3.1,2026-08-01 12:36:06.941754,2026-08-01 11:45:32.038298,False,1.1288554833333333,42.405116150000005,50.58172426666667,14.3156959,25.533971633333334,-11.218275733333334,True,True,True,
O01498,C0624,R056,2026-08-07 20:31:00,2026-08-07 21:50:48.000000,delivered,high,clear,D031,D031,2026-08-07 20:32:20.047867,,2026-08-07 20:49:00,eta-v3.1,2026-08-07 21:51:15.824264,2026-08-07 20:55:57.784546,False,1.3341311166666665,23.62894465,55.30066196666667,0.46373773333333335,6.963075766666666,-6.499338033333332,True,False,True,
O01499,C0831,R011,2026-08-07 20:05:00,2026-08-07 21:18:16.765675,delivered,high,clear,D106,D106,2026-08-07 20:07:37.968390,,2026-08-07 20:23:00,eta-v3.1,2026-08-07 21:29:42.751504,2026-08-07 20:42:37.799748,False,2.6328065,34.997189299999995,47.08252926666667,11.43309715,19.6299958,-8.19689865,True,True,True,
O01500,C0621,R016,2026-08-08 16:17:00,2026-08-08 17:19:43.684835,delivered,low,clear,D032,D032,2026-08-08 16:30:33.776477,,2026-08-08 16:35:00,eta-v3.1,2026-08-08 17:17:49.842786,2026-08-08 16:38:53.393622,False,13.562941283333334,8.326952416666666,38.9408194,-1.8973674833333334,3.8898937,-5.787261183333333,False,False,True,
O01501,C0749,R046,2026-08-25 17:10:00,2026-08-25 18:25:36.000000,delivered,medium,clear,D083,D083,2026-08-25 17:10:15.846405,,2026-08-25 17:28:00,eta-v3.1,2026-08-25 18:22:22.587482,2026-08-25 17:36:19.509166,False,0.26410675,26.06104601666667,46.05130526666667,-3.2235419666666667,8.325152766666667,-11.548694733333335,False,False,True,
O01502,C0568,R015,2026-08-28 11:22:00,2026-08-28 12:29:30.981122,delivered,severe,clear,D112,D112,2026-08-28 11:25:00.641800,,2026-08-28 11:40:00,eta-v3.1,2026-08-28 12:26:35.381750,2026-08-28 11:42:45.065240,False,3.0106966666666666,17.740390666666666,43.8386085,-2.9266561999999996,2.751087333333333,-5.677743533333333,False,False,True,
O01503,C0105,R045,2026-08-07 19:39:00,2026-08-07 21:00:36.000000,delivered,medium,heavy_rain,D045,D045,2026-08-07 19:41:04.742187,,2026-08-07 19:57:00,eta-v3.2,2026-08-07 21:22:17.089088,2026-08-07 20:15:45.378033,False,2.07903645,34.6772641,66.52851758333334,21.684818133333334,18.75630055,2.928517583333335,True,True,True,
O01504,C0810,R047,2026-08-14 18:55:00,2026-08-14 19:56:54.935956,delivered,low,clear,D049,D049,2026-08-14 18:57:44.856169,,2026-08-14 19:13:00,eta-v3.2,2026-08-14 20:00:27.516921,2026-08-14 19:27:47.830895,False,2.7476028166666664,30.049578766666666,32.66143376666667,3.5430160833333333,14.797181583333334,-11.254165500000001,True,False,True,
O01505,C0096,R011,2026-08-13 21:50:00,2026-08-13 22:49:08.021995,delivered,high,clear,D082,D082,2026-08-13 21:52:51.082819,,2026-08-13 22:08:00,eta-v3.1,2026-08-13 22:47:42.083901,2026-08-13 22:13:52.406582,False,2.8513803166666665,21.022062716666667,33.82795531666667,-1.4323015666666667,5.873443033333333,-7.305744600000001,False,False,True,
O01506,C0336,R055,2026-08-27 16:11:00,2026-08-27 17:26:36.000000,delivered,medium,clear,D050,D050,2026-08-27 16:13:06.809465,,2026-08-27 16:29:00,eta-v3.1,2026-08-27 17:28:22.678482,2026-08-27 16:39:49.210080,False,2.1134910833333334,26.706676916666666,48.5578067,1.7779747000000001,10.820167999999999,-9.0421933,True,False,True,
O01507,C0155,R033,2026-08-16 18:09:00,2026-08-16 19:30:36.000000,cancelled,medium,heavy_rain,D085,D085,2026-08-16 18:14:47.058627,,2026-08-16 18:27:00,eta-v3.2,,,False,5.78431045,,,,,,False,False,False,cancelled
O01508,C0749,R034,2026-08-24 18:20:00,2026-08-24 19:12:31.924857,delivered,low,clear,D114,D114,2026-08-24 18:24:57.081177,,2026-08-24 18:38:00,eta-v3.2,2026-08-24 19:15:51.314555,2026-08-24 18:54:19.061192,False,4.95135295,29.366333583333336,21.53755605,3.3231616333333336,16.317686533333333,-12.9945249,True,False,True,
O01509,C0675,R026,2026-08-28 17:25:00,2026-08-28 18:40:36.000000,delivered,medium,clear,D113,D093,2026-08-28 17:25:27.773100,2026-08-28 17:32:01.398186,2026-08-28 17:43:00,eta-v3.1,2026-08-28 18:51:09.858572,2026-08-28 17:57:23.771992,True,0.462885,31.933314866666667,53.76810966666667,10.564309533333333,14.396199866666667,-3.831890333333334,True,True,True,
O01510,C0336,R032,2026-08-17 22:35:00,2026-08-17 23:23:11.625349,delivered,high,clear,D044,D044,2026-08-17 22:38:38.554736,,2026-08-17 22:53:00,eta-v3.1,2026-08-17 23:29:40.289671,2026-08-17 23:01:22.912818,False,3.642578933333333,22.739301366666666,28.289614216666667,6.477738700000001,8.3818803,-1.9041416,True,False,True,
O01511,C0045,R048,2026-08-21 11:41:00,2026-08-21 12:43:15.343427,delivered,medium,rain,D018,D018,2026-08-21 11:43:10.874492,,2026-08-21 11:59:00,eta-v3.2,2026-08-21 12:53:04.134676,2026-08-21 12:11:37.544423,False,2.1812415333333335,28.44449885,41.44317088333333,9.813187483333333,12.625740383333333,-2.8125529,True,False,True,
O01512,C0896,R017,2026-08-07 20:40:00,2026-08-07 21:55:36.000000,delivered,medium,clear,D048,D048,2026-08-07 20:47:17.236312,,2026-08-07 20:58:00,eta-v3.2,2026-08-07 22:08:56.399936,2026-08-07 21:17:37.354088,False,7.287271866666667,30.335296266666667,51.317430800000004,13.339998933333334,19.622568133333335,-6.282569200000001,True,True,True,
O01513,C0268,R003,2026-08-08 18:50:00,2026-08-08 20:09:48.000000,delivered,high,clear,D113,D113,2026-08-08 18:50:11.152342,,2026-08-08 19:08:00,eta-v3.2,2026-08-08 20:41:15.654928,2026-08-08 19:41:53.359592,False,0.18587236666666668,51.70345416666667,59.371588933333335,31.460915466666666,33.88932653333333,-2.4284110666666656,True,True,True,
O01514,C0408,R030,2026-08-24 17:57:00,2026-08-24 19:12:36.000000,delivered,medium,clear,D048,D048,2026-08-24 17:59:47.337500,,2026-08-24 18:15:00,eta-v3.2,2026-08-24 19:21:51.953311,2026-08-24 18:28:31.727776,False,2.7889583333333334,28.739837933333334,53.33709225,9.265888516666667,13.528796266666665,-4.262907749999998,True,False,True,
O01515,C0577,R014,2026-08-17 14:47:00,2026-08-17 16:06:48.000000,delivered,high,clear,D102,D102,2026-08-17 14:47:40.961239,,2026-08-17 15:05:00,eta-v3.2,2026-08-17 16:02:11.770275,2026-08-17 15:05:04.253358,False,0.6826873166666666,17.38820198333333,57.12528195,-4.60382875,0.0708893,-4.67471805,False,False,True,
O01516,C0643,R046,2026-08-08 13:55:00,2026-08-08 15:14:48.000000,delivered,high,clear,D069,D069,2026-08-08 13:56:03.793452,,2026-08-08 14:13:00,eta-v3.1,2026-08-08 15:13:48.335328,2026-08-08 14:12:50.074206,False,1.0632242,16.7713459,60.971018699999995,-0.9944112,-0.1654299,-0.8289813,False,False,True,
O01517,C0397,R024,2026-08-08 21:46:00,2026-08-08 22:50:27.661861,delivered,medium,clear,D041,D041,2026-08-08 21:47:56.778797,,2026-08-08 22:04:00,eta-v3.2,2026-08-08 22:44:52.533986,2026-08-08 22:03:09.535388,False,1.9463132833333332,15.21260985,41.7166433,-5.585464583333334,-0.8410768666666667,-4.744387716666667,False,False,True,
O01518,C0114,R032,2026-08-15 13:52:00,2026-08-15 14:55:22.900364,delivered,low,clear,D064,D064,2026-08-15 13:58:00.176941,,2026-08-15 14:10:00,eta-v3.2,2026-08-15 14:52:38.676597,2026-08-15 14:13:30.546458,False,6.002949016666666,15.506158616666665,39.13550231666667,-2.7370627833333336,3.5091076333333335,-6.246170416666667,False,False,True,
O01519,C0550,R018,2026-08-12 19:43:00,2026-08-12 20:52:43.468930,delivered,low,clear,D017,D074,2026-08-12 19:44:30.139950,2026-08-12 19:51:19.573567,2026-08-12 20:01:00,eta-v3.1,2026-08-12 21:13:35.820059,2026-08-12 20:28:38.066818,True,1.5023325,44.132114466666664,44.962554016666665,20.872518816666666,27.634446966666665,-6.761928149999999,True,True,True,
O01520,C0169,R002,2026-08-11 14:04:00,2026-08-11 15:10:21.125878,delivered,low,clear,D003,D003,2026-08-11 14:19:48.497049,,2026-08-11 14:22:00,eta-v3.2,2026-08-11 15:11:17.182956,2026-08-11 14:30:55.395314,False,15.808284149999999,11.114971083333334,40.36312736666666,0.9342846333333333,8.923255233333332,-7.988970599999999,True,False,True,
O01521,C0641,R013,2026-08-05 14:22:00,2026-08-05 15:14:11.373396,delivered,medium,clear,D047,D047,2026-08-05 14:23:07.293401,,2026-08-05 14:40:00,eta-v3.2,2026-08-05 15:06:31.169052,2026-08-05 14:37:55.684570,False,1.1215566833333335,14.806519483333334,28.591408033333334,-7.6700724,-2.0719238333333334,-5.598148566666666,False,False,True,
O01522,C0494,R023,2026-08-16 14:12:00,2026-08-16 15:27:36.000000,delivered,medium,clear,D100,D100,2026-08-16 14:18:41.549909,,2026-08-16 14:30:00,eta-v3.1,2026-08-16 15:21:34.937844,2026-08-16 14:31:05.363725,False,6.692498483333334,12.396896933333332,50.49290198333333,-6.017702600000001,1.0893954166666666,-7.107098016666667,False,False,True,
O01523,C0479,R019,2026-08-03 18:57:00,2026-08-03 20:22:24.000000,delivered,severe,clear,D099,D046,2026-08-03 18:59:14.828881,2026-08-03 19:04:10.338071,2026-08-03 19:15:00,eta-v3.2,2026-08-03 20:18:37.220011,2026-08-03 19:13:16.191463,True,2.2471480166666664,14.0227097,65.3504758,-3.7796664833333335,-1.7301422833333333,-2.0495242000000005,False,False,True,
O01524,C0808,R033,2026-08-15 15:06:00,2026-08-15 16:31:24.000000,delivered,severe,clear,D117,D117,2026-08-15 15:08:20.351069,,2026-08-15 15:24:00,eta-v3.1,2026-08-15 16:35:58.297761,2026-08-15 15:36:51.899479,False,2.3391844833333333,28.525806833333334,59.10663803333333,4.571629349999999,12.864991316666668,-8.29336196666667,True,False,True,
O01525,C0066,R038,2026-08-17 12:50:00,2026-08-17 14:09:48.000000,delivered,high,clear,D029,D029,2026-08-17 12:50:02.888348,,2026-08-17 13:08:00,eta-v3.1,2026-08-17 14:29:47.982905,2026-08-17 13:31:44.408714,False,0.048139133333333334,41.6920061,58.05956985,19.999715083333335,23.740145233333333,-3.740430149999998,True,True,True,
O01526,C0842,R042,2026-08-11 11:21:00,2026-08-11 12:30:21.957891,delivered,high,rain,D119,D119,2026-08-11 11:24:27.764008,,2026-08-11 11:39:00,eta-v3.2,2026-08-11 12:26:17.974844,2026-08-11 11:41:34.371695,False,3.4627334666666667,17.110128116666665,44.72671915,-4.066384116666667,2.5728615833333333,-6.6392457,False,False,True,
O01527,C0121,R034,2026-08-07 15:14:00,2026-08-07 16:33:48.000000,delivered,high,clear,D048,D048,2026-08-07 15:20:54.170174,,2026-08-07 15:32:00,eta-v3.2,2026-08-07 16:40:04.688215,2026-08-07 15:49:00.069724,False,6.902836233333333,28.098325833333334,51.076974850000006,6.278136916666667,17.001162066666666,-10.723025149999998,True,False,True,
O01528,C0578,R035,2026-08-08 17:23:00,2026-08-08 18:35:48.000000,delivered,low,clear,D072,D072,2026-08-08 17:30:24.238103,,2026-08-08 17:41:00,eta-v3.2,2026-08-08 18:26:50.195073,2026-08-08 17:45:13.190055,False,7.403968383333334,14.815865866666666,41.6167503,-8.963415450000001,4.21983425,-13.183249700000001,False,False,True,
O01529,C0828,R045,2026-08-19 11:18:00,2026-08-19 12:19:55.272834,delivered,high,clear,D101,D101,2026-08-19 11:20:19.263079,,2026-08-19 11:36:00,eta-v3.1,2026-08-19 12:35:26.709772,2026-08-19 11:58:52.697108,False,2.321051316666667,38.55723381666667,36.56687773333333,15.523948966666667,22.878285133333335,-7.354336166666668,True,True,True,
O01530,C0734,R002,2026-08-28 13:37:00,2026-08-28 14:52:36.000000,delivered,medium,clear,D100,D100,2026-08-28 13:38:52.022480,,2026-08-28 13:55:00,eta-v3.2,2026-08-28 14:52:04.844498,2026-08-28 13:59:22.084854,False,1.8670413333333333,20.50103956666667,52.71266073333334,-0.5192583666666667,4.3680809,-4.887339266666666,False,False,True,
O01531,C0259,R020,2026-08-06 18:53:00,2026-08-06 19:49:49.349007,delivered,medium,clear,D093,D093,2026-08-06 18:55:29.916069,,2026-08-06 19:11:00,eta-v3.1,2026-08-06 20:08:24.720387,2026-08-06 19:32:48.936433,False,2.49860115,37.317006066666664,35.59639923333334,18.589523,21.815607216666667,-3.226084216666667,True,True,True,
O01532,C0825,R028,2026-08-22 18:49:00,2026-08-22 20:04:36.000000,delivered,medium,clear,D048,D048,2026-08-22 18:51:05.423567,,2026-08-22 19:07:00,eta-v3.2,2026-08-22 19:54:15.355136,2026-08-22 19:02:04.126535,False,2.0903927833333333,10.9783828,52.18714335,-10.344081066666666,-4.931224416666667,-5.412856649999999,False,False,True,
O01533,C0821,R049,2026-08-09 15:03:00,2026-08-09 15:56:43.812647,delivered,low,heavy_rain,D047,D047,2026-08-09 15:04:19.600682,,2026-08-09 15:21:00,eta-v3.1,2026-08-09 16:20:04.683922,2026-08-09 15:50:51.800909,False,1.3266780333333335,46.536670449999995,29.21471688333333,23.347854583333334,29.863348483333333,-6.515493899999999,True,True,True,
O01534,C0586,R019,2026-08-13 18:25:00,2026-08-13 19:37:48.000000,delivered,low,clear,D046,D046,2026-08-13 18:25:55.595424,,2026-08-13 18:43:00,eta-v3.2,2026-08-13 19:40:54.942208,2026-08-13 18:52:06.533422,False,0.9265904,26.18229996666667,48.8068131,3.1157034666666665,9.108890366666666,-5.9931868999999995,True,False,True,
O01535,C0572,R035,2026-08-14 18:06:00,2026-08-14 19:11:04.834259,delivered,low,rain,D038,D038,2026-08-14 18:08:21.872693,,2026-08-14 18:24:00,eta-v3.2,2026-08-14 19:10:25.747669,2026-08-14 18:23:43.689310,False,2.364544883333333,15.363610283333333,46.700972650000004,-0.6514431666666667,-0.27184483333333337,-0.3795983333333333,False,False,True,
O01536,C0864,R007,2026-08-06 13:06:00,2026-08-06 14:21:36.000000,delivered,medium,clear,D037,D037,2026-08-06 13:06:16.000101,,2026-08-06 13:24:00,eta-v3.1,2026-08-06 14:09:50.611511,2026-08-06 13:20:42.516618,False,0.26666835,14.44194195,49.13491488333333,-11.756474816666667,-3.2913897000000003,-8.465085116666668,False,False,True,
O01537,C0897,R031,2026-08-08 18:43:00,2026-08-08 19:31:19.461357,delivered,high,clear,D097,D028,2026-08-08 18:44:25.823893,2026-08-08 18:50:00.141794,2026-08-08 19:01:00,eta-v3.2,2026-08-08 19:31:16.744504,2026-08-08 19:02:27.844697,True,1.4303982166666667,18.033680066666665,28.814996783333335,-0.045280883333333334,1.4640782833333332,-1.5093591666666666,False,False,True,
O01538,C0029,R011,2026-08-23 12:03:00,2026-08-23 13:09:42.413933,delivered,severe,rain,D037,D037,2026-08-23 12:16:13.895997,,2026-08-23 12:21:00,eta-v3.2,2026-08-23 13:11:45.025787,2026-08-23 12:28:31.813069,False,13.23159995,12.298617866666666,43.22021196666667,2.0435309,7.530217816666666,-5.486686916666667,True,False,True,
O01539,C0475,R031,2026-08-04 21:37:00,2026-08-04 22:34:29.382105,delivered,high,clear,D051,D051,2026-08-04 21:42:10.290893,,2026-08-04 21:55:00,eta-v3.1,2026-08-04 22:37:32.342575,2026-08-04 22:04:08.147459,False,5.171514883333333,21.9642761,33.40325193333334,3.0493411666666663,9.135790983333333,-6.086449816666667,True,False,True,
O01540,C0337,R049,2026-08-16 12:28:00,2026-08-16 13:43:36.000000,delivered,medium,clear,D055,D055,2026-08-16 12:40:16.914177,,2026-08-16 12:46:00,eta-v3.2,2026-08-16 14:03:16.076021,2026-08-16 13:14:07.685652,False,12.28190295,33.84619125,49.13983948333334,19.667933683333334,28.1280942,-8.460160516666665,True,True,True,
O01541,C0742,R055,2026-08-25 18:14:00,2026-08-25 19:39:24.000000,delivered,severe,clear,D108,D108,2026-08-25 18:19:35.361802,,2026-08-25 18:32:00,eta-v3.2,2026-08-25 19:48:05.176977,2026-08-25 18:39:43.861011,False,5.589363366666666,20.141653483333336,68.35526610000001,8.686282949999999,7.7310168500000005,0.9552660999999985,True,False,True,
O01542,C0282,R023,2026-08-22 19:45:00,2026-08-22 20:50:46.569732,delivered,high,clear,D035,D035,2026-08-22 19:51:04.175375,,2026-08-22 20:03:00,eta-v3.1,2026-08-22 21:16:40.180289,2026-08-22 20:27:30.505454,False,6.069589583333333,36.43883465,49.161247249999995,25.893509283333334,24.508424233333336,1.3850850499999972,True,True,True,
O01543,C0040,R009,2026-08-03 20:26:00,2026-08-03 21:45:48.000000,delivered,high,clear,D007,D007,2026-08-03 20:31:14.963797,,2026-08-03 20:44:00,eta-v3.2,2026-08-03 21:42:04.243886,2026-08-03 20:45:35.378691,False,5.249396616666667,14.340248233333334,56.48108658333333,-3.7292685666666667,1.58964485,-5.318913416666667,False,False,True,
O01544,C0224,R010,2026-08-11 17:36:00,2026-08-11 18:27:47.635799,delivered,medium,clear,D036,D043,2026-08-11 17:36:26.666147,2026-08-11 17:42:14.005300,2026-08-11 17:54:00,eta-v3.2,2026-08-11 18:41:23.005827,2026-08-11 18:20:09.420859,True,0.44443578333333333,43.712578533333335,21.22641613333333,13.589500466666667,26.157014316666668,-12.567513850000001,True,True,True,
O01545,C0121,R004,2026-08-25 17:11:00,2026-08-25 18:20:53.114818,delivered,high,clear,D071,D071,2026-08-25 17:15:43.540203,,2026-08-25 17:29:00,eta-v3.1,2026-08-25 18:17:26.929900,2026-08-25 17:36:22.027698,False,4.725670050000001,20.641458250000003,41.08170336666667,-3.4364153,7.3671283,-10.803543600000001,False,False,True,
O01546,C0267,R034,2026-08-13 20:43:00,2026-08-13 21:55:48.000000,delivered,low,clear,D006,D006,2026-08-13 20:59:04.321181,,2026-08-13 21:01:00,eta-v3.1,2026-08-13 21:37:53.258188,2026-08-13 20:59:23.605991,False,16.072019683333334,0.3214135,38.494203283333334,-17.912363533333334,-1.6065668166666667,-16.305796716666666,False,False,True,
O01547,C0877,R045,2026-08-13 19:54:00,2026-08-13 21:13:48.000000,delivered,high,clear,D021,D021,2026-08-13 19:59:03.235165,,2026-08-13 20:12:00,eta-v3.2,2026-08-13 21:14:42.343753,2026-08-13 20:21:13.952898,False,5.053919416666667,22.17862888333333,53.47318091666667,0.9057292166666666,9.2325483,-8.326819083333334,True,False,True,
O01548,C0197,R029,2026-08-04 12:34:00,2026-08-04 13:56:18.000000,delivered,high,rain,D073,D073,2026-08-04 12:35:50.923071,,2026-08-04 12:52:00,eta-v3.1,2026-08-04 13:56:49.725069,2026-08-04 12:56:41.097911,False,1.8487178499999999,20.836247333333333,60.14378596666666,0.5287511500000001,4.6849651833333334,-4.156214033333334,True,False,True,
O01549,C0896,R048,2026-08-21 20:54:00,2026-08-21 22:19:24.000000,delivered,severe,clear,D102,D102,2026-08-21 20:56:21.842561,,2026-08-21 21:12:00,eta-v3.2,2026-08-21 22:22:24.883708,2026-08-21 21:19:31.207437,False,2.364042683333333,23.156081266666668,62.89460451666666,3.014728466666667,7.52012395,-4.505395483333333,True,False,True,
O01550,C0623,R013,2026-08-14 12:38:00,2026-08-14 13:53:36.000000,delivered,medium,clear,D045,D045,2026-08-14 12:41:06.982418,,2026-08-14 12:56:00,eta-v3.1,2026-08-14 13:53:32.778640,2026-08-14 13:04:11.481132,False,3.116373633333333,23.07497856666667,49.354958466666666,-0.05368933333333333,8.1913522,-8.245041533333334,False,False,True,
O01551,C0238,R013,2026-08-27 11:04:00,2026-08-27 12:16:13.234686,delivered,medium,clear,D054,D054,2026-08-27 11:06:27.721001,,2026-08-27 11:22:00,eta-v3.1,2026-08-27 12:19:50.551895,2026-08-27 11:32:04.910559,False,2.4620166833333332,25.619825966666667,47.760688933333334,3.6219534833333333,10.08184265,-6.459889166666667,True,False,True,
O01552,C0377,R045,2026-08-16 19:33:00,2026-08-16 20:34:49.756964,delivered,medium,clear,D074,D074,2026-08-16 19:34:19.107384,,2026-08-16 19:51:00,eta-v3.2,2026-08-16 20:46:41.204452,2026-08-16 20:06:37.344129,False,1.3184563999999999,32.30394575,40.06433871666666,11.857458133333333,15.62240215,-3.764944016666666,True,True,True,
O01553,C0800,R037,2026-08-27 21:43:00,2026-08-27 22:56:37.922904,delivered,medium,clear,D108,D108,2026-08-27 21:43:01.751299,,2026-08-27 22:01:00,eta-v3.1,2026-08-27 22:45:28.533689,2026-08-27 21:58:38.195165,False,0.029188316666666665,15.607397766666667,46.838975399999995,-11.156486916666667,-2.3634139166666666,-8.793073,False,False,True,
O01554,C0183,R058,2026-08-03 21:44:00,2026-08-03 23:03:48.000000,delivered,high,clear,D030,D030,2026-08-03 21:49:27.810167,,2026-08-03 22:02:00,eta-v3.2,2026-08-03 23:12:36.986543,2026-08-03 22:15:39.542043,False,5.463502783333333,26.195531266666666,56.95740833333333,8.816442383333333,13.65903405,-4.842591666666667,True,False,True,
O01555,C0250,R034,2026-08-06 19:25:00,2026-08-06 20:44:48.000000,delivered,high,clear,D021,D021,2026-08-06 19:32:29.491723,,2026-08-06 19:43:00,eta-v3.1,2026-08-06 20:44:32.847943,2026-08-06 19:48:40.531540,False,7.491528716666666,16.18399695,55.87194005,-0.25253428333333333,5.675525666666667,-5.928059950000001,False,False,True,
O01556,C0707,R024,2026-08-20 15:57:00,2026-08-20 17:16:48.000000,delivered,high,clear,D076,D098,2026-08-20 15:57:34.166938,2026-08-20 16:02:34.199521,2026-08-20 16:15:00,eta-v3.2,2026-08-20 17:27:02.597770,2026-08-20 16:31:14.153921,True,0.5694489666666667,33.66644971666667,55.80739748333333,10.243296166666665,16.235898683333332,-5.9926025166666665,True,True,True,
O01557,C0377,R043,2026-08-20 21:44:00,2026-08-20 22:43:53.311218,delivered,low,clear,D039,D039,2026-08-20 21:46:12.138881,,2026-08-20 22:02:00,eta-v3.2,2026-08-20 22:43:51.877632,2026-08-20 22:14:42.693518,False,2.2023146833333334,28.50924395,29.153068566666665,-0.0238931,12.711558633333334,-12.735451733333335,False,False,True,
O01558,C0629,R026,2026-08-20 18:59:00,2026-08-20 20:14:36.000000,delivered,medium,clear,D093,D093,2026-08-20 19:05:45.406880,,2026-08-20 19:17:00,eta-v3.1,2026-08-20 20:07:22.343665,2026-08-20 19:20:50.818905,False,6.7567813333333335,15.090200416666667,46.52541266666666,-7.227605583333333,3.84698175,-11.074587333333334,False,False,True,
O01559,C0167,R051,2026-08-04 19:33:00,2026-08-04 20:34:29.491287,delivered,high,rain,D073,D073,2026-08-04 19:38:50.035431,,2026-08-04 19:51:00,eta-v3.1,2026-08-04 20:28:00.487754,2026-08-04 19:47:27.166948,False,5.833923850000001,8.618858616666667,40.555346766666666,-6.483392216666667,-3.5472175333333333,-2.9361746833333338,False,False,True,
O01560,C0334,R030,2026-08-10 16:10:00,2026-08-10 17:21:47.737712,delivered,medium,heavy_rain,D044,D044,2026-08-10 16:11:26.410263,,2026-08-10 16:28:00,eta-v3.2,2026-08-10 17:32:57.731586,2026-08-10 16:41:34.072106,False,1.44017105,30.127697383333334,51.39432466666666,11.166564566666667,13.567868433333333,-2.401303866666666,True,True,True,
O01561,C0621,R030,2026-08-03 12:47:00,2026-08-03 13:43:29.217384,delivered,medium,clear,D017,D017,2026-08-03 12:53:12.832754,,2026-08-03 13:05:00,eta-v3.1,2026-08-03 13:31:34.834473,2026-08-03 12:59:53.032141,False,6.2138792333333335,6.6699897833333335,31.696705533333333,-11.90638185,-5.116130983333333,-6.790250866666668,False,False,True,
O01562,C0090,R032,2026-08-15 11:19:00,2026-08-15 12:38:48.000000,delivered,high,clear,D024,D024,2026-08-15 11:20:10.390651,,2026-08-15 11:37:00,eta-v3.1,2026-08-15 12:24:47.324259,2026-08-15 11:32:54.566480,False,1.1731775166666667,12.736263816666668,51.87929631666667,-14.01126235,-4.0905586666666665,-9.920703683333334,False,False,True,
O01563,C0623,R030,2026-08-03 11:12:00,2026-08-03 12:27:36.000000,delivered,medium,clear,D056,D056,2026-08-03 11:14:37.351427,,2026-08-03 11:30:00,eta-v3.1,2026-08-03 12:25:41.336403,2026-08-03 11:36:47.648353,False,2.6225237833333335,22.171615433333333,48.894800833333335,-1.9110599499999998,6.794139216666666,-8.705199166666667,False,False,True,
O01564,C0262,R012,2026-08-25 13:22:00,2026-08-25 14:29:17.735647,delivered,medium,clear,D120,D120,2026-08-25 13:24:21.221631,,2026-08-25 13:40:00,eta-v3.1,2026-08-25 14:44:48.946947,2026-08-25 13:55:01.928084,False,2.35369385,30.678440883333334,49.783647716666664,15.520188333333333,15.032134733333333,0.48805360000000064,True,True,True,
O01565,C0671,R027,2026-08-21 21:18:00,2026-08-21 22:30:48.000000,delivered,low,clear,D006,D006,2026-08-21 21:29:08.315360,,2026-08-21 21:36:00,eta-v3.1,2026-08-21 22:28:48.782785,2026-08-21 21:38:15.050677,False,11.138589333333334,9.112255283333333,50.562201800000004,-1.9869535833333332,2.250844616666667,-4.2377982,False,False,True,
O01566,C0423,R045,2026-08-13 17:39:00,2026-08-13 18:35:34.558700,delivered,medium,clear,D114,D114,2026-08-13 17:46:10.512742,,2026-08-13 17:57:00,eta-v3.1,2026-08-13 18:37:25.530881,2026-08-13 18:05:15.088899,False,7.175212366666667,19.076269283333332,32.17403303333334,1.8495363500000002,8.25148165,-6.4019453,True,False,True,
O01567,C0298,R011,2026-08-07 17:53:00,2026-08-07 18:58:35.631297,delivered,low,rain,D101,D101,2026-08-07 17:55:41.038383,,2026-08-07 18:11:00,eta-v3.2,2026-08-07 18:50:55.304325,2026-08-07 18:08:51.488534,False,2.68397305,13.174169183333333,42.063596516666664,-7.6721162000000005,-2.141857766666667,-5.530258433333334,False,False,True,
O01568,C0437,R053,2026-08-28 23:18:00,2026-08-29 00:33:10.383310,cancelled,medium,clear,D057,D057,2026-08-28 23:19:05.743500,,2026-08-28 23:36:00,eta-v3.1,,,False,1.095725,,,,,,False,False,False,cancelled
O01569,C0516,R014,2026-08-01 11:37:00,2026-08-01 12:56:48.000000,delivered,high,clear,D038,D038,2026-08-01 11:42:18.899000,,2026-08-01 11:55:00,eta-v3.2,2026-08-01 13:08:40.232808,2026-08-01 12:15:44.337235,False,5.314983333333333,33.423970583333336,52.93159288333333,11.8705468,20.738953916666667,-8.868407116666667,True,True,True,
O01570,C0814,R042,2026-08-23 12:44:00,2026-08-23 14:03:48.000000,delivered,high,clear,D120,D120,2026-08-23 12:46:11.732406,,2026-08-23 13:02:00,eta-v3.2,2026-08-23 13:59:30.921383,2026-08-23 13:04:21.665997,False,2.1955401,18.16555985,55.15425643333333,-4.284643616666667,2.3610999500000003,-6.645743566666667,False,False,True,
O01571,C0536,R036,2026-08-26 18:50:00,2026-08-26 20:08:34.955592,delivered,severe,clear,D118,D118,2026-08-26 18:51:05.326792,,2026-08-26 19:08:00,eta-v3.2,2026-08-26 20:20:58.034174,2026-08-26 19:27:01.883230,False,1.0887798666666666,35.9426073,53.93584906666667,12.384643033333333,19.031387166666665,-6.646744133333332,True,True,True,
O01572,C0549,R033,2026-08-04 17:42:00,2026-08-04 18:51:01.093396,delivered,medium,clear,D010,D010,2026-08-04 17:43:24.630739,,2026-08-04 18:00:00,eta-v3.2,2026-08-04 18:46:48.905710,2026-08-04 18:01:45.580285,False,1.4105123166666667,18.3491591,45.05542375,-4.2031281,1.7596714166666667,-5.962799516666666,False,False,True,
O01573,C0158,R037,2026-08-01 19:50:00,2026-08-01 21:08:06.000000,delivered,medium,rain,D101,D101,2026-08-01 19:58:33.381617,,2026-08-01 20:08:00,eta-v3.2,2026-08-01 21:11:31.636230,2026-08-01 20:13:21.912803,False,8.556360283333333,14.8088531,58.162057116666666,3.4272705,5.365213383333333,-1.9379428833333328,True,False,True,
O01574,C0771,R044,2026-08-15 12:02:00,2026-08-15 13:17:05.182840,delivered,high,clear,D060,D060,2026-08-15 12:24:20.054532,,2026-08-15 12:20:00,eta-v3.2,2026-08-15 13:17:46.331827,2026-08-15 12:27:20.781768,False,22.334242200000002,3.0121206000000003,50.425834316666666,0.68581645,7.3463628,-6.66054635,True,False,True,
O01575,C0035,R015,2026-08-26 12:26:00,2026-08-26 13:25:15.073311,delivered,high,clear,D079,D079,2026-08-26 12:26:03.262395,,2026-08-26 12:44:00,eta-v3.1,2026-08-26 13:28:56.267614,2026-08-26 12:52:30.115635,False,0.054373250000000005,26.447554,36.43586631666667,3.6865717166666667,8.50192725,-4.815355533333333,True,False,True,
O01576,C0594,R006,2026-08-27 12:49:00,2026-08-27 13:35:55.413210,delivered,low,clear,D083,D083,2026-08-27 12:51:12.762471,,2026-08-27 13:07:00,eta-v3.1,2026-08-27 13:24:58.045191,2026-08-27 13:06:39.898873,False,2.21270785,15.452273366666667,18.302438633333335,-10.95613365,-0.33501878333333335,-10.621114866666666,False,False,True,
O01577,C0540,R015,2026-08-23 18:22:00,2026-08-23 19:37:36.000000,delivered,medium,clear,D116,D116,2026-08-23 18:38:09.403946,,2026-08-23 18:40:00,eta-v3.1,2026-08-23 19:48:57.129079,2026-08-23 19:01:06.693809,False,16.156732433333335,22.95483105,47.84058783333333,11.352151316666667,21.111563483333335,-9.759412166666667,True,True,True,
O01578,C0774,R051,2026-08-13 20:45:00,2026-08-13 22:00:36.000000,delivered,medium,clear,D105,D105,2026-08-13 20:45:30.867337,,2026-08-13 21:03:00,eta-v3.1,2026-08-13 22:23:21.314299,2026-08-13 21:35:39.427046,False,0.5144556166666666,50.14266181666667,47.69812088333333,22.755238316666667,32.65711743333333,-9.901879116666667,True,True,True,
O01579,C0241,R042,2026-08-28 17:29:00,2026-08-28 18:39:52.700056,delivered,high,clear,D025,D025,2026-08-28 17:30:12.614236,,2026-08-28 17:47:00,eta-v3.1,2026-08-28 18:48:59.592502,2026-08-28 17:58:36.547981,False,1.2102372666666668,28.39889575,50.384075349999996,9.1148741,11.609133016666668,-2.494258916666668,True,False,True,
O01580,C0300,R046,2026-08-09 19:41:00,2026-08-09 20:43:09.714539,delivered,medium,clear,D076,D076,2026-08-09 19:42:38.477828,,2026-08-09 19:59:00,eta-v3.2,2026-08-09 20:29:49.431196,2026-08-09 19:55:17.591023,False,1.6412971333333333,12.651886583333333,34.53066955,-13.338055716666666,-3.706816283333333,-9.631239433333333,False,False,True,
O01581,C0750,R002,2026-08-16 17:26:00,2026-08-16 18:41:36.000000,delivered,medium,clear,D067,D067,2026-08-16 17:26:52.109669,,2026-08-16 17:44:00,eta-v3.1,2026-08-16 18:40:02.650212,2026-08-16 17:49:29.479028,False,0.8684944833333332,22.62282265,50.552853066666664,-1.5558298000000002,5.491317133333334,-7.047146933333334,False,False,True,
O01582,C0250,R014,2026-08-21 20:03:00,2026-08-21 21:22:48.000000,delivered,high,clear,D018,D018,2026-08-21 20:03:13.919706,,2026-08-21 20:21:00,eta-v3.2,2026-08-21 21:32:50.730330,2026-08-21 20:40:58.162365,False,0.23199509999999998,37.73737765,51.876132750000004,10.045505499999999,19.969372749999998,-9.923867249999999,True,True,True,
O01583,C0462,R026,2026-08-08 18:51:00,2026-08-08 20:06:36.000000,delivered,medium,clear,D059,D059,2026-08-08 18:52:25.962111,,2026-08-08 19:09:00,eta-v3.2,2026-08-08 20:08:07.410283,2026-08-08 19:16:32.910034,False,1.43270185,24.115798716666667,51.575004150000005,1.5235047166666669,7.548500566666666,-6.02499585,True,False,True,
O01584,C0313,R020,2026-08-22 20:55:00,2026-08-22 22:17:19.778068,delivered,severe,clear,D087,D087,2026-08-22 20:55:03.502328,,2026-08-22 21:13:00,eta-v3.2,2026-08-22 22:42:19.744790,2026-08-22 21:40:16.740107,False,0.05837213333333333,45.22062965,62.05007805,24.999445366666667,27.279001783333335,-2.2795564166666686,True,True,True,
O01585,C0392,R018,2026-08-20 18:37:00,2026-08-20 19:45:12.539414,delivered,high,rain,D007,D007,2026-08-20 18:40:49.915101,,2026-08-20 18:55:00,eta-v3.2,2026-08-20 19:58:00.061501,2026-08-20 19:11:22.880055,False,3.83191835,30.5494159,46.619690766666665,12.792034783333333,16.38133425,-3.589299466666665,True,True,True,
O01586,C0377,R010,2026-08-14 22:32:00,2026-08-14 23:51:48.000000,delivered,high,clear,D014,D014,2026-08-14 22:33:59.020782,,2026-08-14 22:50:00,eta-v3.2,2026-08-15 00:00:00.431674,2026-08-14 23:03:57.783988,False,1.9836797,29.979386766666668,56.044128099999995,8.207194566666667,13.963066466666668,-5.755871900000001,True,False,True,
O01587,C0775,R033,2026-08-12 17:38:00,2026-08-12 18:53:36.000000,delivered,medium,clear,D024,D036,2026-08-12 17:38:11.777501,2026-08-12 17:44:12.963150,2026-08-12 17:56:00,eta-v3.1,2026-08-12 19:18:25.040774,2026-08-12 18:32:41.991070,True,0.19629168333333336,54.50355948333333,45.717495066666665,24.817346233333335,36.69985116666667,-11.882504933333333,True,True,True,
O01588,C0239,R050,2026-08-20 18:11:00,2026-08-20 19:12:42.427956,delivered,severe,clear,D036,D036,2026-08-20 18:14:08.092111,,2026-08-20 18:29:00,eta-v3.2,2026-08-20 19:21:53.043723,2026-08-20 18:41:54.777268,False,3.1348685166666663,27.778085949999998,39.971107583333335,9.17692945,12.912954466666667,-3.7360250166666678,True,False,True,
O01589,C0434,R029,2026-08-15 20:32:00,2026-08-15 21:41:47.106838,delivered,medium,clear,D024,D024,2026-08-15 20:32:11.590459,,2026-08-15 20:50:00,eta-v3.2,2026-08-15 21:36:36.924498,2026-08-15 20:55:54.826645,False,0.19317431666666665,23.7206031,40.70163088333334,-5.169705666666667,5.913777416666666,-11.083483083333334,False,False,True,
O01590,C0232,R030,2026-08-21 14:22:00,2026-08-21 15:31:39.953893,delivered,severe,clear,D017,D017,2026-08-21 14:26:28.176415,,2026-08-21 14:40:00,eta-v3.2,2026-08-21 15:44:57.442794,2026-08-21 14:54:12.137020,False,4.469606916666667,27.73267675,50.75509623333333,13.291481683333334,14.202283666666666,-0.9108019833333323,True,True,True,
O01591,C0261,R023,2026-08-12 12:43:00,2026-08-12 13:55:48.000000,delivered,low,clear,D112,D112,2026-08-12 12:53:12.337753,,2026-08-12 13:01:00,eta-v3.1,2026-08-12 13:45:10.919946,2026-08-12 13:01:43.015486,False,10.205629216666667,8.51129555,43.465074333333334,-10.6180009,0.7169247666666667,-11.334925666666667,False,False,True,
O01592,C0220,R032,2026-08-11 21:51:00,2026-08-11 23:13:18.000000,delivered,high,rain,D094,D094,2026-08-11 21:54:59.197790,,2026-08-11 22:09:00,eta-v3.2,2026-08-11 23:17:27.164143,2026-08-11 22:19:11.486202,False,3.986629833333333,24.20480686666667,58.26129901666666,4.152735716666666,10.1914367,-6.038700983333334,True,False,True,
O01593,C0171,R025,2026-08-20 13:34:00,2026-08-20 14:49:18.000000,delivered,low,rain,D072,D072,2026-08-20 13:35:11.747091,,2026-08-20 13:52:00,eta-v3.1,2026-08-20 14:49:06.735973,2026-08-20 13:58:26.204372,False,1.19578485,23.24095468333333,50.67552668333334,-0.18773378333333335,6.436739533333333,-6.624473316666666,False,False,True,
O01594,C0098,R024,2026-08-13 13:08:00,2026-08-13 14:33:48.000000,delivered,high,heavy_rain,D011,D011,2026-08-13 13:11:33.030247,,2026-08-13 13:26:00,eta-v3.2,2026-08-13 14:54:21.243839,2026-08-13 13:45:33.365926,False,3.5505041166666667,34.00559465,68.79796521666667,20.554063983333332,19.556098766666665,0.9979652166666675,True,True,True,
O01595,C0305,R011,2026-08-24 22:11:00,2026-08-24 23:23:48.000000,delivered,low,clear,D045,D045,2026-08-24 22:14:58.091895,,2026-08-24 22:29:00,eta-v3.1,2026-08-24 23:19:19.282836,2026-08-24 22:31:08.027350,False,3.96819825,16.165590916666666,48.18759143333333,-4.4786194,2.133789166666667,-6.612408566666668,False,False,True,
O01596,C0349,R041,2026-08-12 13:03:00,2026-08-12 14:28:24.000000,cancelled,severe,clear,D101,D101,2026-08-12 13:03:12.888012,,2026-08-12 13:21:00,eta-v3.1,,,False,0.2148002,,,,,,False,False,False,cancelled
O01597,C0174,R030,2026-08-22 19:57:00,2026-08-22 21:15:48.000000,delivered,low,heavy_rain,D070,D070,2026-08-22 19:57:07.461222,,2026-08-22 20:15:00,eta-v3.2,2026-08-22 21:12:07.487728,2026-08-22 20:11:11.035912,False,0.1243537,14.059578166666666,60.94086359999999,-3.6752045333333334,-3.8160681333333333,0.14086359999999987,False,False,True,
O01598,C0286,R048,2026-08-18 20:11:00,2026-08-18 21:26:36.000000,delivered,medium,clear,D063,D063,2026-08-18 20:17:02.952886,,2026-08-18 20:29:00,eta-v3.2,2026-08-18 21:22:02.516000,2026-08-18 20:31:26.758603,False,6.049214766666666,14.39676195,50.59595661666666,-4.558066666666666,2.4459767166666664,-7.004043383333332,False,False,True,
O01599,C0191,R048,2026-08-26 12:26:00,2026-08-26 13:31:50.885314,delivered,severe,rain,D116,D081,2026-08-26 12:36:20.532821,2026-08-26 12:43:37.110088,2026-08-26 12:44:00,eta-v3.1,2026-08-26 13:40:06.434639,2026-08-26 12:55:31.571858,True,10.342213683333334,19.183983950000002,44.581046349999994,8.259155416666667,11.526197633333334,-3.267042216666667,True,False,True,
O01600,C0107,R037,2026-08-27 18:08:00,2026-08-27 19:11:25.681985,delivered,low,clear,D104,D104,2026-08-27 18:09:56.489239,,2026-08-27 18:26:00,eta-v3.2,2026-08-27 19:08:53.947760,2026-08-27 18:27:44.339018,False,1.9414873166666666,17.797496316666663,41.1601457,-2.52890375,1.7389836333333333,-4.267887383333333,False,False,True,
