order_id,customer_id,restaurant_id,driver_id,city,created_at,promised_eta,pickup_at,actual_delivery_at,final_status,distance_km_estimate,traffic_bucket,weather_bucket
O00001,C0168,R009,D103,Bengaluru,2026-08-13T12:56:00,2026-08-13T14:11:36,2026-08-13T13:35:49.825561,2026-08-13T14:22:25.035899,delivered,18.0,medium,clear
O00002,C0043,R018,D083,Bengaluru,2026-08-01T18:36:00,2026-08-01T19:43:16.627988,2026-08-01T18:58:24.735336,2026-08-01T19:47:14.818533,delivered,9.37,severe,clear
O00003,C0855,R010,D039,Bengaluru,2026-08-01T19:35:00,2026-08-01T20:17:52.941967,2026-08-01T19:57:50.820366,2026-08-01T20:13:28.061191,delivered,2.42,medium,clear
O00004,C0229,R030,D038,Bengaluru,2026-08-09T18:16:00,2026-08-09T19:30:19.067006,2026-08-09T18:46:48.725485,,cancelled,14.2,high,rain
O00005,C0040,R004,D047,Bengaluru,2026-08-06T20:35:00,2026-08-06T21:54:48,2026-08-06T21:18:38.024280,2026-08-06T22:15:49.290713,delivered,18.0,high,clear
O00006,C0152,R052,D120,Bengaluru,2026-08-26T23:02:00,2026-08-26T23:58:18.214888,2026-08-26T23:31:33.631520,2026-08-27T00:05:36.182189,delivered,6.81,high,clear
O00007,C0875,R021,D094,Bengaluru,2026-08-14T11:47:00,2026-08-14T13:14:54,2026-08-14T12:06:06.040105,2026-08-14T13:19:10.066680,delivered,18.0,severe,rain
O00008,C0223,R010,D031,Bengaluru,2026-08-27T22:22:00,2026-08-27T23:40:06,2026-08-27T23:11:00.536098,2026-08-28T00:06:57.494136,delivered,18.0,medium,rain
O00009,C0685,R053,D078,Bengaluru,2026-08-09T13:16:00,2026-08-09T14:21:32.383307,2026-08-09T13:48:11.662156,2026-08-09T14:22:13.491008,delivered,14.54,low,clear
O00010,C0530,R006,D082,Bengaluru,2026-08-22T13:27:00,2026-08-22T14:28:13.625987,2026-08-22T13:51:04.636196,2026-08-22T14:22:26.150344,delivered,12.49,low,clear
O00011,C0709,R048,D007,Bengaluru,2026-08-13T19:57:00,2026-08-13T20:47:19.733166,2026-08-13T20:25:14.921540,2026-08-13T20:51:14.432682,delivered,7.3,low,clear
O00012,C0366,R008,D094,Bengaluru,2026-08-22T12:32:00,2026-08-22T13:25:02.757323,2026-08-22T13:23:21.406966,2026-08-22T13:55:10.513418,delivered,5.26,high,clear
O00013,C0317,R055,D098,Bengaluru,2026-08-23T19:31:00,2026-08-23T20:38:21.808411,2026-08-23T19:56:41.741882,2026-08-23T20:34:57.522531,delivered,14.08,medium,clear
O00014,C0542,R052,D005,Bengaluru,2026-08-22T18:35:00,2026-08-22T19:56:36,2026-08-22T18:59:38.422208,2026-08-22T20:01:42.256596,delivered,18.0,medium,heavy_rain
O00015,C0578,R035,D014,Bengaluru,2026-08-16T19:17:00,2026-08-16T20:32:36,2026-08-16T19:44:32.256723,2026-08-16T20:36:53.095103,delivered,18.0,medium,clear
O00016,C0326,R028,D102,Bengaluru,2026-08-14T12:53:00,2026-08-14T14:11:06,2026-08-14T13:21:47.806363,2026-08-14T14:13:35.547689,delivered,18.0,medium,rain
O00017,C0270,R001,D028,Bengaluru,2026-08-24T20:51:00,2026-08-24T21:57:35.299563,2026-08-24T21:13:50.967069,,cancelled,13.71,medium,clear
O00018,C0886,R051,D095,Bengaluru,2026-08-24T13:29:00,2026-08-24T15:00:24,2026-08-24T13:49:52.409699,2026-08-24T15:09:50.026151,delivered,18.0,severe,heavy_rain
O00019,C0357,R006,D016,Bengaluru,2026-08-13T15:53:00,2026-08-13T16:38:01.926141,2026-08-13T16:21:28.629470,2026-08-13T16:42:01.993336,delivered,2.25,medium,rain
O00020,C0384,R037,D036,Bengaluru,2026-08-07T21:39:00,2026-08-07T22:32:52.179324,2026-08-07T22:08:05.978241,2026-08-07T22:40:46.404645,delivered,8.99,low,clear
O00021,C0090,R010,D034,Bengaluru,2026-08-10T12:01:00,2026-08-10T13:26:24,2026-08-10T12:13:20.502684,2026-08-10T13:18:22.060190,delivered,18.0,severe,clear
O00022,C0189,R047,D055,Bengaluru,2026-08-26T11:34:00,2026-08-26T12:41:50.989599,2026-08-26T11:59:18.389455,2026-08-26T12:38:45.059668,delivered,14.31,medium,clear
O00023,C0129,R050,D028,Bengaluru,2026-08-26T22:49:00,2026-08-26T23:41:18.130365,2026-08-26T23:06:00.277655,2026-08-26T23:36:12.854112,delivered,6.91,medium,clear
O00024,C0677,R011,D049,Bengaluru,2026-08-16T14:51:00,2026-08-16T15:49:04.387462,2026-08-16T15:17:20.724084,2026-08-16T15:53:03.503851,delivered,9.65,medium,clear
O00025,C0886,R023,D039,Bengaluru,2026-08-01T12:14:00,2026-08-01T13:29:36,2026-08-01T12:29:31.152542,2026-08-01T13:20:06.003033,delivered,18.0,medium,clear
O00026,C0387,R010,D078,Bengaluru,2026-08-18T22:44:00,2026-08-18T23:56:48,2026-08-18T22:55:15.444652,2026-08-18T23:41:17.389921,delivered,18.0,low,clear
O00027,C0253,R026,D053,Bengaluru,2026-08-09T11:03:00,2026-08-09T12:18:36,2026-08-09T11:46:29.978834,2026-08-09T12:39:24.323714,delivered,18.0,medium,clear
O00028,C0466,R054,D058,Bengaluru,2026-08-04T20:25:00,2026-08-04T21:40:36,2026-08-04T20:39:01.022116,2026-08-04T21:26:49.720910,delivered,18.0,medium,clear
O00029,C0808,R052,D023,Bengaluru,2026-08-15T16:37:00,2026-08-15T18:02:24,2026-08-15T17:00:48.040905,2026-08-15T18:04:48.522886,delivered,18.0,severe,clear
O00030,C0409,R005,D120,Bengaluru,2026-08-03T13:26:00,2026-08-03T14:41:36,2026-08-03T13:51:40.389650,2026-08-03T14:39:02.098618,delivered,18.0,medium,clear
O00031,C0128,R039,D017,Bengaluru,2026-08-09T20:04:00,2026-08-09T20:59:54.084176,2026-08-09T20:33:38.793988,2026-08-09T21:01:36.190772,delivered,8.76,low,rain
O00032,C0392,R013,D027,Bengaluru,2026-08-14T20:38:00,2026-08-14T21:19:53.738003,2026-08-14T21:07:09.676879,2026-08-14T21:18:38.840632,delivered,1.95,medium,clear
O00033,C0536,R024,D118,Bengaluru,2026-08-06T23:27:00,2026-08-07T00:46:48,2026-08-07T00:09:18.107741,2026-08-07T01:01:07.342758,delivered,18.0,high,clear
O00034,C0356,R028,D035,Bengaluru,2026-08-25T17:32:00,2026-08-25T18:39:32.450377,2026-08-25T17:56:21.860118,2026-08-25T18:39:08.259091,delivered,12.16,high,clear
O00035,C0386,R050,D113,Bengaluru,2026-08-10T18:44:00,2026-08-10T19:26:13.163221,2026-08-10T19:12:19.400185,2026-08-10T19:27:44.429504,delivered,2.1,medium,clear
O00036,C0495,R025,D082,Bengaluru,2026-08-23T16:45:00,2026-08-23T17:56:06.187144,2026-08-23T17:04:53.954518,2026-08-23T17:53:16.280620,delivered,14.67,medium,rain
O00037,C0346,R023,D076,Bengaluru,2026-08-09T20:18:00,2026-08-09T21:40:18,2026-08-09T20:50:48.474029,2026-08-09T21:55:45.135763,delivered,18.0,high,rain
O00038,C0375,R041,D050,Bengaluru,2026-08-08T21:26:00,2026-08-08T22:38:48,2026-08-08T21:48:05.008508,2026-08-08T22:35:35.238022,delivered,18.0,low,clear
O00039,C0266,R051,D037,Bengaluru,2026-08-11T21:55:00,2026-08-11T23:03:45.760272,2026-08-11T22:27:09.021609,2026-08-11T23:09:25.053883,delivered,12.74,high,clear
O00040,C0374,R012,D035,Bengaluru,2026-08-11T19:56:00,2026-08-11T20:50:06.147184,2026-08-11T20:40:03.749918,2026-08-11T21:15:39.373978,delivered,4.57,high,rain
O00041,C0008,R028,D098,Bengaluru,2026-08-01T11:50:00,2026-08-01T13:02:48,2026-08-01T12:20:10.069906,2026-08-01T13:08:11.752741,delivered,18.0,low,clear
O00042,C0862,R025,D041,Bengaluru,2026-08-09T18:42:00,2026-08-09T19:28:40.298913,2026-08-09T19:07:01.883678,2026-08-09T19:34:20.331287,delivered,4.37,low,rain
O00043,C0405,R008,D102,Bengaluru,2026-08-04T14:36:00,2026-08-04T15:47:08.390718,2026-08-04T15:24:49.846453,,delivered,15.88,medium,clear
O00044,C0644,R006,D080,Bengaluru,2026-08-08T19:39:00,2026-08-08T20:44:05.343184,2026-08-08T20:09:43.232668,2026-08-08T20:50:55.989452,delivered,12.99,medium,clear
O00045,C0306,R038,D020,Bengaluru,2026-08-14T13:08:00,2026-08-14T14:30:18,2026-08-14T13:29:04.252494,2026-08-14T14:35:01.740517,delivered,18.0,high,rain
O00046,C0828,R048,D034,Bengaluru,2026-08-05T20:14:00,2026-08-05T21:05:50.477087,2026-08-05T20:29:13.634840,2026-08-05T20:51:44.881147,delivered,4.69,high,clear
O00047,C0285,R011,D111,Bengaluru,2026-08-22T15:24:00,2026-08-22T16:45:39.750546,2026-08-22T16:15:40.868551,2026-08-22T17:13:46.468098,delivered,17.7,high,rain
O00048,C0675,R044,D039,Bengaluru,2026-08-10T23:07:00,2026-08-11T00:01:58.798201,2026-08-10T23:53:00.424638,2026-08-11T00:20:25.937903,delivered,8.32,low,rain
O00049,C0544,R025,D042,Bengaluru,2026-08-09T11:23:00,2026-08-09T12:04:23.146170,2026-08-09T11:50:43.930186,2026-08-09T12:06:08.285589,delivered,3.04,low,clear
O00050,C0116,R036,D070,Bengaluru,2026-08-22T14:40:00,2026-08-22T15:33:47.676881,2026-08-22T15:11:29.011983,2026-08-22T15:36:07.615519,delivered,7.62,medium,clear
O00051,C0875,R039,D058,Bengaluru,2026-08-01T15:09:00,2026-08-01T16:28:30.928528,2026-08-01T16:24:51.495665,2026-08-01T16:19:51.495665,delivered,15.2,severe,clear
O00052,C0610,R055,D086,Bengaluru,2026-08-24T17:07:00,2026-08-24T18:26:48,2026-08-24T18:16:16.946011,2026-08-24T18:11:16.946011,delivered,18.0,high,clear
O00053,C0797,R030,D028,Bengaluru,2026-08-13T17:06:00,2026-08-13T17:58:50.809718,2026-08-13T18:25:53.797613,2026-08-13T18:20:53.797613,delivered,5.97,medium,rain
O00054,C0270,R002,D113,Bengaluru,2026-08-28T19:56:00,2026-08-28T21:15:48,2026-08-28T21:25:10.582862,2026-08-28T21:20:10.582862,delivered,18.0,high,clear
O00055,C0511,R049,D030,Bengaluru,2026-08-16T12:53:00,2026-08-16T14:05:48,2026-08-16T14:08:05.645770,2026-08-16T14:03:05.645770,delivered,18.0,low,clear
O00056,C0321,R022,D087,Bengaluru,2026-08-10T19:22:00,2026-08-10T20:30:21.288843,2026-08-10T19:40:53.826897,2026-08-10T20:27:29.150791,delivered,15.88,low,clear
O00057,C0097,R006,D018,Bengaluru,2026-08-27T19:43:00,2026-08-27T20:59:09.428116,2026-08-27T20:05:29.848536,2026-08-27T20:56:43.749750,delivered,16.27,high,clear
O00058,C0604,R030,D007,Bengaluru,2026-08-05T20:01:00,2026-08-05T21:06:02.914275,2026-08-05T20:32:28.460434,2026-08-05T21:08:44.647933,delivered,14.31,low,clear
O00059,C0242,R018,D024,Bengaluru,2026-08-09T18:27:00,2026-08-09T19:23:43.716443,2026-08-09T18:46:59.607808,2026-08-09T19:12:16.937862,delivered,9.01,medium,clear
O00060,C0210,R038,D023,Bengaluru,2026-08-10T22:49:00,2026-08-10T23:58:41.838166,2026-08-10T23:32:03.056253,2026-08-11T00:10:51.404067,delivered,16.52,low,clear
O00061,C0352,R036,D043,Bengaluru,2026-08-03T21:36:00,2026-08-03T22:41:14.315041,2026-08-03T21:49:32.897292,2026-08-03T22:29:14.636022,delivered,13.07,medium,clear
O00062,C0243,R020,D088,Bengaluru,2026-08-17T12:55:00,2026-08-17T14:01:37.407879,2026-08-17T13:22:19.852864,2026-08-17T14:00:44.168583,delivered,13.73,medium,clear
O00063,C0427,R040,D103,Bengaluru,2026-08-20T13:48:00,2026-08-20T15:07:48,2026-08-20T14:07:56.067127,2026-08-20T14:59:23.320672,delivered,18.0,high,clear
O00064,C0265,R002,D032,Bengaluru,2026-08-09T19:22:00,2026-08-09T20:29:56.928762,2026-08-09T20:20:33.032412,2026-08-09T21:05:34.486949,delivered,14.36,medium,clear
O00065,C0553,R019,D065,Bengaluru,2026-08-21T13:38:00,2026-08-21T14:53:36,2026-08-21T14:11:07.263020,2026-08-21T15:02:05.311675,delivered,18.0,medium,clear
O00066,C0479,R002,D086,Bengaluru,2026-08-13T17:21:00,2026-08-13T18:40:48,2026-08-13T17:41:22.556953,2026-08-13T18:41:27.984968,delivered,18.0,high,clear
O00067,C0684,R033,D006,Bengaluru,2026-08-12T16:41:00,2026-08-12T18:00:48,2026-08-12T17:13:14.803034,2026-08-12T18:07:40.488736,delivered,18.0,high,clear
O00068,C0359,R058,D003,Bengaluru,2026-08-12T11:19:00,2026-08-12T12:31:48,2026-08-12T11:44:36.650431,2026-08-12T12:30:32.618666,delivered,18.0,low,clear
O00069,C0341,R025,D036,Bengaluru,2026-08-20T13:24:00,2026-08-20T14:34:38.988329,2026-08-20T13:51:08.059244,2026-08-20T14:33:18.505133,delivered,16.98,low,clear
O00070,C0304,R056,D021,Bengaluru,2026-08-26T20:57:00,2026-08-26T22:16:48,2026-08-26T21:07:28.452409,2026-08-26T21:58:51.688833,delivered,18.0,high,clear
O00071,C0391,R042,D092,Bengaluru,2026-08-21T18:23:00,2026-08-21T19:38:00.964322,2026-08-21T18:56:42.768236,2026-08-21T19:49:45.210065,delivered,17.72,medium,clear
O00072,C0499,R016,D088,Bengaluru,2026-08-15T21:59:00,2026-08-15T22:55:17.692598,2026-08-15T22:28:48.467550,2026-08-15T23:02:38.501816,delivered,10.14,low,clear
O00073,C0750,R050,D070,Bengaluru,2026-08-27T13:45:00,2026-08-27T14:43:58.916284,2026-08-27T14:21:59.206034,2026-08-27T14:57:32.152522,delivered,10.09,medium,clear
O00074,C0492,R041,D089,Bengaluru,2026-08-20T18:07:00,2026-08-20T19:26:48,2026-08-20T18:34:00.420270,2026-08-20T19:34:23.133807,delivered,18.0,high,clear
O00075,C0055,R033,D035,Bengaluru,2026-08-17T23:04:00,2026-08-18T00:29:24,2026-08-17T23:34:16.214030,,cancelled,18.0,severe,clear
O00076,C0876,R012,D041,Bengaluru,2026-08-21T17:23:00,2026-08-21T18:38:36,2026-08-21T17:50:53.912802,2026-08-21T18:41:37.819229,delivered,18.0,medium,clear
O00077,C0157,R053,D108,Bengaluru,2026-08-15T23:30:00,2026-08-16T00:35:21.487268,2026-08-16T00:18:41.900236,2026-08-16T01:01:54.139242,delivered,9.93,high,rain
O00078,C0633,R027,D055,Bengaluru,2026-08-25T19:18:00,2026-08-25T20:36:06,2026-08-25T19:38:13.247574,2026-08-25T20:30:57.518398,delivered,18.0,medium,rain
O00079,C0387,R024,D078,Bengaluru,2026-08-09T20:46:00,2026-08-09T22:01:36,2026-08-09T21:08:46.629720,2026-08-09T22:03:08.100826,delivered,18.0,medium,clear
O00080,C0229,R029,D037,Bengaluru,2026-08-20T23:17:00,2026-08-21T00:39:18,2026-08-21T00:04:18.199111,2026-08-21T01:01:48.459960,delivered,18.0,high,rain
O00081,C0581,R037,D004,Bengaluru,2026-08-19T11:09:00,2026-08-19T12:31:18,2026-08-19T11:26:02.999481,2026-08-19T12:24:09.886909,delivered,18.0,high,rain
O00082,C0366,R060,D029,Bengaluru,2026-08-17T17:35:00,2026-08-17T18:22:00.755721,2026-08-17T17:51:55.830854,2026-08-17T18:13:47.804039,delivered,5.72,low,clear
O00083,C0404,R021,D061,Bengaluru,2026-08-15T23:51:00,2026-08-16T01:13:18,2026-08-16T00:13:07.414442,2026-08-16T01:15:40.179224,delivered,18.0,high,rain
O00084,C0242,R004,D008,Bengaluru,2026-08-07T20:15:00,2026-08-07T21:34:48,2026-08-07T20:31:38.288560,2026-08-07T21:27:14.338789,delivered,18.0,high,clear
O00085,C0219,R009,D037,Bengaluru,2026-08-03T12:20:00,2026-08-03T13:39:48,2026-08-03T12:44:22.694982,2026-08-03T13:39:23.274303,delivered,18.0,high,clear
O00086,C0011,R042,D108,Bengaluru,2026-08-04T18:19:00,2026-08-04T19:31:48,2026-08-04T18:43:02.980015,2026-08-04T19:30:47.013099,delivered,18.0,low,clear
O00087,C0249,R016,D032,Bengaluru,2026-08-06T19:37:00,2026-08-06T20:49:48,2026-08-06T19:55:57.983013,2026-08-06T20:41:02.048528,delivered,18.0,low,clear
O00088,C0077,R034,D032,Bengaluru,2026-08-16T21:34:00,2026-08-16T22:55:36,2026-08-16T21:51:36.170791,2026-08-16T22:55:19.466837,delivered,18.0,medium,heavy_rain
O00089,C0341,R002,D016,Bengaluru,2026-08-24T23:22:00,2026-08-25T00:45:37.010931,2026-08-24T23:51:10.776789,2026-08-25T00:56:28.164196,delivered,17.15,severe,clear
O00090,C0435,R039,D106,Bengaluru,2026-08-20T17:55:00,2026-08-20T19:17:18,2026-08-20T18:31:29.635751,2026-08-20T19:37:33.495349,delivered,18.0,high,rain
O00091,C0567,R026,D050,Bengaluru,2026-08-08T14:22:00,2026-08-08T15:34:48,2026-08-08T14:42:22.888278,2026-08-08T15:32:46.714468,delivered,18.0,low,clear
O00092,C0680,R030,D010,Bengaluru,2026-08-03T17:28:00,2026-08-03T18:47:48,2026-08-03T17:53:55.130436,2026-08-03T18:51:24.017088,delivered,18.0,high,clear
O00093,C0110,R034,D042,Bengaluru,2026-08-02T11:45:00,2026-08-02T13:00:36,2026-08-02T12:11:43.037180,2026-08-02T13:01:53.275765,delivered,18.0,medium,clear
O00094,C0878,R003,D072,Bengaluru,2026-08-19T16:52:00,2026-08-19T18:04:48,2026-08-19T17:39:02.564976,2026-08-19T18:24:21.698196,delivered,18.0,low,clear
O00095,C0091,R053,D107,Bengaluru,2026-08-21T20:49:00,2026-08-21T22:04:15.237941,2026-08-21T21:34:59.863473,,delivered,15.84,high,clear
O00096,C0757,R046,D006,Bengaluru,2026-08-28T21:46:00,2026-08-28T22:58:48,2026-08-28T22:07:07.159833,2026-08-28T22:54:02.388621,delivered,18.0,low,clear
O00097,C0561,R026,D026,Bengaluru,2026-08-26T19:39:00,2026-08-26T21:00:36,2026-08-26T20:05:04.445452,2026-08-26T21:07:54.066262,delivered,18.0,medium,heavy_rain
O00098,C0318,R054,D035,Bengaluru,2026-08-04T18:34:00,2026-08-04T19:37:11.970238,2026-08-04T19:02:55.655146,2026-08-04T19:47:49.583343,delivered,9.24,medium,heavy_rain
O00099,C0046,R038,D040,Bengaluru,2026-08-18T19:08:00,2026-08-18T20:17:20.250376,2026-08-18T19:38:28.716286,2026-08-18T20:19:55.577319,delivered,16.35,low,clear
O00100,C0485,R036,D090,Bengaluru,2026-08-18T23:10:00,2026-08-19T00:26:50.161016,2026-08-18T23:32:27.248969,2026-08-19T00:28:17.159744,delivered,17.4,medium,rain
O00101,C0538,R007,D111,Bengaluru,2026-08-24T20:59:00,2026-08-24T20:49:00,2026-08-24T21:25:03.983984,2026-08-24T22:14:30.685278,delivered,18.0,low,rain
O00102,C0263,R004,D056,Bengaluru,2026-08-11T16:41:00,2026-08-11T16:31:00,2026-08-11T17:05:05.809584,2026-08-11T17:57:17.661772,delivered,18.0,medium,clear
O00103,C0389,R020,D098,Bengaluru,2026-08-22T20:11:00,2026-08-22T20:01:00,2026-08-22T20:39:45.064627,2026-08-22T21:10:17.342305,delivered,6.87,high,clear
O00104,C0436,R031,D055,Bengaluru,2026-08-09T22:19:00,2026-08-09T22:09:00,2026-08-09T22:47:33.934776,2026-08-09T23:36:20.740161,delivered,17.69,medium,clear
O00105,C0729,R027,D069,Bengaluru,2026-08-08T14:08:00,2026-08-08T15:23:36,2026-08-08T14:26:39.014283,2026-08-08T15:14:12.630181,delivered,18.0,medium,clear
O00106,C0760,R035,D089,Bengaluru,2026-08-12T12:36:00,2026-08-12T13:51:18,2026-08-12T12:46:53.767240,2026-08-12T13:37:00.203394,delivered,18.0,low,rain
O00107,C0412,R050,D001,Bengaluru,2026-08-15T20:29:00,2026-08-15T21:38:08.527830,2026-08-15T20:53:47.105998,2026-08-15T21:37:21.933301,delivered,16.26,low,clear
O00108,C0226,R040,D057,Bengaluru,2026-08-18T23:59:00,2026-08-19T01:24:48,2026-08-19T00:11:01.322470,2026-08-19T01:16:32.308921,delivered,18.0,high,heavy_rain
O00109,C0894,R002,D040,Bengaluru,2026-08-28T18:41:00,2026-08-28T19:48:02.408337,2026-08-28T19:01:15.568247,2026-08-28T19:44:50.633375,delivered,11.92,high,clear
O00110,C0811,R040,D037,Bengaluru,2026-08-12T13:12:00,2026-08-12T14:37:24,2026-08-12T13:56:04.470524,2026-08-12T14:58:44.027044,delivered,18.0,severe,clear
O00111,C0338,R031,D118,Bengaluru,2026-08-15T14:13:00,2026-08-15T15:32:48,2026-08-15T14:58:06.249152,2026-08-15T15:48:32.793183,delivered,18.0,high,clear
O00112,C0404,R056,D115,Bengaluru,2026-08-09T12:37:00,2026-08-09T13:59:18,2026-08-09T12:48:00.358227,2026-08-09T13:48:51.605724,delivered,18.0,high,rain
O00113,C0605,R058,D059,Bengaluru,2026-08-18T18:54:00,2026-08-18T20:12:06,2026-08-18T19:38:57.053016,2026-08-18T20:31:15.102926,delivered,18.0,medium,rain
O00114,C0602,R056,D093,Bengaluru,2026-08-03T18:53:00,2026-08-03T20:05:48,2026-08-03T19:21:17.131133,2026-08-03T20:12:00.539850,delivered,18.0,low,clear
O00115,C0104,R017,D029,Bengaluru,2026-08-24T12:48:00,2026-08-24T13:39:28.307218,2026-08-24T13:10:51.877854,2026-08-24T13:30:45.204008,delivered,6.51,medium,clear
O00116,C0264,R004,D100,Bengaluru,2026-08-26T23:30:00,2026-08-27T00:49:48,2026-08-27T00:07:01.064026,2026-08-27T01:02:35.610076,delivered,18.0,high,clear
O00117,C0480,R032,D016,Bengaluru,2026-08-18T19:43:00,2026-08-18T20:58:36,2026-08-18T20:06:42.521740,2026-08-18T20:55:24.550476,delivered,18.0,medium,clear
O00118,C0258,R060,D032,Bengaluru,2026-08-27T21:52:00,2026-08-27T23:02:48.825147,2026-08-27T22:23:32.703369,2026-08-27T23:11:23.618617,delivered,13.72,high,clear
O00119,C0039,R041,D115,Bengaluru,2026-08-24T15:18:00,2026-08-24T16:33:18,2026-08-24T15:55:54.243412,2026-08-24T16:46:13.615274,delivered,18.0,low,rain
O00120,C0501,R040,D045,Bengaluru,2026-08-13T18:15:00,2026-08-13T19:40:24,2026-08-13T18:29:08.055622,2026-08-13T19:34:08.431508,delivered,18.0,severe,clear
O00121,C0008,R053,D011,Bengaluru,2026-08-14T19:21:00,2026-08-14T20:39:06,2026-08-14T20:06:13.979013,2026-08-14T20:59:24.936926,delivered,18.0,medium,rain
O00122,C0829,R010,D087,Bengaluru,2026-08-11T11:13:00,2026-08-11T12:28:36,2026-08-11T11:38:44.232576,2026-08-11T12:29:52.348141,delivered,18.0,medium,clear
O00123,C0110,R017,D104,Bengaluru,2026-08-03T18:22:00,2026-08-03T19:31:39.126645,2026-08-03T18:42:42.220551,2026-08-03T19:24:39.852763,delivered,16.5,low,clear
O00124,C0471,R042,D053,Bengaluru,2026-08-13T17:43:00,2026-08-13T18:54:16.027741,2026-08-13T18:08:49.859896,2026-08-13T18:51:21.876941,delivered,15.94,medium,clear
O00125,C0583,R004,D103,Bengaluru,2026-08-01T22:28:00,2026-08-01T23:43:36,2026-08-01T22:57:54.141616,2026-08-01T23:45:02.539050,delivered,18.0,medium,clear
O00126,C0834,R001,D104,Bengaluru,2026-08-03T20:35:00,2026-08-03T22:00:48,2026-08-03T21:03:22.215700,2026-08-03T22:13:14.216068,delivered,18.0,high,heavy_rain
O00127,C0758,R001,D047,Bengaluru,2026-08-03T17:15:00,2026-08-03T18:34:48,2026-08-03T17:34:36.898065,,delivered,18.0,high,clear
O00128,C0704,R013,D010,Bengaluru,2026-08-20T13:20:00,2026-08-20T14:35:36,2026-08-20T13:42:57.335430,2026-08-20T14:35:25.533191,delivered,18.0,medium,clear
O00129,C0495,R042,D090,Bengaluru,2026-08-12T12:36:00,2026-08-12T13:47:39.322319,2026-08-12T12:49:35.438483,,cancelled,14.6,low,heavy_rain
O00130,C0783,R053,D041,Bengaluru,2026-08-15T20:53:00,2026-08-15T22:02:30.024370,2026-08-15T21:15:07.369165,2026-08-15T21:59:47.592892,delivered,11.9,high,rain
O00131,C0106,R055,D060,Bengaluru,2026-08-28T19:34:00,2026-08-28T20:52:48,2026-08-28T19:57:44.311187,2026-08-28T21:07:19.033974,delivered,18.0,low,heavy_rain
O00132,C0455,R003,D052,Bengaluru,2026-08-21T17:48:00,2026-08-21T19:06:06,2026-08-21T18:25:18.336678,2026-08-21T19:19:26.978884,delivered,18.0,medium,rain
O00133,C0561,R033,D119,Bengaluru,2026-08-16T12:26:00,2026-08-16T13:51:24,2026-08-16T12:42:56.533519,2026-08-16T13:47:43.845091,delivered,18.0,severe,clear
O00134,C0864,R023,D025,Bengaluru,2026-08-11T12:02:00,2026-08-11T13:21:48,2026-08-11T12:32:24.166489,2026-08-11T13:26:44.478045,delivered,18.0,high,clear
O00135,C0834,R019,D036,Bengaluru,2026-08-26T17:11:00,2026-08-26T18:23:48,2026-08-26T17:31:55.638508,2026-08-26T18:20:00.064441,delivered,18.0,low,clear
O00136,C0158,R058,D089,Bengaluru,2026-08-19T12:55:00,2026-08-19T14:10:36,2026-08-19T13:17:26.396076,2026-08-19T14:06:44.476209,delivered,18.0,medium,clear
O00137,C0300,R059,D041,Bengaluru,2026-08-23T20:58:00,2026-08-23T22:05:46.644116,2026-08-23T21:27:56.773299,2026-08-23T22:13:57.518372,delivered,12.27,high,clear
O00138,C0083,R042,D064,Bengaluru,2026-08-06T18:31:00,2026-08-06T19:46:36,2026-08-06T18:59:16.807438,2026-08-06T19:44:41.606985,delivered,18.0,medium,clear
O00139,C0013,R002,D040,Bengaluru,2026-08-19T11:48:00,2026-08-19T13:03:36,2026-08-19T12:11:44.683358,2026-08-19T13:04:24.637458,delivered,18.0,medium,clear
O00140,C0099,R047,D003,Bengaluru,2026-08-18T20:23:00,2026-08-18T21:10:26.587697,2026-08-18T20:37:17.560186,2026-08-18T20:55:05.861193,delivered,4.59,medium,clear
O00141,C0168,R031,D015,Bengaluru,2026-08-27T12:55:00,2026-08-27T14:16:04.794077,2026-08-27T13:19:30.920330,2026-08-27T14:17:35.745239,delivered,15.94,severe,clear
O00142,C0056,R022,D036,Bengaluru,2026-08-19T17:17:00,2026-08-19T18:21:25.422231,2026-08-19T17:28:46.105943,2026-08-19T18:08:17.238707,delivered,12.68,medium,clear
O00143,C0678,R013,D030,Bengaluru,2026-08-08T13:20:00,2026-08-08T14:39:48,2026-08-08T13:46:37.538377,2026-08-08T14:37:32.053193,delivered,18.0,high,clear
O00144,C0771,R034,D023,Bengaluru,2026-08-23T22:23:00,2026-08-23T23:28:49.161332,2026-08-23T22:55:25.996875,2026-08-23T23:35:57.157310,delivered,13.34,medium,clear
O00145,C0377,R015,D035,Bengaluru,2026-08-11T18:08:00,2026-08-11T19:13:56.187318,2026-08-11T18:37:22.495775,2026-08-11T19:16:48.103141,delivered,13.4,medium,clear
O00146,C0031,R015,D046,Bengaluru,2026-08-07T23:58:00,2026-08-08T00:41:44.791949,2026-08-08T00:10:12.231564,2026-08-08T00:29:43.338196,delivered,4.17,low,clear
O00147,C0572,R016,D025,Bengaluru,2026-08-25T14:41:00,2026-08-25T15:37:14.765344,2026-08-25T15:31:31.074721,2026-08-25T15:59:59.246273,delivered,10.12,low,clear
O00148,C0197,R025,D106,Bengaluru,2026-08-10T13:49:00,2026-08-10T15:11:18,2026-08-10T14:16:35.150451,2026-08-10T15:11:50.036755,delivered,18.0,high,rain
O00149,C0825,R055,D078,Bengaluru,2026-08-22T18:13:00,2026-08-22T19:25:48,2026-08-22T18:47:37.875668,2026-08-22T19:33:44.911350,delivered,18.0,low,clear
O00150,C0747,R020,D043,Bengaluru,2026-08-24T19:49:00,2026-08-24T20:50:53.351582,2026-08-24T20:19:34.582382,2026-08-24T21:02:17.714042,delivered,6.8,severe,clear
O00151,C0641,R026,D104,Bengaluru,2026-08-08T18:07:00,2026-08-08T19:22:36,2026-08-08T19:00:44.862820,2026-08-08T19:50:49.669847,delivered,18.0,medium,clear
O00152,C0179,R010,D109,Bengaluru,2026-08-01T19:00:00,2026-08-01T19:57:13.357078,2026-08-01T19:41:35.702459,2026-08-01T20:10:58.760171,delivered,9.25,medium,clear
O00153,C0274,R049,D009,Bengaluru,2026-08-07T23:09:00,2026-08-08T00:24:36,2026-08-07T23:27:02.113360,2026-08-08T00:17:04.059853,delivered,18.0,medium,clear
O00154,C0795,R015,D115,Bengaluru,2026-08-20T19:19:00,2026-08-20T20:15:57.271706,2026-08-20T19:55:54.825409,,cancelled,7.12,high,clear
O00155,C0521,R023,D072,Bengaluru,2026-08-17T18:52:00,2026-08-17T20:09:17.422343,2026-08-17T19:39:21.661056,2026-08-17T20:28:38.696717,delivered,16.8,high,clear
O00156,C0772,R017,D006,Bengaluru,2026-08-02T18:36:00,2026-08-02T19:31:00.930944,2026-08-02T18:56:34.642680,2026-08-02T19:25:53.583575,delivered,9.53,low,clear
O00157,C0663,R045,D090,Bengaluru,2026-08-13T22:11:00,2026-08-13T23:38:54,2026-08-13T22:26:56.657561,2026-08-13T23:38:51.565754,delivered,18.0,severe,rain
O00158,C0119,R004,D009,Bengaluru,2026-08-02T13:51:00,2026-08-02T15:06:36,2026-08-02T14:23:48.867978,2026-08-02T15:13:25.227823,delivered,18.0,medium,clear
O00159,C0306,R039,D086,Bengaluru,2026-08-26T16:39:00,2026-08-26T17:45:00.464137,2026-08-26T16:59:36.844737,2026-08-26T17:43:17.011006,delivered,13.43,medium,clear
O00160,C0676,R005,D091,Bengaluru,2026-08-11T11:42:00,2026-08-11T12:57:36,2026-08-11T12:04:02.500906,2026-08-11T12:59:42.792322,delivered,18.0,medium,clear
O00161,C0436,R031,D030,Bengaluru,2026-08-28T18:44:00,2026-08-28T20:03:08.425841,2026-08-28T19:17:06.730220,2026-08-28T20:09:18.343135,delivered,17.69,high,clear
O00162,C0348,R003,D001,Bengaluru,2026-08-26T17:53:00,2026-08-26T19:12:48,2026-08-26T18:27:32.131791,2026-08-26T19:21:12.950887,delivered,18.0,high,clear
O00163,C0251,R041,D057,Bengaluru,2026-08-10T18:54:00,2026-08-10T19:33:54.189206,2026-08-10T19:15:54.739354,2026-08-10T19:29:29.287513,delivered,2.33,low,clear
O00164,C0258,R041,D114,Bengaluru,2026-08-10T15:11:00,2026-08-10T16:23:48,2026-08-10T15:33:17.488760,2026-08-10T16:20:22.459871,delivered,18.0,low,clear
O00165,C0433,R047,D058,Bengaluru,2026-08-05T14:25:00,2026-08-05T15:08:29.281600,2026-08-05T14:53:45.473111,2026-08-05T15:09:05.679077,delivered,2.71,medium,clear
O00166,C0423,R032,D080,Bengaluru,2026-08-11T12:29:00,2026-08-11T13:44:18,2026-08-11T12:50:16.683775,2026-08-11T13:39:02.394552,delivered,18.0,low,rain
O00167,C0764,R011,D038,Bengaluru,2026-08-20T19:15:00,2026-08-20T20:34:48,2026-08-20T19:40:06.393514,2026-08-20T20:34:19.113734,delivered,18.0,high,clear
O00168,C0577,R043,D090,Bengaluru,2026-08-12T18:50:00,2026-08-12T20:07:21.283439,2026-08-12T19:15:03.881383,2026-08-12T20:04:23.421514,delivered,17.65,medium,rain
O00169,C0389,R055,D064,Bengaluru,2026-08-22T15:34:00,2026-08-22T16:35:43.577965,2026-08-22T16:19:20.745210,2026-08-22T17:04:40.775814,delivered,8.2,high,rain
O00170,C0129,R015,D072,Bengaluru,2026-08-23T17:36:00,2026-08-23T18:46:40.410530,2026-08-23T18:07:56.927664,2026-08-23T18:51:18.866664,delivered,15.65,medium,clear
O00171,C0197,R008,D103,Bengaluru,2026-08-17T18:21:00,2026-08-17T19:46:24,2026-08-17T19:10:31.744691,2026-08-17T20:14:45.009468,delivered,18.0,severe,clear
O00172,C0027,R012,D074,Bengaluru,2026-08-04T16:20:00,2026-08-04T17:25:24.396622,2026-08-04T16:46:21.529411,2026-08-04T17:23:20.738324,delivered,14.48,low,clear
O00173,C0316,R009,D098,Bengaluru,2026-08-06T20:44:00,2026-08-06T22:09:24,2026-08-06T20:59:02.772135,,cancelled,18.0,severe,clear
O00174,C0797,R049,D056,Bengaluru,2026-08-21T18:59:00,2026-08-21T20:03:13.853211,2026-08-21T19:43:26.579106,2026-08-21T20:18:20.245322,delivered,12.59,medium,clear
O00175,C0062,R005,D069,Bengaluru,2026-08-24T11:24:00,2026-08-24T12:39:36,2026-08-24T11:41:02.594801,2026-08-24T12:33:24.594820,delivered,18.0,medium,clear
O00176,C0045,R004,D005,Bengaluru,2026-08-10T11:16:00,2026-08-10T12:21:34.354653,2026-08-10T11:47:24.681107,2026-08-10T12:34:38.828932,delivered,8.56,severe,clear
O00177,C0634,R023,D044,Bengaluru,2026-08-02T12:13:00,2026-08-02T13:09:59.404344,2026-08-02T12:36:41.288315,2026-08-02T13:06:28.125718,delivered,4.47,severe,clear
O00178,C0642,R023,D120,Bengaluru,2026-08-20T18:06:00,2026-08-20T19:18:48,2026-08-20T18:52:50.068068,2026-08-20T19:37:12.390120,delivered,18.0,low,clear
O00179,C0076,R060,D021,Bengaluru,2026-08-15T15:53:00,2026-08-15T16:52:10.142586,2026-08-15T16:19:46.225712,2026-08-15T16:58:06.341578,delivered,10.18,medium,clear
O00180,C0505,R041,D001,Bengaluru,2026-08-08T18:05:00,2026-08-08T19:23:06,2026-08-08T18:43:23.314022,2026-08-08T19:37:52.194153,delivered,18.0,medium,rain
O00181,C0107,R006,D096,Bengaluru,2026-08-14T12:43:00,2026-08-14T14:00:30.808398,2026-08-14T13:08:26.991712,2026-08-14T14:04:55.731344,delivered,16.05,medium,heavy_rain
O00182,C0441,R055,D083,Bengaluru,2026-08-23T19:33:00,2026-08-23T20:52:48,2026-08-23T20:13:00.455578,2026-08-23T21:07:17.763162,delivered,18.0,high,clear
O00183,C0028,R041,D018,Bengaluru,2026-08-16T11:17:00,2026-08-16T12:16:05.414444,2026-08-16T11:47:02.970571,2026-08-16T12:17:16.575773,delivered,10.14,medium,clear
O00184,C0213,R058,D016,Bengaluru,2026-08-09T21:54:00,2026-08-09T23:13:48,2026-08-09T22:15:21.472383,2026-08-09T23:11:22.059651,delivered,18.0,high,clear
O00185,C0136,R012,D106,Bengaluru,2026-08-27T17:31:00,2026-08-27T18:53:18,2026-08-27T17:46:55.450542,2026-08-27T18:45:35.259246,delivered,18.0,high,rain
O00186,C0099,R029,D010,Bengaluru,2026-08-07T21:15:00,2026-08-07T22:27:48,2026-08-07T21:39:56.381458,2026-08-07T22:23:24.875304,delivered,18.0,low,clear
O00187,C0488,R009,D027,Bengaluru,2026-08-28T18:35:00,2026-08-28T19:50:36,2026-08-28T18:48:13.151927,2026-08-28T19:33:07.522280,delivered,18.0,medium,clear
O00188,C0303,R009,D102,Bengaluru,2026-08-09T19:32:00,2026-08-09T20:47:18,2026-08-09T20:14:30.302194,2026-08-09T21:07:26.879602,delivered,18.0,low,rain
O00189,C0150,R011,D001,Bengaluru,2026-08-15T16:33:00,2026-08-15T17:38:17.145241,2026-08-15T17:06:55.662026,2026-08-15T17:42:57.478082,delivered,11.09,high,clear
O00190,C0859,R042,D017,Bengaluru,2026-08-09T19:55:00,2026-08-09T21:10:36,2026-08-09T20:17:53.630198,2026-08-09T21:04:16.824909,delivered,18.0,medium,clear
O00191,C0566,R004,D113,Bengaluru,2026-08-09T22:25:00,2026-08-09T23:06:45.216793,2026-08-09T22:43:11.060858,2026-08-09T22:57:38.025265,delivered,1.88,medium,clear
O00192,C0100,R003,D035,Bengaluru,2026-08-06T16:30:00,2026-08-06T17:42:48,2026-08-06T16:53:44.325684,2026-08-06T17:43:05.149196,delivered,18.0,low,clear
O00193,C0309,R034,D015,Bengaluru,2026-08-11T17:37:00,2026-08-11T18:44:24.895731,2026-08-11T17:57:35.187769,2026-08-11T18:44:22.949084,delivered,12.91,medium,rain
O00194,C0771,R020,D018,Bengaluru,2026-08-11T17:36:00,2026-08-11T19:01:48,2026-08-11T18:31:39.836812,2026-08-11T19:40:08.111510,delivered,18.0,high,heavy_rain
O00195,C0248,R033,D089,Bengaluru,2026-08-25T13:48:00,2026-08-25T15:03:18,2026-08-25T14:05:59.839412,2026-08-25T14:51:09.437606,delivered,18.0,low,rain
O00196,C0604,R043,D017,Bengaluru,2026-08-01T21:48:00,2026-08-01T22:55:14.312387,2026-08-01T22:13:32.237101,2026-08-01T22:58:24.258591,delivered,12.02,high,clear
O00197,C0020,R009,D062,Bengaluru,2026-08-24T18:33:00,2026-08-24T19:47:45.443018,2026-08-24T18:53:02.892832,2026-08-24T19:46:59.770377,delivered,16.41,medium,rain
O00198,C0657,R016,D100,Bengaluru,2026-08-19T18:07:00,2026-08-19T18:57:33.382886,2026-08-19T19:02:58.154574,2026-08-19T19:32:47.457048,delivered,6.07,medium,clear
O00199,C0657,R057,D109,Bengaluru,2026-08-15T17:35:00,2026-08-15T18:25:56.810917,2026-08-15T17:46:51.846009,,cancelled,6.26,medium,clear
O00200,C0099,R002,D079,Bengaluru,2026-08-22T18:39:00,2026-08-22T19:54:36,2026-08-22T19:02:52.989888,2026-08-22T19:48:44.061281,delivered,18.0,medium,clear
O00201,C0236,R044,D018,Bengaluru,2026-08-12T19:18:00,2026-08-12T20:30:48,2026-08-12T19:36:31.160966,2026-08-12T20:26:04.092369,Delivered,18.0,low,clear
O00202,C0028,R002,D004,Bengaluru,2026-08-24T12:16:00,2026-08-24T13:35:48,2026-08-24T12:41:50.019998,2026-08-24T13:37:33.955969,Delivered,18.0,high,clear
O00203,C0030,R039,D052,Bengaluru,2026-08-01T21:42:00,2026-08-01T22:57:16.886898,2026-08-01T21:57:25.508600,2026-08-01T22:49:16.501866,Delivered,15.85,high,clear
O00204,C0078,R005,D046,Bengaluru,2026-08-14T19:51:00,2026-08-14T21:03:48,2026-08-14T20:25:54.560652,2026-08-14T21:17:33.766221,Delivered,18.0,low,clear
O00205,C0708,R023,D088,Bengaluru,2026-08-27T20:57:00,2026-08-27T22:12:18,2026-08-27T21:45:58.227850,2026-08-27T22:39:05.173478,Delivered,18.0,low,rain
O00206,C0691,R017,D109,Bengaluru,2026-08-24T15:22:00,2026-08-24T16:24:00.543725,2026-08-24T16:20:42.508840,,delivered,9.53,HIGH,clear
O00207,C0470,R060,D009,Bengaluru,2026-08-09T11:14:00,2026-08-09T12:01:09.434287,2026-08-09T11:50:44.010529,2026-08-09T12:12:32.100911,delivered,4.46,HIGH,clear
O00208,C0066,R051,D103,Bengaluru,2026-08-27T12:38:00,2026-08-27T14:03:24,2026-08-27T13:10:47.635198,2026-08-27T14:19:47.904938,delivered,18.0,HIGH,clear
O00209,C0711,R034,D067,Bengaluru,2026-08-15T12:48:00,2026-08-15T13:45:50.420206,2026-08-15T13:14:51.234060,2026-08-15T13:54:31.073405,delivered,7.54,high,clear
O00210,C0457,R022,D113,Bengaluru,2026-08-14T12:39:00,2026-08-14T13:50:10.282018,2026-08-14T13:14:16.633243,2026-08-14T13:56:28.663330,delivered,17.22,low,clear
O00211,C0629,R016,D051,Bengaluru,2026-08-22T19:32:00,2026-08-22T20:24:31.293362,2026-08-22T20:30:58.587689,2026-08-22T20:56:54.054420,delivered,8.34,low,clear
O00212,C0773,R037,D064,Bengaluru,2026-08-20T19:20:00,2026-08-20T20:08:44.328921,2026-08-20T19:47:06.305371,2026-08-20T20:07:31.126142,delivered,5.21,medium,clear
O00213,C0832,R058,D083,Bengaluru,2026-08-17T16:44:00,2026-08-17T17:23:01.795000,2026-08-17T17:04:50.610309,2026-08-17T17:17:26.305252,delivered,0.59,medium,clear
O00214,C0687,R052,D003,Bengaluru,2026-08-17T18:40:00,2026-08-17T19:55:36,2026-08-17T19:14:32.141352,2026-08-17T20:04:36.555241,delivered,18.0,medium,clear
O00215,C0646,R030,D117,Bengaluru,2026-08-07T15:50:00,2026-08-07T17:02:48,2026-08-07T16:13:00.435235,2026-08-07T16:55:34.879004,delivered,18.0,low,clear
O00216,C0148,R009,D033,Bengaluru,2026-08-18T17:32:00,2026-08-18T18:54:18,2026-08-18T17:47:02.127090,2026-08-18T18:46:38.289296,delivered,18.0,high,rain
O00217,C0210,R039,D089,Bengaluru,2026-08-20T21:55:00,2026-08-20T23:17:18,2026-08-20T22:26:51.296982,2026-08-20T23:30:50.343756,delivered,18.0,high,rain
O00218,C0792,R058,D071,Bengaluru,2026-08-06T23:47:00,2026-08-07T00:53:07.226252,2026-08-07T00:18:46.205586,2026-08-07T01:03:24.532067,delivered,13.49,medium,clear
O00219,C0139,R011,D031,Bengaluru,2026-08-25T22:39:00,2026-08-25T23:37:20.159468,2026-08-25T23:07:07.403085,2026-08-25T23:42:42.522840,delivered,7.78,high,clear
O00220,C0242,R037,D054,Bengaluru,2026-08-08T21:42:00,2026-08-08T22:49:58.216241,2026-08-08T21:56:57.150068,2026-08-08T22:39:22.717471,delivered,14.37,medium,clear
O00221,C0734,R003,D073,Bengaluru,2026-08-02T19:20:00,2026-08-02T20:38:06,2026-08-02T19:52:07.413338,,cancelled,18.0,medium,rain
O00222,C0118,R017,D095,Bengaluru,2026-08-17T20:28:00,2026-08-17T21:27:39.749518,2026-08-17T20:53:03.318779,2026-08-17T21:23:40.777654,delivered,10.41,medium,clear
O00223,C0009,R048,D061,Bengaluru,2026-08-14T21:13:00,2026-08-14T22:15:36.432168,2026-08-14T21:43:01.908501,2026-08-14T22:15:48.757674,delivered,11.81,medium,clear
O00224,C0843,R003,D047,Bengaluru,2026-08-03T18:14:00,2026-08-03T19:39:24,2026-08-03T18:27:41.400103,2026-08-03T19:33:55.006553,delivered,18.0,severe,clear
O00225,C0659,R030,D026,Bengaluru,2026-08-23T21:22:00,2026-08-23T22:41:56.858166,2026-08-23T21:34:40.586784,2026-08-23T22:37:54.569290,delivered,15.4,severe,clear
O00226,C0147,R005,D007,Bengaluru,2026-08-05T20:50:00,2026-08-05T21:59:52.178916,2026-08-05T21:12:48.675379,2026-08-05T21:55:44.667731,delivered,13.27,high,clear
O00227,C0765,R014,D092,Bengaluru,2026-08-04T11:36:00,2026-08-04T12:51:36,2026-08-04T11:56:24.808083,2026-08-04T12:39:49.635946,delivered,18.0,medium,clear
O00228,C0863,R034,D038,Bengaluru,2026-08-07T12:42:00,2026-08-07T14:04:18,2026-08-07T12:54:25.997721,2026-08-07T13:54:30.909888,delivered,18.0,high,rain
O00229,C0534,R014,D074,Bengaluru,2026-08-05T19:15:00,2026-08-05T20:01:09.875300,2026-08-05T19:34:58.114221,2026-08-05T19:59:59.576166,delivered,5.32,low,clear
O00230,C0109,R021,D099,Bengaluru,2026-08-26T14:47:00,2026-08-26T16:06:48,2026-08-26T15:20:35.724645,2026-08-26T16:14:46.113824,delivered,18.0,high,clear
O00231,C0761,R049,D028,Bengaluru,2026-08-27T15:52:00,2026-08-27T17:04:48,2026-08-27T16:14:21.027804,2026-08-27T16:57:15.411001,delivered,18.0,low,clear
O00232,C0384,R041,D095,Bengaluru,2026-08-18T18:49:00,2026-08-18T19:49:17.705707,2026-08-18T19:15:24.960281,2026-08-18T19:46:40.076059,delivered,12.05,low,clear
O00233,C0605,R016,D029,Bengaluru,2026-08-26T23:43:00,2026-08-27T00:55:48,2026-08-27T00:09:45.356652,2026-08-27T00:53:51.846104,delivered,18.0,low,clear
O00234,C0669,R028,D116,Bengaluru,2026-08-03T15:14:00,2026-08-03T16:26:48,2026-08-03T15:34:32.833871,2026-08-03T16:22:45.539351,delivered,18.0,low,clear
O00235,C0200,R030,D029,Bengaluru,2026-08-19T19:53:00,2026-08-19T20:49:41.074319,2026-08-19T20:32:35.796300,2026-08-19T20:58:07.392789,delivered,10.33,low,clear
O00236,C0499,R041,D073,Bengaluru,2026-08-06T14:32:00,2026-08-06T15:44:20.976175,2026-08-06T14:57:23.989880,2026-08-06T15:43:15.337316,delivered,14.45,high,clear
O00237,C0586,R013,D073,Bengaluru,2026-08-08T11:36:00,2026-08-08T12:26:36.103840,2026-08-08T11:58:58.236455,2026-08-08T12:23:28.548159,delivered,6.1,medium,clear
O00238,C0138,R018,D097,Bengaluru,2026-08-27T16:05:00,2026-08-27T16:45:12.731702,2026-08-27T16:29:29.912528,2026-08-27T16:41:13.945139,delivered,2.48,low,clear
O00239,C0519,R055,D113,Bengaluru,2026-08-03T14:24:00,2026-08-03T15:33:34.499795,2026-08-03T14:47:11.880018,2026-08-03T15:35:54.815008,delivered,16.46,low,clear
O00240,C0850,R028,D058,Bengaluru,2026-08-25T12:30:00,2026-08-25T13:39:40.727261,2026-08-25T13:09:45.724465,2026-08-25T13:54:43.870567,delivered,11.99,high,rain
O00241,C0765,R030,D059,Bengaluru,2026-08-24T22:53:00,2026-08-25T00:09:46.426430,2026-08-24T23:30:43.463053,2026-08-25T00:24:07.293935,delivered,16.56,high,clear
O00242,C0801,R025,D025,Bengaluru,2026-08-19T18:33:00,2026-08-19T19:41:33.444966,2026-08-19T19:02:07.134998,2026-08-19T19:47:18.082571,delivered,15.98,low,clear
O00243,C0366,R051,D104,Bengaluru,2026-08-18T20:30:00,2026-08-18T21:23:06.113832,2026-08-18T20:59:54.324407,2026-08-18T21:29:18.676372,delivered,8.62,low,clear
O00244,C0864,R047,D108,Bengaluru,2026-08-23T22:06:00,2026-08-23T23:00:42.146886,2026-08-23T22:26:46.606052,2026-08-23T22:56:12.575827,delivered,9.38,low,clear
O00245,C0516,R006,D069,Bengaluru,2026-08-09T14:05:00,2026-08-09T15:20:36,2026-08-09T14:26:32.065655,2026-08-09T15:17:12.754442,delivered,18.0,medium,clear
O00246,C0231,R048,D021,Bengaluru,2026-08-22T22:33:00,2026-08-22T23:48:36,2026-08-22T22:43:19.130186,2026-08-22T23:33:30.939288,delivered,18.0,medium,clear
O00247,C0247,R030,D120,Bengaluru,2026-08-17T11:45:00,2026-08-17T12:45:14.956657,2026-08-17T12:04:15.974181,2026-08-17T12:36:16.480018,delivered,12.02,low,clear
O00248,C0089,R058,D119,Bengaluru,2026-08-06T17:06:00,2026-08-06T18:21:36,2026-08-06T17:32:56.600700,2026-08-06T18:15:14.871854,delivered,18.0,medium,clear
O00249,C0135,R059,D066,Bengaluru,2026-08-15T21:55:00,2026-08-15T22:51:12.474173,2026-08-15T22:32:17.195880,2026-08-15T22:57:58.772271,delivered,10.1,low,clear
O00250,C0610,R051,D007,Bengaluru,2026-08-10T12:43:00,2026-08-10T14:02:48,2026-08-10T13:07:46.912923,2026-08-10T14:04:06.770459,delivered,18.0,high,clear
O00251,C0521,R036,D091,Bengaluru,2026-08-28T15:14:00,2026-08-28T16:26:48,2026-08-28T15:35:59.517626,2026-08-28T16:22:11.264660,delivered,18.0,low,clear
O00252,C0310,R025,D119,Bengaluru,2026-08-11T18:56:00,2026-08-11T19:56:03.342084,2026-08-11T19:08:05.137962,2026-08-11T19:47:00.008093,delivered,7.41,high,rain
O00253,C0153,R022,D008,Bengaluru,2026-08-06T18:07:00,2026-08-06T19:02:23.376338,2026-08-06T18:45:28.815425,2026-08-06T19:21:01.734655,delivered,6.38,high,clear
O00254,C0100,R002,D024,Bengaluru,2026-08-16T17:26:00,2026-08-16T18:31:43.960799,2026-08-16T17:44:39.740270,2026-08-16T18:27:55.036836,delivered,11.3,high,clear
O00255,C0087,R034,D072,Bengaluru,2026-08-26T23:09:00,2026-08-27T00:21:37.867271,2026-08-26T23:34:38.487121,2026-08-27T00:20:49.932172,delivered,16.59,medium,clear
O00256,C0289,R008,D006,Bengaluru,2026-08-06T12:52:00,2026-08-06T14:10:06,2026-08-06T13:22:55.816674,2026-08-06T14:25:39.923296,delivered,18.0,medium,rain
O00257,C0324,R039,D018,Bengaluru,2026-08-20T14:36:00,2026-08-20T15:55:48,2026-08-20T15:06:02.989481,2026-08-20T15:59:58.073061,delivered,18.0,high,clear
O00258,C0656,R006,D041,Bengaluru,2026-08-11T17:39:00,2026-08-11T18:37:05.681393,2026-08-11T18:09:24.033904,2026-08-11T18:45:58.931227,delivered,8.47,medium,rain
O00259,C0285,R032,D014,Bengaluru,2026-08-06T13:01:00,2026-08-06T14:13:48,2026-08-06T13:30:47.934772,2026-08-06T14:14:59.886717,delivered,18.0,low,clear
O00260,C0296,R028,D022,Bengaluru,2026-08-09T19:05:00,2026-08-09T20:14:11.024973,2026-08-09T19:35:28.756223,2026-08-09T20:24:00.711509,delivered,11.75,high,rain
O00261,C0715,R051,D002,Bengaluru,2026-08-18T22:35:00,2026-08-18T23:41:09.639283,2026-08-18T23:05:19.486790,2026-08-18T23:45:02.098682,delivered,10.65,medium,heavy_rain
O00262,C0263,R041,D093,Bengaluru,2026-08-10T17:16:00,2026-08-10T18:28:48,2026-08-10T17:36:52.143291,2026-08-10T18:20:11.031749,delivered,18.0,low,clear
O00263,C0511,R032,D112,Bengaluru,2026-08-18T17:26:00,2026-08-18T18:41:12.790516,2026-08-18T17:47:22.990397,2026-08-18T18:44:48.004054,delivered,15.82,high,clear
O00264,C0442,R037,D068,Bengaluru,2026-08-23T19:18:00,2026-08-23T20:03:23.571179,2026-08-23T19:46:05.099974,2026-08-23T20:08:16.109566,delivered,1.62,high,clear
O00265,C0477,R018,D065,Bengaluru,2026-08-18T11:06:00,2026-08-18T12:07:35.616582,2026-08-18T11:44:06.146841,,cancelled,11.33,medium,clear
O00266,C0796,R058,D023,Bengaluru,2026-08-10T20:31:00,2026-08-10T21:56:24,2026-08-10T20:49:43.021037,2026-08-10T21:54:49.095897,delivered,18.0,severe,clear
O00267,C0891,R001,D116,Bengaluru,2026-08-08T17:28:00,2026-08-08T18:49:36,2026-08-08T17:52:17.197705,2026-08-08T18:58:29.175060,delivered,18.0,medium,heavy_rain
O00268,C0392,R042,D070,Bengaluru,2026-08-18T18:16:00,2026-08-18T19:31:36,2026-08-18T19:04:45.635105,2026-08-18T19:50:08.272395,delivered,18.0,medium,clear
O00269,C0073,R046,D017,Bengaluru,2026-08-19T20:30:00,2026-08-19T21:30:14.067027,2026-08-19T20:55:39.464242,2026-08-19T21:32:15.685345,delivered,8.68,high,clear
O00270,C0406,R023,D090,Bengaluru,2026-08-08T16:35:00,2026-08-08T17:35:26.409529,2026-08-08T17:06:06.246062,2026-08-08T17:48:54.357852,delivered,8.78,high,clear
O00271,C0227,R044,D089,Bengaluru,2026-08-10T18:31:00,2026-08-10T19:07:03,2026-08-10T19:00:33.708939,2026-08-10T19:12:50.086181,delivered,0.5,low,clear
O00272,C0073,R038,D022,Bengaluru,2026-08-15T11:40:00,2026-08-15T12:51:07.234660,2026-08-15T12:12:12.819359,2026-08-15T12:56:13.079753,delivered,15.87,medium,clear
O00273,C0627,R053,D107,Bengaluru,2026-08-14T19:07:00,2026-08-14T20:19:48,2026-08-14T19:43:13.662702,,cancelled,18.0,low,clear
O00274,C0792,R007,D094,Bengaluru,2026-08-04T11:41:00,2026-08-04T13:00:48,2026-08-04T11:50:04.120318,2026-08-04T12:51:27.414687,delivered,18.0,high,clear
O00275,C0731,R029,D082,Bengaluru,2026-08-15T20:03:00,2026-08-15T21:18:36,2026-08-15T20:29:43.272580,2026-08-15T21:16:46.009723,delivered,18.0,medium,clear
O00276,C0754,R057,D017,Bengaluru,2026-08-08T18:12:00,2026-08-08T18:54:34.180197,2026-08-08T18:41:49.927610,2026-08-08T19:00:24.003233,delivered,3.6,low,clear
O00277,C0105,R053,D092,Bengaluru,2026-08-06T18:38:00,2026-08-06T19:53:36,2026-08-06T18:55:30.744066,2026-08-06T19:48:20.028067,delivered,18.0,medium,clear
O00278,C0183,R033,D096,Bengaluru,2026-08-24T15:28:00,2026-08-24T16:43:36,2026-08-24T15:55:21.486457,2026-08-24T16:44:03.642516,delivered,18.0,medium,clear
O00279,C0648,R039,D108,Bengaluru,2026-08-23T20:58:00,2026-08-23T21:52:00.142269,2026-08-23T21:20:41.566801,,cancelled,7.72,medium,clear
O00280,C0343,R015,D050,Bengaluru,2026-08-09T17:37:00,2026-08-09T18:42:07.736626,2026-08-09T18:07:20.012310,2026-08-09T18:47:13.505917,delivered,13.01,medium,clear
O00281,C0608,R015,D116,Bengaluru,2026-08-27T22:38:00,2026-08-27T23:45:57.257164,2026-08-27T23:01:04.623515,2026-08-27T23:44:10.732761,delivered,12.36,high,clear
O00282,C0367,R015,D098,Bengaluru,2026-08-21T21:59:00,2026-08-21T23:11:48,2026-08-21T22:25:52.836811,,cancelled,18.0,low,clear
O00283,C0094,R052,D113,Bengaluru,2026-08-11T18:14:00,2026-08-11T19:11:24.812183,2026-08-11T18:29:04.753850,2026-08-11T19:01:47.091394,delivered,10.67,low,clear
O00284,C0331,R060,D091,Bengaluru,2026-08-09T12:32:00,2026-08-09T13:17:37.224154,2026-08-09T12:57:08.585107,2026-08-09T13:17:11.445942,delivered,3.72,medium,clear
O00285,C0378,R037,D095,Bengaluru,2026-08-22T17:23:00,2026-08-22T18:38:24.175521,2026-08-22T17:51:09.129424,2026-08-22T18:41:51.915946,delivered,17.91,medium,clear
O00286,C0714,R001,D102,Bengaluru,2026-08-28T12:47:00,2026-08-28T13:46:37.008959,2026-08-28T13:05:31.182691,,delivered,10.53,low,rain
O00287,C0201,R039,D068,Bengaluru,2026-08-09T18:39:00,2026-08-09T19:41:39.048514,2026-08-09T19:18:49.059800,2026-08-09T19:58:06.401473,delivered,9.83,high,clear
O00288,C0760,R050,D090,Bengaluru,2026-08-09T19:58:00,2026-08-09T21:20:18,2026-08-09T20:38:09.682298,2026-08-09T21:39:23.200153,delivered,18.0,high,rain
O00289,C0796,R035,D070,Bengaluru,2026-08-23T11:15:00,2026-08-23T12:40:24,2026-08-23T11:40:04.608917,,cancelled,18.0,severe,clear
O00290,C0500,R048,D050,Bengaluru,2026-08-21T16:32:00,2026-08-21T17:33:14.828540,2026-08-21T16:57:55.403525,2026-08-21T17:34:23.549810,delivered,11.17,medium,clear
O00291,C0875,R018,D051,Bengaluru,2026-08-22T19:40:00,2026-08-22T20:44:46.075448,2026-08-22T20:00:35.334397,2026-08-22T20:42:22.373562,delivered,10.84,high,clear
O00292,C0735,R048,D083,Bengaluru,2026-08-05T16:45:00,2026-08-05T17:59:00.716564,2026-08-05T17:12:17.506734,2026-08-05T18:08:15.442834,delivered,14.05,high,rain
O00293,C0425,R033,D024,Bengaluru,2026-08-05T20:48:00,2026-08-05T22:09:36,2026-08-05T21:13:35.349867,2026-08-05T22:14:56.306129,delivered,18.0,medium,heavy_rain
O00294,C0761,R059,D100,Bengaluru,2026-08-20T19:38:00,2026-08-20T20:53:36,2026-08-20T20:01:53.647350,2026-08-20T20:50:41.502789,delivered,18.0,medium,clear
O00295,C0322,R027,D090,Bengaluru,2026-08-08T11:48:00,2026-08-08T13:15:54,2026-08-08T12:27:33.592157,2026-08-08T13:37:09.251713,delivered,18.0,severe,rain
O00296,C0704,R040,D042,Bengaluru,2026-08-13T20:38:00,2026-08-13T21:57:48,2026-08-13T21:04:29.187057,2026-08-13T22:01:13.834192,delivered,18.0,high,clear
O00297,C0303,R017,D040,Bengaluru,2026-08-24T11:24:00,2026-08-24T12:37:24.026885,2026-08-24T12:00:31.515909,2026-08-24T12:47:10.827183,delivered,16.95,medium,clear
O00298,C0287,R052,D064,Bengaluru,2026-08-15T20:28:00,2026-08-15T21:29:36.748678,2026-08-15T20:47:55.535139,2026-08-15T21:23:05.997016,delivered,12.67,low,clear
O00299,C0531,R017,D032,Bengaluru,2026-08-15T12:20:00,2026-08-15T13:42:18,2026-08-15T12:40:14.931931,2026-08-15T13:41:58.302211,delivered,18.0,high,rain
O00300,C0331,R037,D090,Bengaluru,2026-08-02T20:58:00,2026-08-02T22:09:40.636372,2026-08-02T21:16:11.755388,2026-08-02T22:03:46.840978,delivered,14.94,medium,rain
O00301,C0440,R059,D053,Bengaluru,2026-08-20T20:00:00,2026-08-20T21:18:06,2026-08-20T20:45:28.977122,2026-08-20T21:33:53.109909,delivered,45.0,medium,rain
O00302,C0800,R019,D063,Bengaluru,2026-08-20T19:52:00,2026-08-20T21:11:48,2026-08-20T20:42:14.783326,2026-08-20T21:38:07.176647,delivered,45.0,high,clear
O00303,C0411,R039,D038,Bengaluru,2026-08-19T20:11:00,2026-08-19T21:33:34.265202,2026-08-19T21:00:38.818166,2026-08-19T22:06:43.654438,delivered,45.0,severe,clear
O00304,C0531,R052,D050,Bengaluru,2026-08-23T21:21:00,2026-08-23T22:36:36,2026-08-23T21:42:03.681952,2026-08-23T22:30:24.419630,delivered,18.0,medium,clear
O00305,C0385,R030,D110,Bengaluru,2026-08-20T17:08:00,2026-08-20T18:27:30.696940,2026-08-20T17:34:44.066387,2026-08-20T18:27:45.687998,delivered,17.86,high,clear
O00306,C0032,R014,D057,Bengaluru,2026-08-26T12:54:00,2026-08-26T14:06:48,2026-08-26T13:27:42.072743,2026-08-26T14:13:33.863579,delivered,18.0,low,clear
O00307,C0161,R010,D044,Bengaluru,2026-08-11T20:07:00,2026-08-11T21:26:48,2026-08-11T20:30:43.830328,,cancelled,18.0,high,clear
O00308,C0049,R029,D017,Bengaluru,2026-08-27T16:43:00,2026-08-27T17:51:58.596765,2026-08-27T17:15:15.153714,2026-08-27T17:57:33.839883,delivered,14.85,medium,clear
O00309,C0257,R055,D032,Bengaluru,2026-08-18T18:13:00,2026-08-18T19:24:34.179870,2026-08-18T18:31:14.682527,2026-08-18T19:17:32.988197,delivered,16.08,medium,clear
O00310,C0356,R006,D010,Bengaluru,2026-08-28T20:19:00,2026-08-28T21:18:33.759603,2026-08-28T20:50:09.314799,2026-08-28T21:24:21.391755,delivered,8.36,high,clear
O00311,C0212,R054,D054,Bengaluru,2026-08-03T18:01:00,2026-08-03T19:23:18,2026-08-03T18:28:07.996297,2026-08-03T19:35:03.569984,delivered,18.0,high,rain
O00312,C0056,R055,D041,Bengaluru,2026-08-22T23:13:00,2026-08-23T00:06:01.172658,2026-08-22T23:37:24.530725,,cancelled,5.25,high,clear
O00313,C0767,R001,D070,Bengaluru,2026-08-11T18:02:00,2026-08-11T19:14:48,2026-08-11T18:41:55.323810,2026-08-11T19:27:46.494195,delivered,18.0,low,clear
O00314,C0182,R059,D062,Bengaluru,2026-08-04T11:39:00,2026-08-04T12:46:34.708158,2026-08-04T11:54:59.260084,2026-08-04T12:35:12.883567,delivered,14.18,medium,clear
O00315,C0141,R011,D095,Bengaluru,2026-08-16T22:03:00,2026-08-16T22:51:14.139789,2026-08-16T22:17:16.329046,2026-08-16T22:36:13.722274,delivered,6.3,low,clear
O00316,C0557,R057,D031,Bengaluru,2026-08-03T23:48:00,2026-08-04T00:33:06.724821,2026-08-04T00:25:01.239441,2026-08-04T00:41:08.358449,delivered,1.48,high,clear
O00317,C0054,R056,D009,Bengaluru,2026-08-12T17:44:00,2026-08-12T19:09:24,2026-08-12T18:03:37.236364,2026-08-12T19:06:26.431046,delivered,18.0,severe,clear
O00318,C0413,R046,D017,Bengaluru,2026-08-17T12:52:00,2026-08-17T14:11:48,2026-08-17T13:27:57.043764,2026-08-17T14:24:36.997551,delivered,18.0,high,clear
O00319,C0318,R007,D082,Bengaluru,2026-08-14T18:21:00,2026-08-14T19:36:36,2026-08-14T19:12:10.363848,2026-08-14T20:00:44.129361,delivered,18.0,medium,clear
O00320,C0379,R018,D033,Bengaluru,2026-08-13T12:06:00,2026-08-13T13:14:18.956685,2026-08-13T12:20:09.876998,2026-08-13T13:01:48.473552,delivered,12.53,high,clear
O00321,C0533,R050,D017,Bengaluru,2026-08-15T18:24:00,2026-08-15T19:33:01.397181,2026-08-15T18:36:00.140455,2026-08-15T19:21:30.240887,delivered,12.87,high,clear
O00322,C0357,R052,D076,Bengaluru,2026-08-28T13:18:00,2026-08-28T14:33:18,2026-08-28T14:04:39.367541,2026-08-28T14:55:30.304349,delivered,18.0,low,rain
O00323,C0496,R028,D058,Bengaluru,2026-08-06T18:12:00,2026-08-06T19:25:34.259282,2026-08-06T18:28:34.628352,2026-08-06T19:19:08.468302,delivered,15.84,medium,rain
O00324,C0161,R020,D017,Bengaluru,2026-08-22T18:08:00,2026-08-22T19:00:56.818878,2026-08-22T18:25:38.578468,2026-08-22T18:52:49.576995,delivered,8.55,low,clear
O00325,C0013,R005,D068,Bengaluru,2026-08-19T18:46:00,2026-08-19T19:58:39.561493,2026-08-19T19:09:09.791464,2026-08-19T19:56:49.826012,delivered,16.6,medium,clear
O00326,C0636,R036,D037,Bengaluru,2026-08-25T20:29:00,2026-08-25T21:44:36,2026-08-25T21:04:21.204453,2026-08-25T21:49:43.512376,delivered,18.0,medium,clear
O00327,C0081,R021,D001,Bengaluru,2026-08-19T20:26:00,2026-08-19T21:47:36,2026-08-19T20:50:44.724434,2026-08-19T21:50:57.630966,delivered,18.0,medium,heavy_rain
O00328,C0488,R030,D109,Bengaluru,2026-08-01T16:05:00,2026-08-01T17:17:48,2026-08-01T16:27:51.282392,2026-08-01T17:10:24.095574,delivered,18.0,low,clear
O00329,C0696,R044,D016,Bengaluru,2026-08-26T19:31:00,2026-08-26T20:43:48,2026-08-26T20:20:50.763861,2026-08-26T21:04:31.001842,delivered,18.0,low,clear
O00330,C0609,R015,D054,Bengaluru,2026-08-19T20:22:00,2026-08-19T21:09:50.313623,2026-08-19T20:47:39.420763,2026-08-19T21:12:42.624005,delivered,6.11,low,clear
O00331,C0369,R006,D032,Bengaluru,2026-08-15T17:20:00,2026-08-15T18:31:58.306739,2026-08-15T18:02:06.194305,2026-08-15T18:53:57.358916,delivered,11.61,severe,clear
O00332,C0624,R055,D094,Bengaluru,2026-08-22T20:46:00,2026-08-22T22:04:35.142048,2026-08-22T21:03:06.859842,2026-08-22T22:01:08.472938,delivered,17.42,high,clear
O00333,C0671,R033,D027,Bengaluru,2026-08-24T16:12:00,2026-08-24T17:24:48,2026-08-24T16:45:10.913093,2026-08-24T17:30:23.742830,delivered,18.0,low,clear
O00334,C0696,R030,D047,Bengaluru,2026-08-26T23:57:00,2026-08-27T00:52:53.783494,2026-08-27T00:18:52.271358,2026-08-27T00:47:37.871156,delivered,9.95,low,clear
O00335,C0639,R021,D006,Bengaluru,2026-08-13T16:03:00,2026-08-13T17:21:06,2026-08-13T16:44:18.311732,2026-08-13T17:42:05.613011,delivered,18.0,medium,rain
O00336,C0503,R015,D073,Bengaluru,2026-08-03T12:46:00,2026-08-03T13:42:37.672955,2026-08-03T13:10:05.894716,2026-08-03T13:42:42.794076,delivered,8.97,medium,clear
O00337,C0864,R024,D005,Bengaluru,2026-08-16T18:25:00,2026-08-16T19:47:18,2026-08-16T18:48:42.005698,,cancelled,18.0,high,rain
O00338,C0331,R018,D031,Bengaluru,2026-08-04T18:59:00,2026-08-04T20:07:26.348596,2026-08-04T19:42:45.398764,2026-08-04T20:27:05.860421,delivered,9.92,severe,clear
O00339,C0367,R038,D080,Bengaluru,2026-08-22T13:44:00,2026-08-22T14:59:36,2026-08-22T14:07:38.997695,2026-08-22T14:59:03.530059,delivered,18.0,medium,clear
O00340,C0266,R055,D007,Bengaluru,2026-08-10T18:53:00,2026-08-10T20:18:48,2026-08-10T19:32:49.800549,2026-08-10T20:41:49.445594,delivered,18.0,high,heavy_rain
O00341,C0302,R035,D052,Bengaluru,2026-08-24T13:41:00,2026-08-24T14:56:18,2026-08-24T14:02:59.669982,,delivered,18.0,low,rain
O00342,C0047,R024,D067,Bengaluru,2026-08-19T12:52:00,2026-08-19T14:04:48,2026-08-19T13:18:19.110517,2026-08-19T14:05:58.984450,delivered,18.0,low,clear
O00343,C0674,R038,D063,Bengaluru,2026-08-02T19:21:00,2026-08-02T20:33:48,2026-08-02T19:56:53.359370,2026-08-02T20:39:51.698929,delivered,18.0,low,clear
O00344,C0851,R033,D020,Bengaluru,2026-08-03T19:37:00,2026-08-03T20:56:48,2026-08-03T19:52:50.568117,2026-08-03T20:50:06.391097,delivered,18.0,high,clear
O00345,C0190,R046,D022,Bengaluru,2026-08-16T19:05:00,2026-08-16T20:25:58.837917,2026-08-16T19:39:53.069929,2026-08-16T20:36:49.818387,delivered,17.37,high,rain
O00346,C0897,R012,D029,Bengaluru,2026-08-02T13:50:00,2026-08-02T14:58:01.091506,2026-08-02T14:08:21.516421,2026-08-02T14:54:43.522053,delivered,14.53,low,rain
O00347,C0398,R002,D024,Bengaluru,2026-08-16T18:04:00,2026-08-16T19:23:48,2026-08-16T18:23:52.342556,2026-08-16T19:18:39.792906,delivered,18.0,high,clear
O00348,C0599,R050,D073,Bengaluru,2026-08-07T17:14:00,2026-08-07T18:12:56.676640,2026-08-07T17:58:27.684576,2026-08-07T18:34:03.056448,delivered,11.4,low,clear
O00349,C0523,R057,D094,Bengaluru,2026-08-02T15:07:00,2026-08-02T16:09:34.555807,2026-08-02T15:36:55.065279,2026-08-02T16:17:46.573484,delivered,9.8,high,clear
O00350,C0524,R048,D044,Bengaluru,2026-08-07T19:53:00,2026-08-07T20:59:23.366458,2026-08-07T20:09:15.242894,2026-08-07T20:50:25.990790,delivered,13.61,medium,clear
O00351,C0643,R028,D015,Bengaluru,2026-08-16T20:32:00,2026-08-16T21:44:48,2026-08-16T21:00:40.289073,2026-08-16T21:50:09.729065,delivered,18.0,low,clear
O00352,C0772,R013,D015,Bengaluru,2026-08-16T19:10:00,2026-08-16T20:31:28.569291,2026-08-16T19:54:00.821798,2026-08-16T20:52:52.901477,delivered,17.61,high,rain
O00353,C0059,R040,D082,Bengaluru,2026-08-23T16:02:00,2026-08-23T17:17:36,2026-08-23T16:29:05.535612,2026-08-23T17:15:03.310079,delivered,18.0,medium,clear
O00354,C0859,R056,D034,Bengaluru,2026-08-12T21:07:00,2026-08-12T22:22:36,2026-08-12T21:34:24.381053,2026-08-12T22:25:46.080603,delivered,18.0,medium,clear
O00355,C0056,R059,D113,Bengaluru,2026-08-25T19:44:00,2026-08-25T20:44:23.613450,2026-08-25T20:14:48.229896,2026-08-25T20:48:45.398257,delivered,12.09,low,clear
O00356,C0101,R046,D074,Bengaluru,2026-08-18T21:28:00,2026-08-18T22:25:40.505807,2026-08-18T21:53:05.327226,2026-08-18T22:29:46.405078,delivered,6.27,high,rain
O00357,C0853,R043,D003,Bengaluru,2026-08-23T13:09:00,2026-08-23T14:06:15.000676,2026-08-23T13:33:54.394112,2026-08-23T14:01:29.257915,delivered,7.26,high,clear
O00358,C0207,R045,D086,Bengaluru,2026-08-28T20:53:00,2026-08-28T22:14:29.275144,2026-08-28T21:25:44.733578,2026-08-28T22:21:08.692875,delivered,16.14,severe,clear
O00359,C0536,R019,D024,Bengaluru,2026-08-08T18:18:00,2026-08-08T19:37:48,2026-08-08T18:52:01.594456,2026-08-08T19:52:10.109482,delivered,18.0,high,clear
O00360,C0682,R028,D115,Bengaluru,2026-08-05T13:07:00,2026-08-05T14:04:58.570767,2026-08-05T13:36:07.262652,2026-08-05T14:14:36.129525,delivered,10.94,low,clear
O00361,C0696,R012,D038,Bengaluru,2026-08-16T20:29:00,2026-08-16T21:32:04.512977,2026-08-16T20:51:50.456544,2026-08-16T21:31:40.293468,delivered,7.37,severe,clear
O00362,C0395,R054,D049,Bengaluru,2026-08-11T19:46:00,2026-08-11T21:01:36,2026-08-11T20:05:41.493161,,cancelled,18.0,medium,clear
O00363,C0345,R051,D032,Bengaluru,2026-08-15T17:20:00,2026-08-15T18:12:54.543911,2026-08-15T17:28:21.700020,2026-08-15T17:54:21.366296,delivered,8.53,low,clear
O00364,C0394,R011,D085,Bengaluru,2026-08-12T17:45:00,2026-08-12T18:49:11.775703,2026-08-12T18:18:14.197763,2026-08-12T18:57:44.158657,delivered,10.57,high,clear
O00365,C0501,R018,D074,Bengaluru,2026-08-14T20:26:00,2026-08-14T21:38:48,2026-08-14T21:04:25.341143,2026-08-14T21:50:07.724515,delivered,18.0,low,clear
O00366,C0217,R037,D082,Bengaluru,2026-08-05T14:53:00,2026-08-05T15:35:49.999247,2026-08-05T15:35:52.058284,2026-08-05T15:48:06.842914,delivered,2.4,medium,clear
O00367,C0404,R059,D025,Bengaluru,2026-08-16T12:42:00,2026-08-16T13:49:08.677012,2026-08-16T13:02:35.163684,2026-08-16T13:41:30.839347,delivered,11.97,high,clear
O00368,C0345,R003,D063,Bengaluru,2026-08-16T23:52:00,2026-08-17T01:04:48,2026-08-17T00:20:48.059677,2026-08-17T01:05:57.795524,delivered,18.0,low,clear
O00369,C0752,R009,D025,Bengaluru,2026-08-12T11:18:00,2026-08-12T12:36:06,2026-08-12T11:49:39.189589,2026-08-12T12:40:10.926714,delivered,18.0,medium,rain
O00370,C0844,R016,D100,Bengaluru,2026-08-12T20:00:00,2026-08-12T21:02:39.192990,2026-08-12T20:29:08.557201,2026-08-12T21:02:20.863369,delivered,13.17,low,clear
O00371,C0215,R007,D010,Bengaluru,2026-08-04T20:59:00,2026-08-04T22:11:48,2026-08-04T21:32:19.080236,2026-08-04T22:13:52.159366,delivered,18.0,low,clear
O00372,C0240,R007,D116,Bengaluru,2026-08-05T19:19:00,2026-08-05T20:31:48,2026-08-05T19:50:49.397797,2026-08-05T20:33:09.521921,delivered,18.0,low,clear
O00373,C0349,R056,D023,Bengaluru,2026-08-02T18:58:00,2026-08-02T20:13:36,2026-08-02T19:17:32.288314,2026-08-02T20:09:38.146404,delivered,18.0,medium,clear
O00374,C0843,R036,D001,Bengaluru,2026-08-19T17:10:00,2026-08-19T18:24:58.125026,2026-08-19T17:34:20.116953,2026-08-19T18:31:14.298709,delivered,14.51,high,rain
O00375,C0707,R044,D085,Bengaluru,2026-08-07T22:54:00,2026-08-08T00:13:48,2026-08-07T23:14:11.858204,2026-08-08T00:10:32.483413,delivered,18.0,high,clear
O00376,C0276,R048,D110,Bengaluru,2026-08-15T12:08:00,2026-08-15T12:53:04.458548,2026-08-15T12:34:27.705834,2026-08-15T12:50:42.324350,delivered,3.46,medium,clear
O00377,C0260,R020,D053,Bengaluru,2026-08-28T17:54:00,2026-08-28T18:52:41.615973,2026-08-28T18:18:11.811990,2026-08-28T18:53:13.696174,delivered,10.09,low,rain
O00378,C0087,R041,D011,Bengaluru,2026-08-23T19:06:00,2026-08-23T20:28:18,2026-08-23T19:32:45.361566,2026-08-23T20:36:56.288888,delivered,18.0,high,rain
O00379,C0582,R042,D098,Bengaluru,2026-08-26T20:25:00,2026-08-26T21:22:29.238692,2026-08-26T20:37:02.211297,2026-08-26T21:08:17.367164,delivered,9.37,medium,clear
O00380,C0536,R017,D005,Bengaluru,2026-08-16T19:11:00,2026-08-16T20:13:57.495432,2026-08-16T19:25:02.611520,2026-08-16T20:01:53.244407,delivered,11.98,medium,clear
O00381,C0282,R055,D080,Bengaluru,2026-08-18T17:55:00,2026-08-18T19:10:36,2026-08-18T18:20:57.058759,2026-08-18T19:08:39.382818,delivered,18.0,medium,clear
O00382,C0573,R004,D082,Bengaluru,2026-08-28T20:56:00,2026-08-28T21:54:13.123900,2026-08-28T21:39:20.716819,2026-08-28T22:12:02.937686,delivered,7.72,high,clear
O00383,C0557,R050,D100,Bengaluru,2026-08-13T19:22:00,2026-08-13T20:22:18.067805,2026-08-13T20:09:01.449265,2026-08-13T20:44:09.791917,delivered,8.71,high,clear
O00384,C0012,R060,D110,Bengaluru,2026-08-21T16:05:00,2026-08-21T17:11:27.779222,2026-08-21T16:32:11.702845,,cancelled,8.98,severe,clear
O00385,C0667,R018,D065,Bengaluru,2026-08-22T21:36:00,2026-08-22T22:38:31.151906,2026-08-22T22:26:04.337203,2026-08-22T23:01:01.308053,delivered,11.77,medium,clear
O00386,C0101,R043,D072,Bengaluru,2026-08-11T13:19:00,2026-08-11T14:06:14.265833,2026-08-11T13:43:10.825241,2026-08-11T14:01:21.008075,delivered,4.49,medium,clear
O00387,C0457,R057,D070,Bengaluru,2026-08-03T19:37:00,2026-08-03T20:35:10.014244,2026-08-03T20:21:29.972443,2026-08-03T20:53:23.748909,delivered,11.03,low,clear
O00388,C0181,R033,D063,Bengaluru,2026-08-20T18:42:00,2026-08-20T20:01:48,2026-08-20T19:20:01.461152,2026-08-20T20:12:32.475488,delivered,18.0,high,clear
O00389,C0608,R045,D073,Bengaluru,2026-08-08T13:43:00,2026-08-08T14:54:38.461031,2026-08-08T14:13:48.970442,2026-08-08T15:02:50.349868,delivered,12.92,high,rain
O00390,C0666,R017,D009,Bengaluru,2026-08-04T13:01:00,2026-08-04T14:01:21.052216,2026-08-04T13:14:57.572546,2026-08-04T13:51:42.914025,delivered,9.55,medium,rain
O00391,C0024,R035,D007,Bengaluru,2026-08-16T20:03:00,2026-08-16T21:22:03.940450,2026-08-16T20:40:29.052534,2026-08-16T21:36:10.361588,delivered,17.65,high,clear
O00392,C0372,R003,D113,Bengaluru,2026-08-04T18:53:00,2026-08-04T20:08:36,2026-08-04T19:25:11.487414,2026-08-04T20:12:56.928491,delivered,18.0,medium,clear
O00393,C0512,R054,D109,Bengaluru,2026-08-07T23:28:00,2026-08-08T00:46:06,2026-08-08T00:12:22.791458,2026-08-08T01:10:59.732094,delivered,18.0,medium,rain
O00394,C0062,R048,D067,Bengaluru,2026-08-01T19:57:00,2026-08-01T21:14:48.850681,2026-08-01T20:26:47.410789,2026-08-01T21:13:09.877796,delivered,17.86,medium,rain
O00395,C0060,R040,D059,Bengaluru,2026-08-15T17:58:00,2026-08-15T19:25:54,2026-08-15T18:20:44.580725,2026-08-15T19:30:28.678239,delivered,18.0,severe,rain
O00396,C0775,R055,D012,Bengaluru,2026-08-28T12:49:00,2026-08-28T14:14:24,2026-08-28T13:09:42.864711,2026-08-28T14:13:24.650787,delivered,18.0,severe,clear
O00397,C0747,R005,D038,Bengaluru,2026-08-27T18:20:00,2026-08-27T19:31:26.416249,2026-08-27T19:02:28.708725,2026-08-27T19:46:41.191047,delivered,16.02,medium,clear
O00398,C0225,R050,D076,Bengaluru,2026-08-23T23:53:00,2026-08-24T01:03:58.563290,2026-08-24T00:21:08.275161,2026-08-24T01:07:49.200891,delivered,13.8,high,clear
O00399,C0530,R001,D036,Bengaluru,2026-08-13T22:56:00,2026-08-14T00:10:49.485364,2026-08-13T23:38:16.479414,2026-08-14T00:25:09.809597,delivered,17.63,medium,clear
O00400,C0851,R004,D035,Bengaluru,2026-08-05T12:23:00,2026-08-05T13:00:37.220060,2026-08-05T13:04:02.481272,2026-08-05T13:14:08.233667,delivered,1.25,low,clear
O00401,C0842,,D046,Bengaluru,2026-08-24T18:08:00,2026-08-24T19:23:36,2026-08-24T18:43:49.644278,2026-08-24T19:32:35.926083,delivered,18.0,medium,clear
O00402,C0662,,D107,Bengaluru,2026-08-21T18:00:00,2026-08-21T18:52:49.033044,2026-08-21T18:21:13.418765,2026-08-21T18:47:25.022309,delivered,5.96,medium,rain
O00403,C0240,,D099,Bengaluru,2026-08-16T22:38:00,2026-08-17T00:09:24,2026-08-16T23:10:17.272665,2026-08-17T00:26:52.711811,delivered,18.0,severe,heavy_rain
O00404,C0715,R010,,Bengaluru,2026-08-06T18:59:00,2026-08-06T19:55:50.781031,2026-08-06T19:44:41.534794,2026-08-06T20:14:58.336586,delivered,9.07,medium,clear
O00405,C0809,R035,,Bengaluru,2026-08-20T20:59:00,2026-08-20T22:10:59.969242,2026-08-20T21:10:48.826622,2026-08-20T21:58:43.608157,delivered,16.29,medium,clear
O00406,C0746,R048,,Bengaluru,2026-08-06T19:27:00,2026-08-06T20:42:18,2026-08-06T19:43:30.498697,2026-08-06T20:29:35.614643,delivered,18.0,low,rain
O00407,C0522,R005,D089,Bengaluru,2026-08-06T21:47:00,2026-08-06T23:02:36,2026-08-06T22:11:11.408483,2026-08-06T22:52:25.575684,delivered,18.0,medium,clear
O00408,C0801,R042,D105,Bengaluru,2026-08-04T21:01:00,2026-08-04T22:22:36,2026-08-04T21:37:07.720823,2026-08-04T22:40:13.132647,delivered,18.0,medium,heavy_rain
O00409,C0833,R018,D047,Bengaluru,2026-08-15T16:46:00,2026-08-15T18:13:54,2026-08-15T17:33:56.083111,2026-08-15T18:41:17.365236,delivered,18.0,severe,rain
O00410,C0240,R057,D038,Bengaluru,2026-08-01T21:10:00,2026-08-01T22:25:36,2026-08-01T21:28:28.765037,2026-08-01T22:17:16.393051,delivered,18.0,medium,clear
O00411,C0227,R017,D087,Bengaluru,2026-08-07T18:56:00,2026-08-07T20:11:36,2026-08-07T19:29:13.619671,2026-08-07T20:20:35.202056,delivered,18.0,medium,clear
O00412,C0504,R008,D003,Bengaluru,2026-08-16T18:41:00,2026-08-16T19:56:36,2026-08-16T19:07:10.882552,2026-08-16T19:55:09.085320,delivered,18.0,medium,clear
O00413,C0463,R017,D044,Bengaluru,2026-08-14T17:29:00,2026-08-14T18:48:48,2026-08-14T18:05:07.858144,2026-08-14T18:59:53.343732,delivered,18.0,high,clear
O00414,C0794,R045,D077,Bengaluru,2026-08-23T16:37:00,2026-08-23T17:36:16.732852,2026-08-23T17:01:32.420393,2026-08-23T17:35:10.727789,delivered,8.23,high,clear
O00415,C0339,R040,D072,Bengaluru,2026-08-04T11:41:00,2026-08-04T12:56:36,2026-08-04T12:05:41.256716,2026-08-04T13:02:04.576882,delivered,18.0,medium,clear
O00416,C0662,R020,D056,Bengaluru,2026-08-23T23:54:00,2026-08-24T00:44:27.031961,2026-08-24T00:38:00.030492,2026-08-24T01:02:02.845479,delivered,7.36,low,clear
O00417,C0302,R022,D035,Bengaluru,2026-08-16T11:28:00,2026-08-16T12:43:36,2026-08-16T11:51:05.315081,,delivered,18.0,medium,clear
O00418,C0476,R057,D032,Bengaluru,2026-08-16T18:46:00,2026-08-16T19:49:46.772563,2026-08-16T19:04:58.710867,2026-08-16T19:41:01.155907,delivered,10.37,high,clear
O00419,C0729,R032,D046,Bengaluru,2026-08-21T17:44:00,2026-08-21T18:59:36,2026-08-21T18:08:48.212238,2026-08-21T18:52:37.016518,delivered,18.0,medium,clear
O00420,C0696,R010,D072,Bengaluru,2026-08-22T19:23:00,2026-08-22T20:25:52.048553,2026-08-22T19:35:15.327557,2026-08-22T20:12:57.582167,delivered,8.75,high,rain
O00421,C0246,R045,D049,Bengaluru,2026-08-16T16:13:00,2026-08-16T17:30:19.761307,2026-08-16T16:27:24.562471,2026-08-16T17:22:02.337957,delivered,15.97,medium,heavy_rain
O00422,C0193,R024,D068,Bengaluru,2026-08-09T23:50:00,2026-08-10T01:05:36,2026-08-10T00:21:17.685063,2026-08-10T01:11:13.941923,delivered,18.0,medium,clear
O00423,C0757,R054,D046,Bengaluru,2026-08-20T20:06:00,2026-08-20T21:14:47.938614,2026-08-20T20:38:45.082177,2026-08-20T21:24:09.603263,delivered,12.76,high,clear
O00424,C0205,R036,D072,Bengaluru,2026-08-28T14:26:00,2026-08-28T15:42:26.121250,2026-08-28T14:42:25.733641,2026-08-28T15:36:54.841762,delivered,16.4,high,clear
O00425,C0173,R027,D074,Bengaluru,2026-08-08T13:27:00,2026-08-08T14:32:01.304358,2026-08-08T13:54:11.889666,2026-08-08T14:28:50.303810,delivered,12.96,medium,clear
O00426,C0023,R034,D120,Bengaluru,2026-08-02T19:41:00,2026-08-02T20:53:48,2026-08-02T20:00:38.300571,2026-08-02T20:44:23.948590,delivered,18.0,low,clear
O00427,C0894,R015,D024,Bengaluru,2026-08-17T19:09:00,2026-08-17T20:07:43.943480,2026-08-17T19:20:28.637551,2026-08-17T19:50:24.964047,delivered,7.97,high,clear
O00428,C0882,R007,D040,Bengaluru,2026-08-05T18:34:00,2026-08-05T19:49:36,2026-08-05T19:08:12.922426,2026-08-05T19:58:06.809822,delivered,18.0,medium,clear
O00429,C0002,R044,D003,Bengaluru,2026-08-12T15:32:00,2026-08-12T16:47:36,2026-08-12T15:44:29.195931,2026-08-12T16:37:40.219550,delivered,18.0,medium,clear
O00430,C0202,R030,D012,Bengaluru,2026-08-23T18:08:00,2026-08-23T18:59:04.338422,2026-08-23T18:38:58.898892,2026-08-23T19:08:20.075743,delivered,4.32,high,clear
O00431,C0502,R029,D002,Bengaluru,2026-08-15T12:43:00,2026-08-15T13:55:24.648274,2026-08-15T13:24:20.674411,2026-08-15T14:09:44.999580,delivered,16.48,medium,clear
O00432,C0381,R008,D030,Bengaluru,2026-08-15T13:45:00,2026-08-15T14:48:20.523075,2026-08-15T14:08:34.836005,,cancelled,12.16,medium,clear
O00433,C0336,R050,D051,Bengaluru,2026-08-04T19:26:00,2026-08-04T20:38:48,2026-08-04T20:01:46.731336,2026-08-04T20:48:09.272928,delivered,18.0,low,clear
O00434,C0101,R060,D102,Bengaluru,2026-08-10T21:13:00,2026-08-10T22:14:23.774461,2026-08-10T21:47:32.917101,2026-08-10T22:21:41.776640,delivered,12.57,low,clear
O00435,C0132,R024,D039,Bengaluru,2026-08-25T18:28:00,2026-08-25T19:40:48,2026-08-25T19:06:12.364806,2026-08-25T19:46:59.243904,delivered,18.0,low,clear
O00436,C0841,R020,D023,Bengaluru,2026-08-26T20:19:00,2026-08-26T21:07:14.832222,2026-08-26T20:43:39.141619,2026-08-26T21:07:50.694054,delivered,4.97,medium,clear
O00437,C0685,R008,D057,Bengaluru,2026-08-06T23:17:00,2026-08-07T00:03:37.872613,2026-08-06T23:43:31.993973,2026-08-07T00:09:45.053104,delivered,2.21,high,clear
O00438,C0376,R022,D111,Bengaluru,2026-08-11T17:05:00,2026-08-11T18:11:10.630939,2026-08-11T17:25:56.515880,2026-08-11T18:04:08.838969,delivered,14.85,low,clear
O00439,C0642,R053,D037,Bengaluru,2026-08-01T19:19:00,2026-08-01T20:16:27.122711,2026-08-01T19:35:45.766686,2026-08-01T20:07:49.250300,delivered,9.36,medium,clear
O00440,C0531,R017,D061,Bengaluru,2026-08-04T15:20:00,2026-08-04T16:35:36,2026-08-04T15:41:19.457322,2026-08-04T16:34:17.163086,delivered,18.0,medium,clear
O00441,C0294,R016,D005,Bengaluru,2026-08-21T18:50:00,2026-08-21T20:13:53.409808,2026-08-21T19:11:05.536493,2026-08-21T20:13:54.660469,delivered,17.28,severe,clear
O00442,C0758,R058,D012,Bengaluru,2026-08-16T15:16:00,2026-08-16T16:35:48,2026-08-16T15:45:58.484206,2026-08-16T16:41:19.586539,delivered,18.0,high,clear
O00443,C0495,R053,D120,Bengaluru,2026-08-07T19:51:00,2026-08-07T20:39:40.493123,2026-08-07T20:18:36.734225,2026-08-07T20:39:53.336758,delivered,5.18,medium,clear
O00444,C0307,R026,D081,Bengaluru,2026-08-20T18:57:00,2026-08-20T20:09:48,2026-08-20T19:28:04.430931,2026-08-20T20:13:22.809956,delivered,18.0,low,clear
O00445,C0741,R060,D074,Bengaluru,2026-08-06T21:51:00,2026-08-06T22:52:49.650682,2026-08-06T22:14:43.060868,2026-08-06T22:55:45.658926,delivered,9.44,high,clear
O00446,C0780,R045,D081,Bengaluru,2026-08-02T15:57:00,2026-08-02T17:16:48,2026-08-02T16:42:19.366626,2026-08-02T17:37:54.470187,delivered,18.0,high,clear
O00447,C0725,R048,D036,Bengaluru,2026-08-09T22:54:00,2026-08-10T00:01:40.137664,2026-08-09T23:14:55.686606,2026-08-09T23:56:36.830649,delivered,14.22,medium,clear
O00448,C0284,R026,D028,Bengaluru,2026-08-11T17:26:00,2026-08-11T18:41:36,2026-08-11T17:35:39.744301,2026-08-11T18:28:35.108836,delivered,18.0,medium,clear
O00449,C0070,R035,D008,Bengaluru,2026-08-24T14:44:00,2026-08-24T15:59:36,2026-08-24T15:16:58.800082,2026-08-24T16:03:31.310257,delivered,18.0,medium,clear
O00450,C0202,R007,D094,Bengaluru,2026-08-11T21:15:00,2026-08-11T22:27:48,2026-08-11T21:43:23.756324,2026-08-11T22:28:04.340517,delivered,18.0,low,clear
O00451,C0549,R018,D088,Bengaluru,2026-08-28T19:50:00,2026-08-28T21:05:18,2026-08-28T20:06:53.045584,2026-08-28T20:50:59.561341,delivered,18.0,low,rain
O00452,C0020,R057,D106,Bengaluru,2026-08-20T11:24:00,2026-08-20T12:39:36,2026-08-20T11:44:42.156314,2026-08-20T12:29:57.824096,delivered,18.0,medium,clear
O00453,C0546,R057,D095,Bengaluru,2026-08-26T21:57:00,2026-08-26T22:56:53.748975,2026-08-26T22:14:23.713907,2026-08-26T22:49:09.630432,delivered,10.52,medium,clear
O00454,C0179,R036,D027,Bengaluru,2026-08-19T21:49:00,2026-08-19T22:51:28.955751,2026-08-19T22:20:59.619685,2026-08-19T22:50:24.317720,delivered,13.09,low,clear
O00455,C0202,R024,D003,Bengaluru,2026-08-07T19:12:00,2026-08-07T20:31:48,2026-08-07T19:29:38.924040,2026-08-07T20:23:57.360990,delivered,18.0,high,clear
O00456,C0746,R009,D053,Bengaluru,2026-08-01T19:44:00,2026-08-01T20:59:36,2026-08-01T20:02:34.501796,2026-08-01T20:50:35.703316,delivered,18.0,medium,clear
O00457,C0168,R037,D035,Bengaluru,2026-08-01T18:09:00,2026-08-01T19:23:01.963181,2026-08-01T18:28:52.499454,,cancelled,17.25,medium,clear
O00458,C0438,R012,D032,Bengaluru,2026-08-09T20:21:00,2026-08-09T21:40:48,2026-08-09T20:48:52.500807,2026-08-09T21:46:14.169158,delivered,18.0,high,clear
O00459,C0468,R041,D002,Bengaluru,2026-08-15T15:51:00,2026-08-15T17:06:36,2026-08-15T16:19:29.867757,2026-08-15T17:10:33.050292,delivered,18.0,medium,clear
O00460,C0087,R026,D104,Bengaluru,2026-08-12T16:27:00,2026-08-12T17:52:24,2026-08-12T17:21:45.188189,2026-08-12T18:29:16.970368,delivered,18.0,severe,clear
O00461,C0106,R051,D094,Bengaluru,2026-08-07T20:50:00,2026-08-07T22:00:29.282287,2026-08-07T21:24:54.520288,2026-08-07T22:11:51.984216,delivered,15.57,medium,clear
O00462,C0013,R014,D008,Bengaluru,2026-08-19T17:58:00,2026-08-19T19:16:51.095938,2026-08-19T18:22:08.015036,2026-08-19T19:15:36.063975,delivered,17.55,high,clear
O00463,C0046,R043,D094,Bengaluru,2026-08-05T20:18:00,2026-08-05T21:09:20.034501,2026-08-05T20:38:40.569574,2026-08-05T20:59:25.548003,delivered,6.44,medium,clear
O00464,C0113,R006,D053,Bengaluru,2026-08-12T22:18:00,2026-08-12T23:19:16.349188,2026-08-12T22:38:43.935647,2026-08-12T23:20:52.276320,delivered,9.18,high,clear
O00465,C0061,R038,D112,Bengaluru,2026-08-22T21:12:00,2026-08-22T22:37:48,2026-08-22T21:37:56.960467,2026-08-22T22:44:22.405513,delivered,18.0,high,heavy_rain
O00466,C0746,R007,D088,Bengaluru,2026-08-25T22:55:00,2026-08-26T00:10:36,2026-08-25T23:09:57.216011,2026-08-25T23:54:10.521612,delivered,18.0,medium,clear
O00467,C0778,R006,D016,Bengaluru,2026-08-25T22:26:00,2026-08-25T23:09:25.878898,2026-08-25T22:39:36.250437,2026-08-25T22:57:16.469139,delivered,4.01,low,clear
O00468,C0736,R004,D003,Bengaluru,2026-08-25T19:19:00,2026-08-25T20:28:18.813867,2026-08-25T19:45:10.926338,2026-08-25T20:26:28.040733,delivered,15.01,medium,clear
O00469,C0266,R041,D005,Bengaluru,2026-08-16T12:36:00,2026-08-16T14:01:24,2026-08-16T12:50:02.914224,2026-08-16T13:57:01.320777,delivered,18.0,severe,clear
O00470,C0897,R030,D083,Bengaluru,2026-08-08T16:33:00,2026-08-08T17:21:01.861986,2026-08-08T17:01:51.082439,2026-08-08T17:21:49.192249,delivered,6.21,low,clear
O00471,C0099,R010,D007,Bengaluru,2026-08-07T16:52:00,2026-08-07T18:05:01.715169,2026-08-07T17:20:12.632435,2026-08-07T18:12:27.727545,delivered,14.78,high,clear
O00472,C0448,R056,D109,Bengaluru,2026-08-08T18:58:00,2026-08-08T20:13:36,2026-08-08T19:33:38.617887,2026-08-08T20:27:50.690781,delivered,18.0,medium,clear
O00473,C0719,R002,D064,Bengaluru,2026-08-14T18:58:00,2026-08-14T20:17:48,2026-08-14T20:05:22.631148,2026-08-14T21:04:00.769224,delivered,18.0,high,clear
O00474,C0127,R021,D050,Bengaluru,2026-08-04T23:04:00,2026-08-05T00:23:48,2026-08-04T23:19:24.678164,2026-08-05T00:17:35.652368,delivered,18.0,high,clear
O00475,C0883,R056,D058,Bengaluru,2026-08-11T19:29:00,2026-08-11T20:44:36,2026-08-11T19:45:41.208149,2026-08-11T20:37:47.131885,delivered,18.0,medium,clear
O00476,C0889,R054,D117,Bengaluru,2026-08-04T18:25:00,2026-08-04T19:37:48,2026-08-04T19:08:28.451241,2026-08-04T19:51:57.232492,delivered,18.0,low,clear
O00477,C0117,R007,D011,Bengaluru,2026-08-21T19:42:00,2026-08-21T21:01:48,2026-08-21T20:14:32.816157,2026-08-21T21:10:10.485830,delivered,18.0,high,clear
O00478,C0264,R045,D096,Bengaluru,2026-08-11T20:43:00,2026-08-11T21:47:16.786315,2026-08-11T20:58:20.684682,2026-08-11T21:41:14.596300,delivered,10.61,high,clear
O00479,C0477,R038,D023,Bengaluru,2026-08-13T22:07:00,2026-08-13T23:22:36,2026-08-13T22:37:57.674973,,cancelled,18.0,medium,clear
O00480,C0718,R045,D119,Bengaluru,2026-08-03T19:17:00,2026-08-03T20:09:31.086534,2026-08-03T20:01:17.339837,2026-08-03T20:24:59.005306,delivered,5.01,high,clear
O00481,C0811,R014,D036,Bengaluru,2026-08-23T17:59:00,2026-08-23T19:24:24,2026-08-23T18:28:42.877804,2026-08-23T19:28:49.624756,delivered,18.0,severe,clear
O00482,C0093,R043,D073,Bengaluru,2026-08-13T18:47:00,2026-08-13T19:33:41.196323,2026-08-13T19:05:44.137111,2026-08-13T19:27:34.860111,delivered,4.23,medium,clear
O00483,C0670,R004,D079,Bengaluru,2026-08-10T14:24:00,2026-08-10T15:16:30.689606,2026-08-10T14:48:51.887736,2026-08-10T15:12:37.375389,delivered,8.34,low,clear
O00484,C0028,R057,D065,Bengaluru,2026-08-21T20:48:00,2026-08-21T21:34:23.305353,2026-08-21T21:12:39.799380,2026-08-21T21:34:51.865762,delivered,4.23,low,rain
O00485,C0864,R026,D005,Bengaluru,2026-08-15T19:04:00,2026-08-15T20:14:10.687624,2026-08-15T19:32:08.015329,2026-08-15T20:15:21.486824,delivered,13.42,high,clear
O00486,C0464,R043,D073,Bengaluru,2026-08-06T20:15:00,2026-08-06T21:03:54.308146,2026-08-06T20:44:25.019780,2026-08-06T21:06:08.388424,delivered,5.29,medium,clear
O00487,C0894,R041,D024,Bengaluru,2026-08-24T17:09:00,2026-08-24T18:31:18,2026-08-24T17:41:15.588153,2026-08-24T18:42:38.911522,delivered,18.0,high,rain
O00488,C0774,R018,D055,Bengaluru,2026-08-13T18:30:00,2026-08-13T19:11:11.200279,2026-08-13T19:05:41.399010,,delivered,2.95,low,clear
O00489,C0344,R017,D083,Bengaluru,2026-08-19T12:56:00,2026-08-19T14:06:14.792264,2026-08-19T13:22:11.946224,2026-08-19T14:10:45.484437,delivered,15.59,low,rain
O00490,C0579,R016,D018,Bengaluru,2026-08-08T15:02:00,2026-08-08T16:27:24,2026-08-08T15:31:51.592269,2026-08-08T16:33:39.027665,delivered,18.0,severe,clear
O00491,C0003,R045,D010,Bengaluru,2026-08-13T17:37:00,2026-08-13T18:32:57.974230,2026-08-13T18:14:28.409589,2026-08-13T18:47:18.156455,delivered,3.98,severe,clear
O00492,C0015,R023,D101,Bengaluru,2026-08-26T17:09:00,2026-08-26T18:12:37.192858,2026-08-26T17:34:44.467541,,cancelled,12.3,medium,clear
O00493,C0243,R026,D032,Bengaluru,2026-08-01T12:49:00,2026-08-01T14:08:48,2026-08-01T13:06:55.188378,2026-08-01T14:05:02.111690,delivered,18.0,high,clear
O00494,C0055,R048,D119,Bengaluru,2026-08-06T14:47:00,2026-08-06T15:32:52.726833,2026-08-06T15:11:13.290322,2026-08-06T15:26:09.157721,delivered,5.18,low,clear
O00495,C0209,R031,D062,Bengaluru,2026-08-11T11:15:00,2026-08-11T12:30:36,2026-08-11T11:47:59.729444,,cancelled,18.0,medium,clear
O00496,C0033,R028,D001,Bengaluru,2026-08-04T14:50:00,2026-08-04T16:02:48,2026-08-04T14:59:12.709125,2026-08-04T15:48:57.375761,delivered,18.0,low,clear
O00497,C0482,R032,D075,Bengaluru,2026-08-13T19:22:00,2026-08-13T20:44:18,2026-08-13T20:14:53.614453,2026-08-13T21:16:04.765594,delivered,18.0,high,rain
O00498,C0888,R033,D119,Bengaluru,2026-08-16T18:42:00,2026-08-16T20:00:48,2026-08-16T19:01:54.646696,,cancelled,18.0,low,heavy_rain
O00499,C0277,R002,D104,Bengaluru,2026-08-26T20:43:00,2026-08-26T21:58:36,2026-08-26T21:14:02.441452,2026-08-26T22:05:43.231907,delivered,18.0,medium,clear
O00500,C0822,R056,D007,Bengaluru,2026-08-07T19:55:00,2026-08-07T21:10:36,2026-08-07T20:09:07.662397,2026-08-07T20:59:18.080821,delivered,18.0,medium,clear
O00501,C0509,R033,D087,Bengaluru,2026-08-22T19:06:00,2026-08-22T20:21:36,2026-08-22T19:33:24.991506,2026-08-22T20:22:22.012259,delivered,18.0,medium,clear
O00502,C0148,R051,D098,Bengaluru,2026-08-21T20:05:00,2026-08-21T20:58:47.101348,2026-08-21T20:28:17.555642,2026-08-21T20:59:16.781520,delivered,5.61,high,clear
O00503,C0881,R020,D088,Bengaluru,2026-08-24T19:12:00,2026-08-24T20:31:48,2026-08-24T19:40:06.518413,2026-08-24T20:31:00.878093,delivered,18.0,high,clear
O00504,C0716,R039,D023,Bengaluru,2026-08-20T19:06:00,2026-08-20T20:14:13.426543,2026-08-20T19:37:47.238817,2026-08-20T20:22:24.409143,delivered,14.49,medium,clear
O00505,C0479,R012,D081,Bengaluru,2026-08-20T16:32:00,2026-08-20T17:48:32.813282,2026-08-20T16:59:35.581676,2026-08-20T17:52:48.639434,delivered,13.78,severe,clear
O00506,C0274,R013,D105,Bengaluru,2026-08-08T19:03:00,2026-08-08T20:07:52.391855,2026-08-08T19:19:30.312766,2026-08-08T20:00:32.805129,delivered,8.23,severe,clear
O00507,C0399,R050,D059,Bengaluru,2026-08-17T20:18:00,2026-08-17T21:26:22.799209,2026-08-17T20:40:18.973164,2026-08-17T21:25:25.528884,delivered,12.56,high,clear
O00508,C0499,R033,D051,Bengaluru,2026-08-10T21:13:00,2026-08-10T22:25:48,2026-08-10T21:53:24.611482,2026-08-10T22:37:41.070276,delivered,18.0,low,clear
O00509,C0519,R030,D052,Bengaluru,2026-08-02T12:32:00,2026-08-02T13:51:48,2026-08-02T12:51:46.364440,2026-08-02T13:43:14.227492,delivered,18.0,high,clear
O00510,C0797,R029,D065,Bengaluru,2026-08-26T19:05:00,2026-08-26T20:25:41.022620,2026-08-26T19:29:57.992323,2026-08-26T20:30:54.899123,delivered,17.23,high,rain
O00511,C0064,R038,D015,Bengaluru,2026-08-09T19:06:00,2026-08-09T20:25:48,2026-08-09T19:26:39.457940,2026-08-09T20:24:14.113395,delivered,18.0,high,clear
O00512,C0190,R012,D062,Bengaluru,2026-08-27T18:51:00,2026-08-27T20:06:36,2026-08-27T19:16:59.110922,2026-08-27T20:03:15.140941,delivered,18.0,medium,clear
O00513,C0109,R024,D078,Bengaluru,2026-08-06T11:28:00,2026-08-06T12:47:48,2026-08-06T12:13:16.032656,2026-08-06T13:10:37.271716,delivered,18.0,high,clear
O00514,C0419,R053,D014,Bengaluru,2026-08-10T11:33:00,2026-08-10T12:52:48,2026-08-10T11:56:41.364381,2026-08-10T12:52:29.021367,delivered,18.0,high,clear
O00515,C0672,R025,D033,Bengaluru,2026-08-02T13:19:00,2026-08-02T14:21:51.106890,2026-08-02T13:49:46.710718,2026-08-02T14:28:28.839181,delivered,9.93,high,clear
O00516,C0001,R011,D119,Bengaluru,2026-08-14T22:09:00,2026-08-14T23:01:21.831360,2026-08-14T22:24:35.856083,2026-08-14T22:52:14.077541,delivered,6.94,medium,clear
O00517,C0328,R035,D076,Bengaluru,2026-08-20T15:17:00,2026-08-20T16:29:48,2026-08-20T15:46:52.677476,2026-08-20T16:34:46.946537,delivered,18.0,low,clear
O00518,C0493,R041,D102,Bengaluru,2026-08-13T22:50:00,2026-08-14T00:15:24,2026-08-13T23:08:58.139851,2026-08-14T00:13:54.923342,delivered,18.0,severe,clear
O00519,C0864,R011,D083,Bengaluru,2026-08-25T17:22:00,2026-08-25T18:20:59.008918,2026-08-25T17:51:51.099458,2026-08-25T18:26:03.977828,delivered,8.09,high,clear
O00520,C0489,R050,D089,Bengaluru,2026-08-09T11:46:00,2026-08-09T13:05:48,2026-08-09T12:14:11.608672,2026-08-09T13:08:00.653735,delivered,18.0,high,clear
O00521,C0854,R026,D038,Bengaluru,2026-08-27T14:40:00,2026-08-27T15:55:17.426533,2026-08-27T14:58:13.980566,2026-08-27T15:54:11.349727,delivered,14.66,high,rain
O00522,C0748,R027,D015,Bengaluru,2026-08-16T20:00:00,2026-08-16T21:25:24,2026-08-16T20:22:48.526265,2026-08-16T21:29:40.702440,delivered,18.0,severe,clear
O00523,C0865,R056,D039,Bengaluru,2026-08-23T18:22:00,2026-08-23T19:37:36,2026-08-23T18:55:41.930569,2026-08-23T19:47:53.336916,delivered,18.0,medium,clear
O00524,C0611,R042,D015,Bengaluru,2026-08-12T22:27:00,2026-08-12T23:27:04.414916,2026-08-12T22:51:29.102072,2026-08-12T23:27:58.269309,delivered,10.61,medium,clear
O00525,C0280,R022,D107,Bengaluru,2026-08-10T22:41:00,2026-08-10T23:46:04.170706,2026-08-10T23:07:35.282202,2026-08-10T23:52:57.894133,delivered,11.8,medium,rain
O00526,C0833,R006,D100,Bengaluru,2026-08-16T14:33:00,2026-08-16T15:48:36,2026-08-16T15:17:53.581660,2026-08-16T16:11:11.602959,delivered,18.0,medium,clear
O00527,C0480,R020,D050,Bengaluru,2026-08-22T21:10:00,2026-08-22T22:04:26.146473,2026-08-22T21:55:49.639157,2026-08-22T22:21:18.666861,delivered,9.26,low,clear
O00528,C0367,R043,D020,Bengaluru,2026-08-16T23:17:00,2026-08-17T00:29:48,2026-08-16T23:31:38.263244,2026-08-17T00:15:52.556292,delivered,18.0,low,clear
O00529,C0828,R041,D089,Bengaluru,2026-08-01T20:15:00,2026-08-01T21:30:18,2026-08-01T20:26:07.771825,,cancelled,18.0,low,rain
O00530,C0634,R010,D010,Bengaluru,2026-08-16T12:27:00,2026-08-16T13:11:23.957324,2026-08-16T12:45:47.645194,2026-08-16T13:01:57.626904,delivered,3.14,medium,clear
O00531,C0586,R026,D081,Bengaluru,2026-08-06T13:54:00,2026-08-06T15:09:36,2026-08-06T14:25:27.840160,,cancelled,18.0,medium,clear
O00532,C0381,R043,D007,Bengaluru,2026-08-14T11:12:00,2026-08-14T11:59:16.434888,2026-08-14T11:34:31.657150,2026-08-14T11:56:02.760445,delivered,5.84,low,clear
O00533,C0095,R040,D072,Bengaluru,2026-08-14T15:57:00,2026-08-14T16:59:11.129602,2026-08-14T16:37:12.401763,2026-08-14T17:11:33.220021,delivered,12.95,low,clear
O00534,C0320,R051,D111,Bengaluru,2026-08-28T13:23:00,2026-08-28T14:42:48,2026-08-28T13:49:37.407434,2026-08-28T14:44:49.614480,delivered,18.0,high,clear
O00535,C0299,R046,D010,Bengaluru,2026-08-04T11:58:00,2026-08-04T13:10:52.866721,2026-08-04T12:29:53.051296,2026-08-04T13:17:42.377460,delivered,13.51,high,rain
O00536,C0056,R044,D030,Bengaluru,2026-08-14T18:16:00,2026-08-14T19:20:50.458342,2026-08-14T18:36:34.766424,2026-08-14T19:16:01.586065,delivered,10.88,high,clear
O00537,C0649,R041,D048,Bengaluru,2026-08-17T20:10:00,2026-08-17T21:25:36,2026-08-17T20:33:09.136903,2026-08-17T21:23:10.761992,delivered,18.0,medium,clear
O00538,C0053,R047,D041,Bengaluru,2026-08-13T18:24:00,2026-08-13T19:15:21.924250,2026-08-13T18:45:31.965439,2026-08-13T19:12:51.930961,delivered,6.46,medium,clear
O00539,C0221,R044,D083,Bengaluru,2026-08-06T14:34:00,2026-08-06T15:42:26.914278,2026-08-06T15:21:38.611073,2026-08-06T16:05:43.810322,delivered,14.59,medium,clear
O00540,C0131,R058,D037,Bengaluru,2026-08-20T23:20:00,2026-08-21T00:23:44.226468,2026-08-20T23:48:59.461859,2026-08-21T00:27:34.705324,delivered,13.68,low,clear
O00541,C0447,R057,D094,Bengaluru,2026-08-09T13:01:00,2026-08-09T13:58:17.316493,2026-08-09T13:21:17.843451,2026-08-09T13:58:21.685308,delivered,6.42,medium,heavy_rain
O00542,C0220,R036,D004,Bengaluru,2026-08-19T19:54:00,2026-08-19T20:44:58.420796,2026-08-19T20:08:27.829813,2026-08-19T20:33:18.355194,delivered,4.27,high,clear
O00543,C0305,R008,D048,Bengaluru,2026-08-21T16:19:00,2026-08-21T17:31:48,2026-08-21T16:45:49.876920,2026-08-21T17:30:03.893237,delivered,18.0,low,clear
O00544,C0895,R023,D029,Bengaluru,2026-08-13T17:07:00,2026-08-13T18:26:48,2026-08-13T17:52:30.152236,2026-08-13T18:51:42.909258,delivered,18.0,high,clear
O00545,C0030,R014,D014,Bengaluru,2026-08-24T20:54:00,2026-08-24T22:13:34.697384,2026-08-24T21:12:08.261553,2026-08-24T22:09:00.757942,delivered,17.89,high,clear
O00546,C0804,R054,D027,Bengaluru,2026-08-10T12:56:00,2026-08-10T14:15:48,2026-08-10T13:34:45.308038,2026-08-10T14:29:18.720959,delivered,18.0,high,clear
O00547,C0186,R022,D027,Bengaluru,2026-08-08T12:18:00,2026-08-08T13:12:16.482329,2026-08-08T12:57:18.723239,2026-08-08T13:27:12.771378,delivered,7.85,medium,clear
O00548,C0886,R024,D113,Bengaluru,2026-08-04T15:31:00,2026-08-04T16:53:18,2026-08-04T15:57:01.438598,,delivered,18.0,high,rain
O00549,C0245,R010,D073,Bengaluru,2026-08-26T23:52:00,2026-08-27T01:04:48,2026-08-27T00:07:05.718153,2026-08-27T00:49:14.246949,delivered,18.0,low,clear
O00550,C0638,R043,D013,Bengaluru,2026-08-26T22:58:00,2026-08-27T00:02:15.399314,2026-08-26T23:22:58.205426,2026-08-26T23:58:31.592815,delivered,12.6,medium,clear
O00551,C0262,R031,D046,Bengaluru,2026-08-28T11:35:00,2026-08-28T12:26:17.600872,2026-08-28T12:15:35.806491,2026-08-28T12:38:02.209787,delivered,6.43,medium,clear
O00552,C0509,R027,D112,Bengaluru,2026-08-23T13:46:00,2026-08-23T15:04:05.694018,2026-08-23T14:01:11.507940,2026-08-23T15:00:05.809129,delivered,17.66,low,heavy_rain
O00553,C0398,R025,D111,Bengaluru,2026-08-14T13:11:00,2026-08-14T14:26:36,2026-08-14T13:32:54.652815,2026-08-14T14:26:41.202511,delivered,18.0,medium,clear
O00554,C0172,R057,D106,Bengaluru,2026-08-06T18:00:00,2026-08-06T19:03:28.549685,2026-08-06T18:28:45.229545,2026-08-06T19:03:02.191603,delivered,12.23,medium,clear
O00555,C0455,R031,D061,Bengaluru,2026-08-24T14:39:00,2026-08-24T15:44:09.798382,2026-08-24T15:12:04.550171,2026-08-24T15:51:09.292316,delivered,14.36,low,clear
O00556,C0325,R003,D016,Bengaluru,2026-08-04T12:23:00,2026-08-04T13:41:06,2026-08-04T13:00:26.283813,2026-08-04T13:57:53.064292,delivered,18.0,medium,rain
O00557,C0751,R029,D078,Bengaluru,2026-08-19T18:36:00,2026-08-19T19:43:04.203413,2026-08-19T19:19:10.589133,2026-08-19T19:58:04.366853,delivered,9.27,severe,clear
O00558,C0391,R054,D034,Bengaluru,2026-08-24T18:32:00,2026-08-24T19:51:48,2026-08-24T18:55:29.919368,2026-08-24T19:50:28.349175,delivered,18.0,high,clear
O00559,C0058,R033,D011,Bengaluru,2026-08-23T14:13:00,2026-08-23T15:32:48,2026-08-23T14:53:18.973648,2026-08-23T15:44:54.960918,delivered,18.0,high,clear
O00560,C0826,R005,D088,Bengaluru,2026-08-14T11:45:00,2026-08-14T13:04:48,2026-08-14T12:00:44.946851,2026-08-14T12:58:54.609834,delivered,18.0,high,clear
O00561,C0425,R040,D118,Bengaluru,2026-08-18T21:51:00,2026-08-18T23:03:26.147596,2026-08-18T22:28:50.563270,2026-08-18T23:21:02.274774,delivered,14.49,high,clear
O00562,C0897,R014,D119,Bengaluru,2026-08-05T22:36:00,2026-08-05T23:46:03.450941,2026-08-05T23:05:51.717309,2026-08-05T23:50:42.831947,delivered,15.36,medium,clear
O00563,C0231,R014,D071,Bengaluru,2026-08-21T12:50:00,2026-08-21T14:08:06,2026-08-21T13:32:03.411847,2026-08-21T14:23:46.045714,delivered,18.0,medium,rain
O00564,C0394,R060,D006,Bengaluru,2026-08-18T21:29:00,2026-08-18T22:34:35.213517,2026-08-18T22:13:49.911829,2026-08-18T22:54:54.726945,delivered,14.57,low,clear
O00565,C0143,R023,D073,Bengaluru,2026-08-07T16:02:00,2026-08-07T17:27:24,2026-08-07T16:45:28.733138,2026-08-07T17:53:38.229136,delivered,18.0,severe,clear
O00566,C0857,R015,D038,Bengaluru,2026-08-10T21:28:00,2026-08-10T22:47:48,2026-08-10T21:43:51.681136,2026-08-10T22:36:48.335511,delivered,18.0,high,clear
O00567,C0426,R019,D119,Bengaluru,2026-08-23T20:44:00,2026-08-23T22:02:06,2026-08-23T21:05:27.434456,2026-08-23T21:53:35.758674,delivered,18.0,medium,rain
O00568,C0008,R050,D025,Bengaluru,2026-08-11T12:43:00,2026-08-11T13:58:36,2026-08-11T13:20:23.122966,2026-08-11T14:11:01.696364,delivered,18.0,medium,clear
O00569,C0655,R021,D082,Bengaluru,2026-08-13T14:13:00,2026-08-13T15:44:24,2026-08-13T14:53:14.823896,,cancelled,18.0,severe,heavy_rain
O00570,C0579,R034,D059,Bengaluru,2026-08-23T18:29:00,2026-08-23T19:44:36,2026-08-23T18:57:55.178669,2026-08-23T19:40:30.359754,delivered,18.0,medium,clear
O00571,C0189,R038,D068,Bengaluru,2026-08-10T21:44:00,2026-08-10T23:00:33.341558,2026-08-10T22:06:50.893028,2026-08-10T22:56:51.582778,delivered,16.46,high,clear
O00572,C0633,R004,D070,Bengaluru,2026-08-16T20:39:00,2026-08-16T22:04:24,2026-08-16T21:00:46.237967,,cancelled,18.0,severe,clear
O00573,C0274,R019,D081,Bengaluru,2026-08-07T14:29:00,2026-08-07T15:44:36,2026-08-07T14:47:40.652836,2026-08-07T15:37:03.177501,delivered,18.0,medium,clear
O00574,C0551,R045,D033,Bengaluru,2026-08-10T21:50:00,2026-08-10T23:09:48,2026-08-10T22:43:50.139209,2026-08-10T23:39:42.075043,delivered,18.0,high,clear
O00575,C0327,R059,D062,Bengaluru,2026-08-26T22:27:00,2026-08-26T23:18:06.086773,2026-08-26T22:49:18.059041,2026-08-26T23:14:35.812322,delivered,7.67,low,clear
O00576,C0064,R033,D063,Bengaluru,2026-08-27T20:58:00,2026-08-27T22:13:36,2026-08-27T21:06:40.753343,2026-08-27T21:51:27.110822,delivered,18.0,medium,clear
O00577,C0898,R007,D017,Bengaluru,2026-08-24T13:29:00,2026-08-24T14:48:48,2026-08-24T14:00:11.775971,2026-08-24T14:56:02.387591,delivered,18.0,high,clear
O00578,C0789,R004,D065,Bengaluru,2026-08-21T11:37:00,2026-08-21T12:56:48,2026-08-21T12:07:04.509196,2026-08-21T13:05:34.778572,delivered,18.0,high,clear
O00579,C0541,R013,D087,Bengaluru,2026-08-14T12:40:00,2026-08-14T13:36:46.357991,2026-08-14T13:12:08.500404,2026-08-14T13:43:03.828669,delivered,10.37,low,clear
O00580,C0780,R059,D090,Bengaluru,2026-08-12T18:39:00,2026-08-12T19:54:36,2026-08-12T19:09:58.918143,2026-08-12T19:58:13.239126,delivered,18.0,medium,clear
O00581,C0537,R023,D001,Bengaluru,2026-08-24T19:08:00,2026-08-24T19:48:25.867269,2026-08-24T19:37:35.329796,2026-08-24T19:51:39.594852,delivered,1.25,medium,clear
O00582,C0547,R001,D027,Bengaluru,2026-08-13T12:50:00,2026-08-13T14:04:44.067480,2026-08-13T13:12:56.484126,2026-08-13T14:05:53.849772,delivered,15.59,high,clear
O00583,C0244,R004,D058,Bengaluru,2026-08-19T17:57:00,2026-08-19T19:16:48,2026-08-19T18:30:59.304380,2026-08-19T19:25:31.004172,delivered,18.0,high,clear
O00584,C0107,R014,D107,Bengaluru,2026-08-26T13:15:00,2026-08-26T14:27:48,2026-08-26T13:30:32.154029,2026-08-26T14:12:35.173953,delivered,18.0,low,clear
O00585,C0096,R042,D076,Bengaluru,2026-08-17T14:35:00,2026-08-17T15:50:36,2026-08-17T14:52:52.598199,2026-08-17T15:43:32.651260,delivered,18.0,medium,clear
O00586,C0894,R044,D071,Bengaluru,2026-08-09T17:07:00,2026-08-09T18:14:40.537771,2026-08-09T17:25:28.275819,,cancelled,14.23,medium,clear
O00587,C0036,R041,D069,Bengaluru,2026-08-15T16:53:00,2026-08-15T17:59:18.975325,2026-08-15T17:28:22.841664,,delivered,8.91,severe,clear
O00588,C0740,R060,D102,Bengaluru,2026-08-16T19:25:00,2026-08-16T20:23:27.118820,2026-08-16T19:47:23.902976,2026-08-16T20:26:42.890591,delivered,6.98,medium,heavy_rain
O00589,C0131,R008,D040,Bengaluru,2026-08-11T21:46:00,2026-08-11T22:48:29.456363,2026-08-11T22:13:15.837370,2026-08-11T22:51:28.197529,delivered,11.76,medium,clear
O00590,C0539,R034,D027,Bengaluru,2026-08-03T15:44:00,2026-08-03T17:06:18,2026-08-03T16:14:52.442083,2026-08-03T17:14:50.572525,delivered,18.0,high,rain
O00591,C0799,R060,D016,Bengaluru,2026-08-16T23:20:00,2026-08-17T00:39:48,2026-08-17T00:01:40.686745,2026-08-17T00:56:26.421266,delivered,18.0,high,clear
O00592,C0378,R024,D084,Bengaluru,2026-08-01T19:29:00,2026-08-01T20:48:48,2026-08-01T20:06:57.820186,2026-08-01T21:00:57.728203,delivered,18.0,high,clear
O00593,C0854,R017,D079,Bengaluru,2026-08-12T17:28:00,2026-08-12T18:44:04.783392,2026-08-12T17:58:43.163694,2026-08-12T18:52:18.250394,delivered,16.23,high,clear
O00594,C0833,R036,D092,Bengaluru,2026-08-15T13:01:00,2026-08-15T14:16:36,2026-08-15T13:31:04.239079,2026-08-15T14:17:47.752027,delivered,18.0,medium,clear
O00595,C0813,R034,D117,Bengaluru,2026-08-24T22:12:00,2026-08-24T23:04:17.325140,2026-08-24T22:29:45.638022,2026-08-24T22:52:02.200041,delivered,6.9,medium,clear
O00596,C0241,R001,D046,Bengaluru,2026-08-08T12:06:00,2026-08-08T13:24:06,2026-08-08T12:31:11.137044,2026-08-08T13:30:38.018411,delivered,18.0,medium,rain
O00597,C0060,R030,D100,Bengaluru,2026-08-20T16:00:00,2026-08-20T16:54:05.731215,2026-08-20T16:22:17.123891,2026-08-20T16:49:10.321084,delivered,9.09,low,clear
O00598,C0700,R047,D076,Bengaluru,2026-08-01T19:27:00,2026-08-01T20:42:36,2026-08-01T20:05:44.371823,2026-08-01T20:53:03.060462,delivered,18.0,medium,clear
O00599,C0293,R051,D097,Bengaluru,2026-08-22T23:53:00,2026-08-23T00:50:08.290900,2026-08-23T00:20:58.581095,2026-08-23T00:54:50.763107,delivered,9.21,medium,clear
O00600,C0458,R023,D042,Bengaluru,2026-08-10T19:57:00,2026-08-10T21:07:04.545520,2026-08-10T20:23:20.912298,2026-08-10T21:11:55.323320,delivered,15.37,medium,clear
O00601,C0079,R027,D106,Bengaluru,2026-08-24T19:27:00,2026-08-24T20:42:36,2026-08-24T19:48:01.197751,2026-08-24T20:35:50.570682,delivered,18.0,medium,clear
O00602,C0556,R047,D063,Bengaluru,2026-08-13T19:17:00,2026-08-13T20:04:55.259090,2026-08-13T19:39:30.938345,2026-08-13T20:05:13.933308,delivered,4.82,medium,clear
O00603,C0367,R011,D027,Bengaluru,2026-08-15T19:33:00,2026-08-15T20:58:24,2026-08-15T20:00:44.328039,2026-08-15T21:05:30.932046,delivered,18.0,severe,clear
O00604,C0250,R011,D046,Bengaluru,2026-08-05T17:18:00,2026-08-05T18:34:24.500458,2026-08-05T17:49:04.110704,2026-08-05T18:36:12.749189,delivered,16.38,high,clear
O00605,C0478,R004,D098,Bengaluru,2026-08-12T15:43:00,2026-08-12T16:38:34.864652,2026-08-12T16:27:11.137214,2026-08-12T16:55:22.569694,delivered,6.47,high,clear
O00606,C0754,R037,D101,Bengaluru,2026-08-18T14:19:00,2026-08-18T15:16:23.430265,2026-08-18T14:32:19.635774,2026-08-18T15:06:55.815908,delivered,10.66,low,clear
O00607,C0569,R058,D060,Bengaluru,2026-08-15T17:26:00,2026-08-15T18:44:06,2026-08-15T18:20:45.520284,2026-08-15T19:11:44.274885,delivered,18.0,medium,rain
O00608,C0752,R050,D054,Bengaluru,2026-08-15T20:55:00,2026-08-15T22:07:28.291902,2026-08-15T21:16:49.772473,2026-08-15T22:09:16.438376,delivered,15.32,medium,rain
O00609,C0292,R008,D016,Bengaluru,2026-08-17T20:03:00,2026-08-17T21:22:48,2026-08-17T20:22:18.717350,2026-08-17T21:16:46.379657,delivered,18.0,high,clear
O00610,C0223,R043,D109,Bengaluru,2026-08-07T12:00:00,2026-08-07T13:05:07.672479,2026-08-07T12:28:35.515707,,delivered,13.16,low,rain
O00611,C0655,R054,D092,Bengaluru,2026-08-06T20:53:00,2026-08-06T22:12:48,2026-08-06T21:13:48.517351,2026-08-06T22:14:48.127885,delivered,18.0,high,clear
O00612,C0519,R012,D017,Bengaluru,2026-08-16T18:18:00,2026-08-16T19:30:40.546638,2026-08-16T18:37:26.129406,2026-08-16T19:27:32.641399,delivered,11.75,high,heavy_rain
O00613,C0641,R023,D065,Bengaluru,2026-08-01T19:02:00,2026-08-01T20:09:11.598125,2026-08-01T19:52:12.737815,2026-08-01T20:36:22.506994,delivered,10.81,high,rain
O00614,C0252,R026,D027,Bengaluru,2026-08-12T22:33:00,2026-08-12T23:46:10.415811,2026-08-12T22:44:55.920763,2026-08-12T23:35:59.692498,delivered,16.84,medium,clear
O00615,C0486,R043,D101,Bengaluru,2026-08-16T19:11:00,2026-08-16T20:12:53.492482,2026-08-16T19:35:30.038637,2026-08-16T20:10:51.398826,delivered,10.28,medium,rain
O00616,C0501,R046,D004,Bengaluru,2026-08-16T22:30:00,2026-08-16T23:32:34.279011,2026-08-16T22:46:59.821465,2026-08-16T23:26:12.055837,delivered,11.8,medium,clear
O00617,C0638,R010,D101,Bengaluru,2026-08-15T20:38:00,2026-08-15T21:57:48,2026-08-15T20:57:55.266650,2026-08-15T21:50:07.455398,delivered,18.0,high,clear
O00618,C0175,R047,D074,Bengaluru,2026-08-26T20:05:00,2026-08-26T20:47:14.184302,2026-08-26T20:25:48.690392,2026-08-26T20:34:36.462914,delivered,2.11,medium,clear
O00619,C0384,R017,D028,Bengaluru,2026-08-24T19:31:00,2026-08-24T20:43:48,2026-08-24T20:01:36.138955,2026-08-24T20:50:16.566725,delivered,18.0,low,clear
O00620,C0770,R052,D070,Bengaluru,2026-08-16T14:38:00,2026-08-16T15:53:36,2026-08-16T15:05:59.946835,2026-08-16T15:53:11.448940,delivered,18.0,medium,clear
O00621,C0242,R031,D097,Bengaluru,2026-08-17T22:32:00,2026-08-17T23:44:10.371988,2026-08-17T23:00:28.581700,2026-08-17T23:49:21.763184,delivered,16.37,medium,clear
O00622,C0024,R024,D083,Bengaluru,2026-08-24T16:48:00,2026-08-24T18:10:18,2026-08-24T17:25:12.927821,2026-08-24T18:30:23.066946,delivered,18.0,high,rain
O00623,C0004,R024,D088,Bengaluru,2026-08-20T22:56:00,2026-08-21T00:14:06,2026-08-20T23:33:47.444167,2026-08-21T00:29:51.744274,delivered,18.0,medium,rain
O00624,C0464,R035,D003,Bengaluru,2026-08-26T13:38:00,2026-08-26T14:44:06.388390,2026-08-26T13:53:18.995546,2026-08-26T14:33:23.868172,delivered,11.48,high,clear
O00625,C0183,R023,D114,Bengaluru,2026-08-12T17:21:00,2026-08-12T18:19:08.552886,2026-08-12T17:38:16.673297,2026-08-12T18:08:24.260633,delivered,9.69,medium,clear
O00626,C0762,R034,D064,Bengaluru,2026-08-02T12:08:00,2026-08-02T13:23:36,2026-08-02T12:35:04.554678,2026-08-02T13:25:44.550368,delivered,18.0,medium,clear
O00627,C0194,R011,D041,Bengaluru,2026-08-18T14:45:00,2026-08-18T16:04:48,2026-08-18T15:17:54.062957,2026-08-18T16:12:03.440002,delivered,18.0,high,clear
O00628,C0551,R008,D071,Bengaluru,2026-08-17T12:22:00,2026-08-17T13:41:48,2026-08-17T12:48:15.760533,2026-08-17T13:39:13.750030,delivered,18.0,high,clear
O00629,C0336,R010,D031,Bengaluru,2026-08-02T23:44:00,2026-08-03T00:58:23.365798,2026-08-03T00:20:00.984679,2026-08-03T01:10:57.355045,delivered,17.42,medium,clear
O00630,C0348,R055,D071,Bengaluru,2026-08-06T19:34:00,2026-08-06T20:46:48,2026-08-06T20:07:47.152895,,cancelled,18.0,low,clear
O00631,C0549,R060,D031,Bengaluru,2026-08-27T22:51:00,2026-08-28T00:03:35.467488,2026-08-27T23:22:15.176903,2026-08-28T00:14:56.052163,delivered,14.57,high,clear
O00632,C0869,R041,D080,Bengaluru,2026-08-14T18:36:00,2026-08-14T19:55:48,2026-08-14T18:58:39.719478,2026-08-14T19:58:38.397358,delivered,18.0,high,clear
O00633,C0257,R049,D116,Bengaluru,2026-08-13T11:17:00,2026-08-13T12:32:36,2026-08-13T11:39:35.636729,2026-08-13T12:31:40.225124,delivered,18.0,medium,clear
O00634,C0366,R040,D034,Bengaluru,2026-08-02T23:30:00,2026-08-03T00:49:48,2026-08-02T23:51:08.961174,2026-08-03T00:47:43.324669,delivered,18.0,high,clear
O00635,C0101,R015,D053,Bengaluru,2026-08-21T13:55:00,2026-08-21T14:52:04.560565,2026-08-21T14:24:36.863523,2026-08-21T14:54:45.250738,delivered,7.18,high,clear
O00636,C0824,R050,D099,Bengaluru,2026-08-12T18:02:00,2026-08-12T19:13:12.502887,2026-08-12T18:35:59.442647,2026-08-12T19:19:25.788140,delivered,15.91,medium,clear
O00637,C0028,R021,D105,Bengaluru,2026-08-14T21:23:00,2026-08-14T22:44:36,2026-08-14T21:46:44.116024,,cancelled,18.0,medium,heavy_rain
O00638,C0060,R006,D039,Bengaluru,2026-08-04T19:51:00,2026-08-04T21:06:36,2026-08-04T20:14:49.024602,2026-08-04T21:01:43.274861,delivered,18.0,medium,clear
O00639,C0234,R050,D104,Bengaluru,2026-08-03T23:14:00,2026-08-04T00:21:09.021818,2026-08-03T23:30:48.091672,2026-08-04T00:18:48.317911,delivered,11.12,medium,heavy_rain
O00640,C0022,R058,D013,Bengaluru,2026-08-26T20:23:00,2026-08-26T21:38:36,2026-08-26T20:38:42.681940,2026-08-26T21:30:07.337565,delivered,18.0,medium,clear
O00641,C0796,R038,D109,Bengaluru,2026-08-20T14:50:00,2026-08-20T16:05:36,2026-08-20T15:09:00.615247,2026-08-20T15:57:18.982115,delivered,18.0,medium,clear
O00642,C0072,R035,D003,Bengaluru,2026-08-05T18:40:00,2026-08-05T19:37:31.653840,2026-08-05T19:05:53.634793,2026-08-05T19:38:30.304028,delivered,7.39,high,clear
O00643,C0070,R003,D068,Bengaluru,2026-08-06T23:08:00,2026-08-07T00:23:36,2026-08-06T23:20:45.442877,2026-08-07T00:08:52.402038,delivered,18.0,medium,clear
O00644,C0324,R047,D060,Bengaluru,2026-08-24T22:28:00,2026-08-24T23:53:24,2026-08-24T22:49:09.040092,2026-08-24T23:51:29.384358,delivered,18.0,severe,clear
O00645,C0754,R026,D051,Bengaluru,2026-08-21T18:20:00,2026-08-21T19:35:36,2026-08-21T18:48:22.771778,2026-08-21T19:39:18.353832,delivered,18.0,medium,clear
O00646,C0468,R011,D054,Bengaluru,2026-08-24T14:33:00,2026-08-24T15:30:59.032573,2026-08-24T14:59:56.101248,2026-08-24T15:35:12.728665,delivered,8.42,medium,rain
O00647,C0625,R026,D046,Bengaluru,2026-08-08T19:09:00,2026-08-08T20:21:48,2026-08-08T19:19:16.791586,2026-08-08T20:04:15.319432,delivered,18.0,low,clear
O00648,C0724,R004,D032,Bengaluru,2026-08-19T17:28:00,2026-08-19T18:26:08.386830,2026-08-19T17:41:51.630248,2026-08-19T18:16:49.536337,delivered,8.5,medium,rain
O00649,C0501,R031,D071,Bengaluru,2026-08-24T19:22:00,2026-08-24T20:36:47.203577,2026-08-24T19:59:36.956736,2026-08-24T20:49:29.507619,delivered,15.61,high,clear
O00650,C0580,R032,D088,Bengaluru,2026-08-17T16:53:00,2026-08-17T18:10:29.356299,2026-08-17T17:21:13.690684,2026-08-17T18:13:15.799996,delivered,17.71,medium,rain
O00651,C0388,R046,D063,Bengaluru,2026-08-05T14:56:00,2026-08-05T16:04:05.562796,2026-08-05T15:22:25.910520,2026-08-05T16:05:44.614900,delivered,15.76,low,clear
O00652,C0313,R018,D070,Bengaluru,2026-08-17T19:11:00,2026-08-17T20:33:18,2026-08-17T19:34:54.444886,2026-08-17T20:37:19.431933,delivered,18.0,high,rain
O00653,C0004,R027,D031,Bengaluru,2026-08-10T17:28:00,2026-08-10T18:43:36,2026-08-10T18:06:28.179613,2026-08-10T18:56:20.354889,delivered,18.0,medium,clear
O00654,C0355,R046,D021,Bengaluru,2026-08-28T20:03:00,2026-08-28T21:18:36,2026-08-28T20:14:31.841459,2026-08-28T21:05:27.717699,delivered,18.0,medium,clear
O00655,C0087,R036,D040,Bengaluru,2026-08-14T14:56:00,2026-08-14T16:00:05.737524,2026-08-14T15:14:10.315476,2026-08-14T15:51:45.158735,delivered,13.86,low,clear
O00656,C0601,R008,D102,Bengaluru,2026-08-23T16:22:00,2026-08-23T17:20:22.945690,2026-08-23T16:47:40.409195,2026-08-23T17:21:18.254018,delivered,7.8,high,clear
O00657,C0423,R007,D059,Bengaluru,2026-08-14T14:46:00,2026-08-14T16:01:36,2026-08-14T15:02:40.004540,2026-08-14T15:51:16.486355,delivered,18.0,medium,clear
O00658,C0571,R027,D062,Bengaluru,2026-08-24T12:50:00,2026-08-24T13:52:18.432766,2026-08-24T13:16:36.238801,2026-08-24T13:50:56.507933,delivered,11.67,medium,clear
O00659,C0459,R025,D067,Bengaluru,2026-08-27T19:19:00,2026-08-27T20:14:31.204656,2026-08-27T19:39:02.553680,2026-08-27T20:08:59.514658,delivered,6.44,high,clear
O00660,C0512,R049,D075,Bengaluru,2026-08-18T18:24:00,2026-08-18T19:06:37.574738,2026-08-18T18:38:39.443772,2026-08-18T18:51:08.724287,delivered,3.63,low,clear
O00661,C0302,R040,D004,Bengaluru,2026-08-10T16:51:00,2026-08-10T18:10:48,2026-08-10T17:09:12.204981,2026-08-10T18:01:25.931589,delivered,18.0,high,clear
O00662,C0597,R012,D035,Bengaluru,2026-08-14T16:21:00,2026-08-14T17:27:05.279303,2026-08-14T16:33:39.162031,2026-08-14T17:14:28.554403,delivered,11.47,high,clear
O00663,C0062,R025,D041,Bengaluru,2026-08-18T21:46:00,2026-08-18T22:58:48,2026-08-18T22:10:33.073355,2026-08-18T22:54:30.736366,delivered,18.0,low,clear
O00664,C0807,R025,D109,Bengaluru,2026-08-06T19:33:00,2026-08-06T20:24:30.499027,2026-08-06T19:53:10.277990,2026-08-06T20:16:01.047215,delivered,6.53,medium,clear
O00665,C0127,R040,D010,Bengaluru,2026-08-26T19:45:00,2026-08-26T21:00:36,2026-08-26T20:10:19.094743,2026-08-26T21:05:25.365216,delivered,18.0,medium,clear
O00666,C0456,R027,D007,Bengaluru,2026-08-10T19:12:00,2026-08-10T20:24:01.157591,2026-08-10T19:55:07.056130,2026-08-10T20:41:41.404723,delivered,14.29,high,clear
O00667,C0660,R017,D069,Bengaluru,2026-08-27T22:27:00,2026-08-27T23:42:36,2026-08-27T22:44:25.279535,2026-08-27T23:33:23.327084,delivered,18.0,medium,clear
O00668,C0839,R030,D008,Bengaluru,2026-08-09T18:08:00,2026-08-09T19:21:15.312913,2026-08-09T18:31:50.942260,2026-08-09T19:25:51.974151,delivered,14.88,high,clear
O00669,C0149,R021,D055,Bengaluru,2026-08-03T22:39:00,2026-08-03T23:51:48,2026-08-03T23:00:11.782784,2026-08-03T23:46:22.238162,delivered,18.0,low,clear
O00670,C0560,R010,D036,Bengaluru,2026-08-13T19:22:00,2026-08-13T20:37:36,2026-08-13T19:51:23.286197,2026-08-13T20:40:18.554366,delivered,18.0,medium,clear
O00671,C0270,R004,D034,Bengaluru,2026-08-14T19:11:00,2026-08-14T20:14:45.651482,2026-08-14T19:30:22.737086,2026-08-14T20:07:04.825586,delivered,13.7,low,clear
O00672,C0743,R053,D070,Bengaluru,2026-08-12T18:00:00,2026-08-12T18:48:55.594127,2026-08-12T18:31:20.432321,,delivered,5.3,medium,clear
O00673,C0311,R025,D068,Bengaluru,2026-08-27T11:45:00,2026-08-27T13:16:24,2026-08-27T12:09:48.488818,2026-08-27T13:26:53.590387,delivered,18.0,severe,heavy_rain
O00674,C0657,R003,D073,Bengaluru,2026-08-23T20:55:00,2026-08-23T22:14:48,2026-08-23T21:06:34.646676,2026-08-23T22:01:58.023233,delivered,18.0,high,clear
O00675,C0415,R012,D004,Bengaluru,2026-08-22T21:20:00,2026-08-22T22:12:54.791369,2026-08-22T21:33:54.197606,,delivered,5.2,high,clear
O00676,C0496,R040,D012,Bengaluru,2026-08-17T13:17:00,2026-08-17T14:29:48,2026-08-17T13:45:56.243355,2026-08-17T14:31:55.386814,delivered,18.0,low,clear
O00677,C0671,R052,D055,Bengaluru,2026-08-15T12:58:00,2026-08-15T14:00:46.300536,2026-08-15T13:11:20.351496,2026-08-15T13:39:30.933555,delivered,13.22,low,clear
O00678,C0075,R017,D113,Bengaluru,2026-08-28T13:48:00,2026-08-28T14:43:05.777129,2026-08-28T14:21:34.657910,2026-08-28T14:55:15.036102,delivered,6.24,high,clear
O00679,C0448,R007,D048,Bengaluru,2026-08-09T12:22:00,2026-08-09T13:37:36,2026-08-09T12:45:29.036565,2026-08-09T13:37:09.813470,delivered,18.0,medium,clear
O00680,C0672,R054,D050,Bengaluru,2026-08-22T20:13:00,2026-08-22T21:34:36,2026-08-22T20:29:09.376993,2026-08-22T21:28:36.747943,delivered,18.0,medium,heavy_rain
O00681,C0375,R011,D064,Bengaluru,2026-08-21T13:08:00,2026-08-21T14:18:38.536581,2026-08-21T13:34:46.665969,2026-08-21T14:19:39.550357,delivered,15.64,medium,clear
O00682,C0579,R011,D070,Bengaluru,2026-08-11T19:06:00,2026-08-11T20:18:48,2026-08-11T19:37:29.401030,2026-08-11T20:28:08.675678,delivered,18.0,low,clear
O00683,C0612,R003,D079,Bengaluru,2026-08-10T11:59:00,2026-08-10T13:18:48,2026-08-10T12:13:15.329628,2026-08-10T13:07:59.666191,delivered,18.0,high,clear
O00684,C0331,R002,D043,Bengaluru,2026-08-23T22:12:00,2026-08-23T23:26:50.748754,2026-08-23T22:39:16.388994,2026-08-23T23:38:55.550446,delivered,12.97,severe,clear
O00685,C0447,R052,D010,Bengaluru,2026-08-10T12:15:00,2026-08-10T13:13:49.086225,2026-08-10T12:52:13.935651,2026-08-10T13:28:27.437930,delivered,8.01,high,clear
O00686,C0704,R003,D076,Bengaluru,2026-08-25T22:24:00,2026-08-25T23:36:48,2026-08-25T23:09:31.990446,2026-08-25T23:53:06.895848,delivered,18.0,low,clear
O00687,C0150,R023,D068,Bengaluru,2026-08-20T13:15:00,2026-08-20T14:30:36,2026-08-20T13:33:27.207494,2026-08-20T14:26:24.003040,delivered,18.0,medium,clear
O00688,C0221,R057,D062,Bengaluru,2026-08-11T17:11:00,2026-08-11T18:04:19.003665,2026-08-11T17:36:27.340829,,cancelled,7.39,medium,clear
O00689,C0876,R031,D117,Bengaluru,2026-08-06T13:43:00,2026-08-06T14:58:36,2026-08-06T14:11:48.303196,2026-08-06T15:03:40.794540,delivered,18.0,medium,clear
O00690,C0667,R041,D112,Bengaluru,2026-08-16T19:42:00,2026-08-16T20:50:05.375812,2026-08-16T19:52:41.707133,2026-08-16T20:34:57.537609,delivered,14.42,medium,clear
O00691,C0153,R005,D047,Bengaluru,2026-08-14T18:24:00,2026-08-14T19:43:48,2026-08-14T19:00:37.857673,2026-08-14T19:57:00.665974,delivered,18.0,high,clear
O00692,C0838,R050,D075,Bengaluru,2026-08-22T17:27:00,2026-08-22T18:24:35.950824,2026-08-22T17:56:32.417163,2026-08-22T18:34:26.876100,delivered,9.43,medium,clear
O00693,C0492,R060,D042,Bengaluru,2026-08-18T12:46:00,2026-08-18T13:40:24.287274,2026-08-18T13:06:58.692694,2026-08-18T13:26:09.934731,delivered,9.24,low,clear
O00694,C0853,R042,D087,Bengaluru,2026-08-04T17:46:00,2026-08-04T19:01:18,2026-08-04T18:09:50.774006,,cancelled,18.0,low,rain
O00695,C0311,R023,D027,Bengaluru,2026-08-24T19:56:00,2026-08-24T21:11:18,2026-08-24T20:22:31.035411,2026-08-24T21:12:29.234492,delivered,18.0,low,rain
O00696,C0898,R058,D048,Bengaluru,2026-08-25T22:17:00,2026-08-25T23:36:48,2026-08-25T22:44:15.228122,2026-08-25T23:39:04.674316,delivered,18.0,high,clear
O00697,C0865,R049,D032,Bengaluru,2026-08-09T18:50:00,2026-08-09T19:51:56.021285,2026-08-09T19:15:45.697428,2026-08-09T19:54:57.574359,delivered,6.83,severe,clear
O00698,C0480,R005,D044,Bengaluru,2026-08-11T17:28:00,2026-08-11T18:43:18,2026-08-11T17:59:34.552606,2026-08-11T18:50:49.771908,delivered,18.0,low,rain
O00699,C0805,R022,D064,Bengaluru,2026-08-25T16:43:00,2026-08-25T17:42:46.708511,2026-08-25T16:58:22.952223,2026-08-25T17:24:42.021807,delivered,10.47,medium,clear
O00700,C0750,R020,D096,Bengaluru,2026-08-04T12:13:00,2026-08-04T13:16:28.765091,2026-08-04T12:35:55.247931,2026-08-04T13:12:55.297232,delivered,13.56,low,clear
O00701,C0049,R042,D043,Bengaluru,2026-08-12T19:42:00,2026-08-12T21:07:48,2026-08-12T20:23:35.033457,2026-08-12T21:31:05.478888,delivered,18.0,high,heavy_rain
O00702,C0532,R045,D097,Bengaluru,2026-08-10T11:53:00,2026-08-10T13:08:36,2026-08-10T12:18:36.564459,2026-08-10T13:06:59.951589,delivered,18.0,medium,clear
O00703,C0740,R044,D056,Bengaluru,2026-08-20T18:05:00,2026-08-20T19:02:43.236342,2026-08-20T18:29:23.014769,2026-08-20T19:03:25.516936,delivered,9.49,medium,clear
O00704,C0167,R007,D010,Bengaluru,2026-08-21T17:32:00,2026-08-21T18:54:18,2026-08-21T17:56:09.637684,2026-08-21T18:58:35.354887,delivered,18.0,high,rain
O00705,C0359,R051,D063,Bengaluru,2026-08-22T19:15:00,2026-08-22T20:22:03.744202,2026-08-22T19:44:59.282527,2026-08-22T20:28:49.296173,delivered,9.08,high,heavy_rain
O00706,C0855,R035,D020,Bengaluru,2026-08-22T17:33:00,2026-08-22T18:49:47.434100,2026-08-22T18:18:39.429252,2026-08-22T19:19:23.063748,delivered,12.71,severe,rain
O00707,C0182,R007,D070,Bengaluru,2026-08-27T20:02:00,2026-08-27T21:17:36,2026-08-27T20:21:21.869699,2026-08-27T21:08:44.825761,delivered,18.0,medium,clear
O00708,C0722,R034,D120,Bengaluru,2026-08-22T17:58:00,2026-08-22T19:13:36,2026-08-22T18:13:41.034742,2026-08-22T19:04:12.618710,delivered,18.0,medium,clear
O00709,C0221,R025,D080,Bengaluru,2026-08-19T15:02:00,2026-08-19T16:03:57.835297,2026-08-19T15:23:15.044873,2026-08-19T15:56:54.354474,delivered,9.51,high,clear
O00710,C0075,R024,D110,Bengaluru,2026-08-23T13:38:00,2026-08-23T14:50:46.665400,2026-08-23T14:21:38.892885,2026-08-23T15:10:51.738795,delivered,16.66,medium,clear
O00711,C0786,R055,D001,Bengaluru,2026-08-17T16:23:00,2026-08-17T17:41:06,2026-08-17T16:41:33.445791,2026-08-17T17:44:49.825297,delivered,18.0,medium,rain
O00712,C0266,R053,D108,Bengaluru,2026-08-04T19:22:00,2026-08-04T20:37:36,2026-08-04T19:53:25.449060,2026-08-04T20:43:35.540849,delivered,18.0,medium,clear
O00713,C0860,R032,D100,Bengaluru,2026-08-11T18:17:00,2026-08-11T19:30:02.075895,2026-08-11T18:30:44.673610,2026-08-11T19:18:07.358062,delivered,16.78,medium,clear
O00714,C0373,R060,D101,Bengaluru,2026-08-23T19:11:00,2026-08-23T20:01:28.359327,2026-08-23T19:32:28.589612,2026-08-23T19:51:50.052904,delivered,7.37,low,clear
O00715,C0215,R040,D005,Bengaluru,2026-08-04T18:50:00,2026-08-04T20:05:18,2026-08-04T19:37:49.890100,2026-08-04T20:23:23.526089,delivered,18.0,low,rain
O00716,C0604,R010,D050,Bengaluru,2026-08-04T20:28:00,2026-08-04T21:24:26.207942,2026-08-04T20:49:28.613577,,delivered,6.87,high,clear
O00717,C0407,R034,D110,Bengaluru,2026-08-21T16:55:00,2026-08-21T17:57:25.091415,2026-08-21T17:16:08.715359,2026-08-21T17:54:36.109108,delivered,11.72,medium,clear
O00718,C0225,R050,D011,Bengaluru,2026-08-25T17:19:00,2026-08-25T18:25:28.563290,2026-08-25T17:33:47.477896,2026-08-25T18:17:24.831645,delivered,13.8,low,rain
O00719,C0365,R027,D019,Bengaluru,2026-08-20T14:43:00,2026-08-20T15:55:48,2026-08-20T15:01:09.657647,2026-08-20T15:52:39.429944,delivered,18.0,low,clear
O00720,C0402,R017,D083,Bengaluru,2026-08-10T17:19:00,2026-08-10T18:24:33.153874,2026-08-10T17:42:04.369516,2026-08-10T18:20:47.303443,delivered,13.22,medium,clear
O00721,C0346,R045,D051,Bengaluru,2026-08-23T14:42:00,2026-08-23T15:49:03.249046,2026-08-23T15:06:55.328935,2026-08-23T15:49:11.461488,delivered,11.93,high,clear
O00722,C0351,R026,D117,Bengaluru,2026-08-24T19:02:00,2026-08-24T20:07:17.182992,2026-08-24T19:10:36.789006,2026-08-24T19:50:47.388114,delivered,11.09,high,clear
O00723,C0467,R028,D068,Bengaluru,2026-08-05T21:04:00,2026-08-05T22:19:36,2026-08-05T21:15:24.433874,2026-08-05T22:04:30.928322,delivered,18.0,medium,clear
O00724,C0188,R054,D026,Bengaluru,2026-08-10T19:08:00,2026-08-10T20:27:48,2026-08-10T19:28:49.217409,2026-08-10T20:23:28.350600,delivered,18.0,high,clear
O00725,C0812,R041,D087,Bengaluru,2026-08-11T14:45:00,2026-08-11T16:00:36,2026-08-11T15:12:02.616646,2026-08-11T16:06:04.781484,delivered,18.0,medium,clear
O00726,C0638,R004,D108,Bengaluru,2026-08-01T18:02:00,2026-08-01T19:13:15.838996,2026-08-01T18:43:08.770732,2026-08-01T19:36:09.046726,delivered,10.08,severe,rain
O00727,C0435,R020,D097,Bengaluru,2026-08-28T21:36:00,2026-08-28T23:01:24,2026-08-28T21:57:15.880817,2026-08-28T22:58:08.128808,delivered,18.0,severe,clear
O00728,C0557,R024,D063,Bengaluru,2026-08-11T18:49:00,2026-08-11T20:08:27.108654,2026-08-11T19:21:46.086787,,cancelled,16.64,high,rain
O00729,C0448,R031,D089,Bengaluru,2026-08-01T14:27:00,2026-08-01T15:37:36.925134,2026-08-01T14:46:39.635948,2026-08-01T15:35:20.137360,delivered,15.77,low,rain
O00730,C0484,R036,D052,Bengaluru,2026-08-04T11:38:00,2026-08-04T13:03:24,2026-08-04T12:27:16.743951,2026-08-04T13:30:31.284573,delivered,18.0,severe,clear
O00731,C0760,R045,D052,Bengaluru,2026-08-15T12:24:00,2026-08-15T13:39:18,2026-08-15T12:58:15.545692,2026-08-15T13:48:49.162171,delivered,18.0,low,rain
O00732,C0789,R011,D070,Bengaluru,2026-08-19T20:07:00,2026-08-19T21:19:48,2026-08-19T20:26:56.295221,2026-08-19T21:13:17.315605,delivered,18.0,low,clear
O00733,C0189,R036,D045,Bengaluru,2026-08-13T20:25:00,2026-08-13T21:50:24,2026-08-13T20:49:40.118744,2026-08-13T21:49:33.606687,delivered,18.0,severe,clear
O00734,C0127,R013,D065,Bengaluru,2026-08-16T11:17:00,2026-08-16T12:39:18,2026-08-16T12:05:43.924278,,cancelled,18.0,high,rain
O00735,C0027,R041,D118,Bengaluru,2026-08-23T18:02:00,2026-08-23T19:17:18,2026-08-23T18:19:21.490271,2026-08-23T19:15:59.094478,delivered,18.0,low,rain
O00736,C0657,R032,D055,Bengaluru,2026-08-04T20:01:00,2026-08-04T21:16:36,2026-08-04T20:33:47.264567,2026-08-04T21:22:48.158388,delivered,18.0,medium,clear
O00737,C0824,R027,D048,Bengaluru,2026-08-20T20:10:00,2026-08-20T21:11:15.896462,2026-08-20T21:14:02.973657,2026-08-20T21:47:32.398594,delivered,12.51,low,clear
O00738,C0299,R009,D067,Bengaluru,2026-08-09T13:42:00,2026-08-09T15:03:36,2026-08-09T14:28:18.417236,2026-08-09T15:23:35.138833,delivered,18.0,medium,heavy_rain
O00739,C0291,R025,D034,Bengaluru,2026-08-13T16:39:00,2026-08-13T17:40:02.990505,2026-08-13T17:20:24.270820,2026-08-13T17:53:45.742225,delivered,12.4,low,clear
O00740,C0583,R011,D036,Bengaluru,2026-08-24T22:02:00,2026-08-24T23:24:18,2026-08-24T22:21:21.986158,,delivered,18.0,high,rain
O00741,C0617,R043,D108,Bengaluru,2026-08-28T20:36:00,2026-08-28T21:57:36,2026-08-28T21:02:14.607969,2026-08-28T22:04:34.315050,delivered,18.0,medium,heavy_rain
O00742,C0474,R024,D049,Bengaluru,2026-08-18T18:06:00,2026-08-18T19:25:48,2026-08-18T18:32:29.352281,2026-08-18T19:27:27.003529,delivered,18.0,high,clear
O00743,C0733,R018,D110,Bengaluru,2026-08-05T21:19:00,2026-08-05T22:01:23.249920,2026-08-05T21:41:13.132804,2026-08-05T21:57:54.570280,delivered,2.18,medium,clear
O00744,C0623,R040,D036,Bengaluru,2026-08-17T19:09:00,2026-08-17T20:16:05.244459,2026-08-17T19:47:49.390972,2026-08-17T20:31:06.521654,delivered,13.95,medium,clear
O00745,C0373,R006,D093,Bengaluru,2026-08-25T19:34:00,2026-08-25T20:51:24.592917,2026-08-25T19:43:54.233320,2026-08-25T20:44:02.820432,delivered,14.2,severe,clear
O00746,C0834,R025,D120,Bengaluru,2026-08-22T16:59:00,2026-08-22T18:18:48,2026-08-22T17:32:04.876510,2026-08-22T18:33:28.728529,delivered,18.0,high,clear
O00747,C0764,R007,D106,Bengaluru,2026-08-27T17:14:00,2026-08-27T18:39:24,2026-08-27T17:55:26.787252,2026-08-27T18:56:15.803340,delivered,18.0,severe,clear
O00748,C0576,R017,D059,Bengaluru,2026-08-04T20:38:00,2026-08-04T21:53:36,2026-08-04T20:53:00.296795,2026-08-04T21:47:31.311921,delivered,18.0,medium,clear
O00749,C0597,R056,D077,Bengaluru,2026-08-04T19:27:00,2026-08-04T20:45:06,2026-08-04T19:50:04.551110,2026-08-04T20:42:58.892445,delivered,18.0,medium,rain
O00750,C0792,R037,D054,Bengaluru,2026-08-09T21:46:00,2026-08-09T22:46:36.078780,2026-08-09T21:57:39.329555,2026-08-09T22:31:55.191315,delivered,10.86,medium,clear
O00751,C0153,R005,D005,Bengaluru,2026-08-25T20:31:00,2026-08-25T21:49:06,2026-08-25T20:52:45.757355,2026-08-25T21:46:24.179864,delivered,18.0,medium,rain
O00752,C0879,R029,D075,Bengaluru,2026-08-19T19:57:00,2026-08-19T21:15:06,2026-08-19T20:38:39.450503,2026-08-19T21:38:45.600934,delivered,18.0,medium,rain
O00753,C0446,R013,D108,Bengaluru,2026-08-04T16:26:00,2026-08-04T17:20:59.336629,2026-08-04T16:40:45.052178,2026-08-04T17:15:55.030876,delivered,6.19,high,clear
O00754,C0725,R040,D106,Bengaluru,2026-08-21T15:50:00,2026-08-21T17:02:48,2026-08-21T16:02:36.138036,2026-08-21T16:46:57.316552,delivered,18.0,low,clear
O00755,C0710,R004,D108,Bengaluru,2026-08-24T20:14:00,2026-08-24T21:17:15.438321,2026-08-24T20:50:46.000931,2026-08-24T21:30:22.228010,delivered,12.12,medium,clear
O00756,C0693,R037,D118,Bengaluru,2026-08-11T11:12:00,2026-08-11T12:19:11.380514,2026-08-11T11:44:34.061733,2026-08-11T12:33:10.430233,delivered,12.8,medium,rain
O00757,C0785,R020,D055,Bengaluru,2026-08-22T17:16:00,2026-08-22T18:23:30.486647,2026-08-22T17:35:33.242540,2026-08-22T18:08:29.719161,delivered,15.48,low,clear
O00758,C0726,R014,D035,Bengaluru,2026-08-27T11:35:00,2026-08-27T12:49:57.848279,2026-08-27T12:11:01.285443,2026-08-27T13:01:41.495780,delivered,16.17,low,heavy_rain
O00759,C0732,R022,D105,Bengaluru,2026-08-14T18:36:00,2026-08-14T19:33:16.109887,2026-08-14T19:01:18.936750,2026-08-14T19:31:19.440433,delivered,10.6,low,clear
O00760,C0020,R029,D019,Bengaluru,2026-08-08T16:22:00,2026-08-08T17:34:48,2026-08-08T16:33:22.357902,2026-08-08T17:16:03.127967,delivered,18.0,low,clear
O00761,C0636,R029,D037,Bengaluru,2026-08-23T19:35:00,2026-08-23T20:39:37.101339,2026-08-23T20:01:58.706677,2026-08-23T20:43:04.841933,delivered,10.77,high,clear
O00762,C0653,R055,D018,Bengaluru,2026-08-12T18:45:00,2026-08-12T19:57:48,2026-08-12T19:27:33.570541,2026-08-12T20:15:10.932354,delivered,18.0,low,clear
O00763,C0790,R001,D008,Bengaluru,2026-08-18T19:19:00,2026-08-18T20:34:36,2026-08-18T19:49:02.188572,2026-08-18T20:40:02.777993,delivered,18.0,medium,clear
O00764,C0097,R020,D097,Bengaluru,2026-08-04T20:04:00,2026-08-04T21:07:33.240327,2026-08-04T20:33:04.317338,2026-08-04T21:11:01.062942,delivered,10.26,high,clear
O00765,C0359,R002,D045,Bengaluru,2026-08-04T16:06:00,2026-08-04T17:31:24,2026-08-04T16:45:50.239618,2026-08-04T17:44:53.730909,delivered,18.0,severe,clear
O00766,C0864,R060,D032,Bengaluru,2026-08-06T15:12:00,2026-08-06T16:25:27.791776,2026-08-06T15:27:54.319759,2026-08-06T16:20:57.640517,delivered,14.13,medium,heavy_rain
O00767,C0425,R005,D012,Bengaluru,2026-08-17T11:20:00,2026-08-17T12:35:36,2026-08-17T11:40:57.438230,2026-08-17T12:33:15.486807,delivered,18.0,medium,clear
O00768,C0772,R050,D063,Bengaluru,2026-08-05T19:36:00,2026-08-05T20:31:51.738157,2026-08-05T19:51:12.154057,2026-08-05T20:18:47.085068,delivered,9.93,low,clear
O00769,C0318,R036,D093,Bengaluru,2026-08-10T12:43:00,2026-08-10T13:48:01.621138,2026-08-10T13:02:04.868032,2026-08-10T13:42:32.216168,delivered,14.3,low,clear
O00770,C0003,R003,D007,Bengaluru,2026-08-05T15:52:00,2026-08-05T17:10:06,2026-08-05T16:39:32.593766,2026-08-05T17:31:25.050399,delivered,18.0,medium,rain
O00771,C0474,R006,D018,Bengaluru,2026-08-17T18:44:00,2026-08-17T19:48:44.450797,2026-08-17T19:11:00.404681,2026-08-17T19:45:49.263517,delivered,12.83,medium,clear
O00772,C0833,R044,D030,Bengaluru,2026-08-10T18:50:00,2026-08-10T20:09:48,2026-08-10T19:11:17.253555,,cancelled,18.0,high,clear
O00773,C0030,R014,D018,Bengaluru,2026-08-19T20:36:00,2026-08-19T21:51:22.697384,2026-08-19T20:59:40.931381,2026-08-19T21:42:47.957262,delivered,17.89,medium,clear
O00774,C0260,R028,D011,Bengaluru,2026-08-07T12:11:00,2026-08-07T13:30:48,2026-08-07T12:51:26.356018,,delivered,18.0,high,clear
O00775,C0072,R049,D059,Bengaluru,2026-08-08T19:58:00,2026-08-08T21:23:48,2026-08-08T20:37:50.918485,2026-08-08T21:46:49.642917,delivered,18.0,high,heavy_rain
O00776,C0554,R057,D085,Bengaluru,2026-08-21T20:17:00,2026-08-21T21:29:38.238547,2026-08-21T20:43:32.880478,2026-08-21T21:32:38.791439,delivered,16.59,medium,clear
O00777,C0525,R030,D009,Bengaluru,2026-08-04T12:57:00,2026-08-04T14:11:37.510782,2026-08-04T13:25:51.550886,2026-08-04T14:16:59.926145,delivered,15.54,high,clear
O00778,C0068,R059,D015,Bengaluru,2026-08-27T21:12:00,2026-08-27T22:37:24,2026-08-27T21:23:21.947918,2026-08-27T22:30:35.745486,delivered,18.0,severe,clear
O00779,C0105,R048,D012,Bengaluru,2026-08-15T20:28:00,2026-08-15T21:43:36,2026-08-15T20:47:04.194043,2026-08-15T21:39:22.881851,delivered,18.0,medium,clear
O00780,C0580,R036,D027,Bengaluru,2026-08-21T12:24:00,2026-08-21T13:36:48,2026-08-21T13:02:30.269415,2026-08-21T13:47:44.301327,delivered,18.0,low,clear
O00781,C0103,R019,D103,Bengaluru,2026-08-22T12:33:00,2026-08-22T13:48:36,2026-08-22T13:11:17.309762,2026-08-22T14:01:40.289785,delivered,18.0,medium,clear
O00782,C0559,R053,D092,Bengaluru,2026-08-25T18:54:00,2026-08-25T20:09:36,2026-08-25T19:31:41.016480,2026-08-25T20:26:27.625735,delivered,18.0,medium,clear
O00783,C0572,R053,D103,Bengaluru,2026-08-21T18:58:00,2026-08-21T19:48:38.615429,2026-08-21T19:25:11.099307,2026-08-21T19:47:18.538610,delivered,4.12,high,clear
O00784,C0825,R027,D030,Bengaluru,2026-08-05T11:26:00,2026-08-05T12:45:48,2026-08-05T11:43:07.308343,2026-08-05T12:33:12.348862,delivered,18.0,high,clear
O00785,C0384,R015,D036,Bengaluru,2026-08-13T13:33:00,2026-08-13T14:44:41.801794,2026-08-13T13:46:53.944491,2026-08-13T14:31:48.226974,delivered,17.47,low,clear
O00786,C0058,R052,D090,Bengaluru,2026-08-15T16:53:00,2026-08-15T18:16:50.039491,2026-08-15T17:26:00.215629,2026-08-15T18:32:55.357258,delivered,16.06,severe,rain
O00787,C0418,R025,D105,Bengaluru,2026-08-22T18:09:00,2026-08-22T19:16:49.628537,2026-08-22T18:51:05.680015,2026-08-22T19:33:51.211983,delivered,12.3,high,clear
O00788,C0500,R004,D001,Bengaluru,2026-08-03T11:58:00,2026-08-03T12:58:44.604010,2026-08-03T12:16:34.129996,2026-08-03T12:53:19.748456,delivered,8.93,high,clear
O00789,C0534,R037,D010,Bengaluru,2026-08-19T22:28:00,2026-08-19T23:25:47.500868,2026-08-19T22:52:17.016511,2026-08-19T23:26:50.309739,delivered,9.52,medium,clear
O00790,C0587,R013,D115,Bengaluru,2026-08-08T23:42:00,2026-08-09T00:44:42.126566,2026-08-09T00:25:30.735137,2026-08-09T01:17:28.350692,delivered,6.0,severe,rain
O00791,C0666,R052,D054,Bengaluru,2026-08-22T18:56:00,2026-08-22T19:50:15.468385,2026-08-22T19:21:19.971964,2026-08-22T19:56:57.274536,delivered,7.84,medium,clear
O00792,C0871,R007,D071,Bengaluru,2026-08-26T12:38:00,2026-08-26T14:03:24,2026-08-26T12:51:33.252962,2026-08-26T13:52:04.417150,delivered,18.0,severe,clear
O00793,C0830,R060,D003,Bengaluru,2026-08-02T19:44:00,2026-08-02T20:59:36,2026-08-02T20:28:01.009030,2026-08-02T21:19:10.505173,delivered,18.0,medium,clear
O00794,C0613,R012,D066,Bengaluru,2026-08-13T14:30:00,2026-08-13T15:21:32.869605,2026-08-13T15:03:35.288797,2026-08-13T15:33:10.618217,delivered,6.55,medium,clear
O00795,C0254,R021,D027,Bengaluru,2026-08-10T15:58:00,2026-08-10T17:06:26.846220,2026-08-10T16:25:21.368073,2026-08-10T17:08:24.326801,delivered,14.59,medium,clear
O00796,C0417,R031,D106,Bengaluru,2026-08-25T12:04:00,2026-08-25T13:16:48,2026-08-25T12:22:20.492725,2026-08-25T13:07:51.497438,delivered,18.0,low,clear
O00797,C0011,R020,D075,Bengaluru,2026-08-07T22:59:00,2026-08-08T00:05:37.188606,2026-08-07T23:45:18.076888,2026-08-08T00:25:12.099724,delivered,15.06,low,clear
O00798,C0371,R027,D033,Bengaluru,2026-08-20T19:30:00,2026-08-20T20:45:36,2026-08-20T20:06:42.086028,,cancelled,18.0,medium,clear
O00799,C0009,R031,D077,Bengaluru,2026-08-09T13:34:00,2026-08-09T14:34:23.826486,2026-08-09T14:15:15.409140,2026-08-09T14:47:41.983965,delivered,10.76,medium,clear
O00800,C0723,R008,D078,Bengaluru,2026-08-27T17:15:00,2026-08-27T18:10:18.736927,2026-08-27T17:41:16.151633,2026-08-27T18:08:35.250131,delivered,8.34,medium,clear
O00801,C0331,R058,D079,Bengaluru,2026-08-03T16:49:00,2026-08-03T18:10:00.692513,2026-08-03T17:28:13.097305,2026-08-03T18:25:02.853593,delivered,15.91,severe,clear
O00802,C0888,R048,D082,Bengaluru,2026-08-08T19:02:00,2026-08-08T20:06:42.929344,2026-08-08T19:15:11.015379,2026-08-08T19:57:15.530533,delivered,10.82,high,clear
O00803,C0880,R046,D055,Bengaluru,2026-08-28T13:20:00,2026-08-28T14:34:17.043488,2026-08-28T13:58:12.321913,2026-08-28T14:46:40.708937,delivered,16.18,medium,rain
O00804,C0031,R057,D092,Bengaluru,2026-08-11T14:31:00,2026-08-11T15:39:42.615644,2026-08-11T15:00:57.746943,2026-08-11T15:41:33.345375,delivered,14.72,medium,clear
O00805,C0661,R057,D025,Bengaluru,2026-08-04T12:20:00,2026-08-04T13:16:57.835589,2026-08-04T12:57:56.674996,2026-08-04T13:26:32.600756,delivered,7.13,high,clear
O00806,C0885,R023,D024,Bengaluru,2026-08-10T17:23:00,2026-08-10T18:44:56.888901,2026-08-10T17:41:37.378173,2026-08-10T18:44:34.522024,delivered,17.83,high,rain
O00807,C0327,R056,D077,Bengaluru,2026-08-16T20:35:00,2026-08-16T21:53:06,2026-08-16T20:56:49.509629,2026-08-16T21:54:29.554123,delivered,18.0,medium,rain
O00808,C0392,R032,D071,Bengaluru,2026-08-01T16:56:00,2026-08-01T18:08:48,2026-08-01T17:44:46.475284,2026-08-01T18:37:12.128398,delivered,18.0,low,clear
O00809,C0864,R002,D008,Bengaluru,2026-08-02T18:14:00,2026-08-02T19:33:48,2026-08-02T18:30:19.683728,2026-08-02T19:23:30.952729,delivered,18.0,high,clear
O00810,C0274,R013,D111,Bengaluru,2026-08-20T19:18:00,2026-08-20T20:17:16.391855,2026-08-20T19:39:08.541100,2026-08-20T20:12:43.050330,delivered,8.23,high,clear
O00811,C0729,R018,D024,Bengaluru,2026-08-25T17:23:00,2026-08-25T18:34:34.384124,2026-08-25T18:04:59.204959,2026-08-25T18:48:33.957100,delivered,14.89,medium,rain
O00812,C0575,R023,D094,Bengaluru,2026-08-05T16:01:00,2026-08-05T17:09:02.949961,2026-08-05T16:19:11.638441,2026-08-05T16:57:25.524261,delivered,14.55,low,rain
O00813,C0304,R034,D087,Bengaluru,2026-08-25T18:56:00,2026-08-25T20:11:36,2026-08-25T19:15:50.488199,2026-08-25T20:06:57.402485,delivered,18.0,medium,clear
O00814,C0765,R008,D011,Bengaluru,2026-08-03T17:48:00,2026-08-03T18:26:39.219860,2026-08-03T18:40:11.960955,2026-08-03T18:49:02.169069,delivered,1.74,low,clear
O00815,C0873,R032,D074,Bengaluru,2026-08-08T14:41:00,2026-08-08T16:00:48,2026-08-08T14:57:27.174449,2026-08-08T15:59:06.699578,delivered,18.0,high,clear
O00816,C0306,R053,D102,Bengaluru,2026-08-22T17:32:00,2026-08-22T18:34:36.897195,2026-08-22T18:01:50.470523,2026-08-22T18:41:37.075833,delivered,9.82,high,clear
O00817,C0727,R030,D035,Bengaluru,2026-08-06T17:09:00,2026-08-06T18:27:06,2026-08-06T17:22:57.435562,2026-08-06T18:20:37.792251,delivered,18.0,medium,rain
O00818,C0790,R053,D089,Bengaluru,2026-08-10T18:28:00,2026-08-10T19:36:47.165486,2026-08-10T18:43:38.754949,2026-08-10T19:25:30.039218,delivered,14.76,medium,clear
O00819,C0342,R054,D021,Bengaluru,2026-08-12T18:41:00,2026-08-12T20:00:48,2026-08-12T19:19:26.076991,2026-08-12T20:20:50.220152,delivered,18.0,high,clear
O00820,C0783,R031,D056,Bengaluru,2026-08-15T23:38:00,2026-08-16T00:54:51.718652,2026-08-16T00:09:02.680034,2026-08-16T00:58:49.331485,delivered,15.41,high,rain
O00821,C0642,R006,D095,Bengaluru,2026-08-28T11:17:00,2026-08-28T12:36:12.611291,2026-08-28T11:39:22.514193,2026-08-28T12:32:03.677063,delivered,15.05,severe,clear
O00822,C0095,R010,D017,Bengaluru,2026-08-04T16:16:00,2026-08-04T17:10:33.398140,2026-08-04T16:40:51.674399,2026-08-04T17:03:27.894153,delivered,6.79,medium,rain
O00823,C0301,R001,D107,Bengaluru,2026-08-23T18:17:00,2026-08-23T19:28:38.013519,2026-08-23T18:57:11.020615,2026-08-23T19:40:50.028972,delivered,17.44,low,clear
O00824,C0399,R035,D023,Bengaluru,2026-08-03T23:56:00,2026-08-04T01:10:05.646384,2026-08-04T00:18:10.147447,,cancelled,17.28,medium,clear
O00825,C0023,R021,D026,Bengaluru,2026-08-08T19:51:00,2026-08-08T21:03:48,2026-08-08T20:09:01.314180,2026-08-08T20:54:58.768926,delivered,18.0,low,clear
O00826,C0625,R025,D010,Bengaluru,2026-08-12T18:30:00,2026-08-12T19:45:36,2026-08-12T19:04:05.730714,2026-08-12T19:50:42.166666,delivered,18.0,medium,clear
O00827,C0332,R005,D081,Bengaluru,2026-08-16T19:26:00,2026-08-16T20:41:36,2026-08-16T19:48:42.257515,2026-08-16T20:40:25.871737,delivered,18.0,medium,clear
O00828,C0838,R038,D094,Bengaluru,2026-08-18T19:47:00,2026-08-18T21:02:18,2026-08-18T20:24:35.468933,2026-08-18T21:12:13.348606,delivered,18.0,low,rain
O00829,C0155,R049,D067,Bengaluru,2026-08-09T22:42:00,2026-08-10T00:07:24,2026-08-09T23:09:02.775964,2026-08-10T00:08:48.638223,delivered,18.0,severe,clear
O00830,C0553,R020,D046,Bengaluru,2026-08-25T23:14:00,2026-08-26T00:25:15.186786,2026-08-25T23:38:59.284984,,delivered,13.93,high,clear
O00831,C0880,R019,D037,Bengaluru,2026-08-25T17:52:00,2026-08-25T19:04:48,2026-08-25T18:19:36.740531,,cancelled,18.0,low,clear
O00832,C0643,R017,D045,Bengaluru,2026-08-06T20:43:00,2026-08-06T21:55:48,2026-08-06T21:05:33.192800,2026-08-06T21:52:08.761503,delivered,18.0,low,clear
O00833,C0343,R045,D094,Bengaluru,2026-08-20T19:43:00,2026-08-20T20:41:21.792437,2026-08-20T20:19:29.247161,2026-08-20T20:48:48.295012,delivered,9.79,medium,clear
O00834,C0398,R016,D032,Bengaluru,2026-08-16T20:05:00,2026-08-16T21:20:36,2026-08-16T20:39:04.339337,2026-08-16T21:30:08.134635,delivered,18.0,medium,clear
O00835,C0803,R013,D014,Bengaluru,2026-08-14T12:43:00,2026-08-14T13:54:46.487263,2026-08-14T13:07:36.217118,2026-08-14T13:55:26.155154,delivered,16.32,low,rain
O00836,C0263,R029,D070,Bengaluru,2026-08-17T18:57:00,2026-08-17T20:15:06,2026-08-17T19:44:15.440913,2026-08-17T20:35:59.649573,delivered,18.0,medium,rain
O00837,C0343,R033,D067,Bengaluru,2026-08-21T22:49:00,2026-08-22T00:04:36,2026-08-21T23:14:19.230016,2026-08-22T00:08:31.250876,delivered,18.0,medium,clear
O00838,C0276,R030,D014,Bengaluru,2026-08-01T18:23:00,2026-08-01T19:16:13.742166,2026-08-01T18:38:43.156359,2026-08-01T19:05:13.824800,delivered,5.35,high,clear
O00839,C0526,R004,D037,Bengaluru,2026-08-17T22:58:00,2026-08-18T00:05:58.318565,2026-08-17T23:27:27.259821,2026-08-18T00:09:30.201692,delivered,9.7,severe,clear
O00840,C0016,R009,D011,Bengaluru,2026-08-07T13:08:00,2026-08-07T14:27:48,2026-08-07T13:29:14.230851,,cancelled,18.0,high,clear
O00841,C0118,R031,D083,Bengaluru,2026-08-19T18:19:00,2026-08-19T19:38:48,2026-08-19T18:42:04.381848,2026-08-19T19:40:26.637445,delivered,18.0,high,clear
O00842,C0660,R042,D116,Bengaluru,2026-08-26T12:42:00,2026-08-26T13:38:20.981075,2026-08-26T13:30:00.981231,2026-08-26T13:56:06.259045,delivered,10.17,low,clear
O00843,C0439,R036,D100,Bengaluru,2026-08-02T21:49:00,2026-08-02T22:46:34.120516,2026-08-02T22:19:43.603646,2026-08-02T22:51:10.627848,delivered,9.41,medium,clear
O00844,C0588,R013,D099,Bengaluru,2026-08-25T12:38:00,2026-08-25T13:39:18.931456,2026-08-25T13:13:47.011384,2026-08-25T13:46:40.829338,delivered,12.53,low,clear
O00845,C0597,R006,D077,Bengaluru,2026-08-16T18:24:00,2026-08-16T19:11:32.755501,2026-08-16T18:56:30.208177,2026-08-16T19:22:52.966966,delivered,1.45,high,rain
O00846,C0140,R042,D082,Bengaluru,2026-08-18T18:40:00,2026-08-18T19:48:16.754904,2026-08-18T19:04:29.753529,2026-08-18T19:45:04.036445,delivered,15.85,low,clear
O00847,C0481,R013,D035,Bengaluru,2026-08-17T19:17:00,2026-08-17T20:13:55.935743,2026-08-17T19:45:15.416585,2026-08-17T20:16:15.230207,delivered,9.11,medium,clear
O00848,C0682,R001,D043,Bengaluru,2026-08-17T13:46:00,2026-08-17T15:05:48,2026-08-17T14:09:18.117199,2026-08-17T15:03:22.390052,delivered,18.0,high,clear
O00849,C0739,R024,D117,Bengaluru,2026-08-20T12:07:00,2026-08-20T13:34:54,2026-08-20T12:36:21.256784,2026-08-20T13:45:22.878021,delivered,18.0,severe,rain
O00850,C0412,R028,D002,Bengaluru,2026-08-16T18:20:00,2026-08-16T19:19:51.236850,2026-08-16T18:43:30.654506,2026-08-16T19:11:36.841928,delivered,11.84,low,clear
O00851,C0584,R015,D083,Bengaluru,2026-08-07T11:42:00,2026-08-07T12:53:19.986771,2026-08-07T11:57:42.201732,2026-08-07T12:42:31.839199,delivered,15.97,medium,clear
O00852,C0808,R043,D118,Bengaluru,2026-08-08T13:52:00,2026-08-08T15:07:36,2026-08-08T14:35:44.206558,2026-08-08T15:23:48.566562,delivered,18.0,medium,clear
O00853,C0335,R005,D036,Bengaluru,2026-08-04T11:42:00,2026-08-04T12:35:37.707596,2026-08-04T12:11:53.817080,2026-08-04T12:45:05.247031,delivered,7.54,medium,clear
O00854,C0575,R018,D094,Bengaluru,2026-08-22T18:50:00,2026-08-22T20:09:48,2026-08-22T19:33:11.908823,2026-08-22T20:27:37.081650,delivered,18.0,high,clear
O00855,C0377,R016,D059,Bengaluru,2026-08-23T16:14:00,2026-08-23T17:32:06,2026-08-23T16:36:22.864159,2026-08-23T17:34:28.591437,delivered,18.0,medium,rain
O00856,C0735,R048,D086,Bengaluru,2026-08-03T18:22:00,2026-08-03T19:29:18.716564,2026-08-03T18:42:04.921679,2026-08-03T19:19:34.964724,delivered,14.05,medium,clear
O00857,C0244,R053,D088,Bengaluru,2026-08-23T18:16:00,2026-08-23T19:29:08.492787,2026-08-23T18:47:20.041957,2026-08-23T19:39:46.767632,delivered,16.97,low,rain
O00858,C0528,R046,D008,Bengaluru,2026-08-02T18:50:00,2026-08-02T20:07:03.233589,2026-08-02T19:09:59.566241,2026-08-02T20:13:45.040736,delivered,13.84,high,heavy_rain
O00859,C0841,R017,D059,Bengaluru,2026-08-09T20:11:00,2026-08-09T21:06:09.468610,2026-08-09T20:28:21.873701,2026-08-09T21:00:09.009957,delivered,8.27,medium,clear
O00860,C0518,R014,D113,Bengaluru,2026-08-17T21:25:00,2026-08-17T22:17:30.618676,2026-08-17T21:43:14.347813,2026-08-17T22:09:38.345727,delivered,8.34,low,clear
O00861,C0183,R022,D058,Bengaluru,2026-08-03T23:08:00,2026-08-04T00:13:17.526173,2026-08-03T23:35:57.627446,2026-08-04T00:18:15.808052,delivered,14.42,low,clear
O00862,C0067,R025,D096,Bengaluru,2026-08-09T18:26:00,2026-08-09T19:41:18,2026-08-09T19:16:31.622000,2026-08-09T20:05:24.298945,delivered,18.0,low,rain
O00863,C0657,R032,D103,Bengaluru,2026-08-25T19:09:00,2026-08-25T20:24:36,2026-08-25T19:34:44.852623,2026-08-25T20:22:30.421397,delivered,18.0,medium,clear
O00864,C0237,R018,D076,Bengaluru,2026-08-15T13:03:00,2026-08-15T14:06:19.178423,2026-08-15T13:29:13.485953,2026-08-15T14:08:23.327115,delivered,12.15,medium,clear
O00865,C0272,R010,D036,Bengaluru,2026-08-28T21:04:00,2026-08-28T22:19:36,2026-08-28T21:18:41.788656,2026-08-28T22:10:01.532718,delivered,18.0,medium,clear
O00866,C0342,R029,D119,Bengaluru,2026-08-11T20:29:00,2026-08-11T21:44:36,2026-08-11T20:45:42.202426,2026-08-11T21:32:27.228041,delivered,18.0,medium,clear
O00867,C0587,R047,D100,Bengaluru,2026-08-24T18:04:00,2026-08-24T19:04:51.843400,2026-08-24T18:27:22.899075,2026-08-24T19:05:40.020409,delivered,6.32,severe,clear
O00868,C0881,R021,D008,Bengaluru,2026-08-02T11:00:00,2026-08-02T12:25:24,2026-08-02T11:24:19.405504,2026-08-02T12:32:22.041184,delivered,18.0,severe,clear
O00869,C0519,R033,D010,Bengaluru,2026-08-09T20:50:00,2026-08-09T22:02:48,2026-08-09T21:14:55.116533,2026-08-09T21:58:01.471632,delivered,18.0,low,clear
O00870,C0166,R044,D043,Bengaluru,2026-08-27T20:40:00,2026-08-27T21:57:42.489444,2026-08-27T21:05:06.874847,2026-08-27T22:01:01.794127,delivered,17.0,high,clear
O00871,C0621,R024,D092,Bengaluru,2026-08-17T16:46:00,2026-08-17T18:11:24,2026-08-17T17:02:26.061448,2026-08-17T18:04:22.619317,delivered,18.0,severe,clear
O00872,C0139,R056,D114,Bengaluru,2026-08-18T18:26:00,2026-08-18T19:45:48,2026-08-18T18:57:50.599690,2026-08-18T19:48:35.861226,delivered,18.0,high,clear
O00873,C0301,R060,D010,Bengaluru,2026-08-05T17:01:00,2026-08-05T18:00:16.242666,2026-08-05T17:20:52.733979,2026-08-05T17:56:08.815245,delivered,10.22,medium,clear
O00874,C0133,R018,D008,Bengaluru,2026-08-06T19:37:00,2026-08-06T20:51:29.097055,2026-08-06T20:31:50.915352,2026-08-06T21:19:29.735858,delivered,17.47,medium,clear
O00875,C0356,R060,D069,Bengaluru,2026-08-10T23:23:00,2026-08-11T00:20:37.298015,2026-08-10T23:57:33.888524,2026-08-11T00:32:44.542189,delivered,6.25,high,rain
O00876,C0754,R007,D095,Bengaluru,2026-08-27T22:50:00,2026-08-28T00:02:48,2026-08-27T23:06:04.179160,2026-08-27T23:48:45.962206,delivered,18.0,low,clear
O00877,C0612,R005,D073,Bengaluru,2026-08-20T14:18:00,2026-08-20T15:33:18,2026-08-20T14:42:07.350378,2026-08-20T15:26:50.368469,delivered,18.0,low,rain
O00878,C0815,R043,D030,Bengaluru,2026-08-07T15:09:00,2026-08-07T16:02:01.870260,2026-08-07T15:48:13.445935,2026-08-07T16:17:37.155106,delivered,5.25,high,clear
O00879,C0049,R049,D005,Bengaluru,2026-08-21T19:42:00,2026-08-21T20:56:48.715750,2026-08-21T20:10:28.445315,2026-08-21T20:56:45.964326,delivered,17.62,medium,clear
O00880,C0345,R060,D038,Bengaluru,2026-08-09T17:52:00,2026-08-09T18:58:22.514305,2026-08-09T18:15:45.666363,2026-08-09T18:53:59.606120,delivered,13.61,medium,clear
O00881,C0641,R009,D009,Bengaluru,2026-08-14T12:56:00,2026-08-14T14:21:24,2026-08-14T13:29:05.025079,2026-08-14T14:29:15.196188,delivered,18.0,severe,clear
O00882,C0155,R009,D104,Bengaluru,2026-08-26T19:21:00,2026-08-26T20:33:48,2026-08-26T19:41:56.185161,2026-08-26T20:33:05.772625,delivered,18.0,low,clear
O00883,C0769,R046,D032,Bengaluru,2026-08-15T23:37:00,2026-08-16T00:26:30.988001,2026-08-16T00:07:31.753897,2026-08-16T00:35:31.174890,delivered,5.58,medium,clear
O00884,C0177,R011,D011,Bengaluru,2026-08-19T14:16:00,2026-08-19T15:15:45.868172,2026-08-19T14:53:46.243018,2026-08-19T15:35:21.381588,delivered,10.46,medium,clear
O00885,C0316,R044,D078,Bengaluru,2026-08-18T20:34:00,2026-08-18T21:47:48.885839,2026-08-18T20:53:29.589466,2026-08-18T21:45:28.988525,delivered,12.48,severe,clear
O00886,C0282,R002,D085,Bengaluru,2026-08-28T14:24:00,2026-08-28T15:39:36,2026-08-28T14:42:29.214162,2026-08-28T15:35:47.311797,delivered,18.0,medium,clear
O00887,C0579,R048,D044,Bengaluru,2026-08-10T19:26:00,2026-08-10T20:38:48,2026-08-10T19:51:40.676427,2026-08-10T20:38:51.484045,delivered,18.0,low,clear
O00888,C0774,R056,D086,Bengaluru,2026-08-08T12:49:00,2026-08-08T14:11:18,2026-08-08T13:15:59.428158,2026-08-08T14:18:26.668317,delivered,18.0,high,rain
O00889,C0035,R007,D050,Bengaluru,2026-08-13T20:34:00,2026-08-13T21:59:24,2026-08-13T20:56:29.200377,2026-08-13T21:57:13.014797,delivered,18.0,severe,clear
O00890,C0883,R038,D021,Bengaluru,2026-08-25T19:01:00,2026-08-25T20:16:36,2026-08-25T19:16:59.209476,2026-08-25T20:11:29.181119,delivered,18.0,medium,clear
O00891,C0733,R049,D040,Bengaluru,2026-08-22T22:49:00,2026-08-22T23:55:15.184583,2026-08-22T23:12:51.902718,2026-08-22T23:56:47.317381,delivered,13.55,medium,clear
O00892,C0385,R025,D054,Bengaluru,2026-08-21T17:47:00,2026-08-21T19:12:48,2026-08-21T18:26:09.674686,2026-08-21T19:33:40.281369,delivered,18.0,high,heavy_rain
O00893,C0556,R051,D081,Bengaluru,2026-08-08T16:52:00,2026-08-08T17:54:57.666880,2026-08-08T17:43:55.003435,2026-08-08T18:25:17.031993,delivered,11.98,medium,clear
O00894,C0875,R047,D020,Bengaluru,2026-08-14T11:18:00,2026-08-14T12:23:52.577265,2026-08-14T11:49:29.819041,2026-08-14T12:29:23.728062,delivered,13.37,medium,clear
O00895,C0346,R043,D068,Bengaluru,2026-08-03T14:17:00,2026-08-03T15:13:23.559219,2026-08-03T14:42:13.162687,2026-08-03T15:16:40.717322,delivered,8.85,medium,clear
O00896,C0653,R013,D001,Bengaluru,2026-08-14T12:21:00,2026-08-14T13:29:34.149923,2026-08-14T13:15:49.285212,2026-08-14T14:00:22.095090,delivered,14.65,medium,clear
O00897,C0149,R055,D070,Bengaluru,2026-08-18T21:15:00,2026-08-18T22:27:48,2026-08-18T21:35:03.529951,2026-08-18T22:24:19.611152,delivered,18.0,low,clear
O00898,C0680,R037,D046,Bengaluru,2026-08-09T18:46:00,2026-08-09T19:56:07.924199,2026-08-09T19:15:21.344760,2026-08-09T20:01:37.346141,delivered,13.4,high,clear
O00899,C0577,R044,D093,Bengaluru,2026-08-14T15:38:00,2026-08-14T16:59:36,2026-08-14T16:03:00.914580,2026-08-14T17:00:11.093410,delivered,18.0,medium,heavy_rain
O00900,C0106,R039,D066,Bengaluru,2026-08-24T11:04:00,2026-08-24T12:23:48,2026-08-24T11:25:34.205756,2026-08-24T12:25:10.238259,delivered,18.0,high,clear
O00901,C0629,R015,D100,Bengaluru,2026-08-28T17:26:00,2026-08-28T18:41:36,2026-08-28T17:55:39.325212,2026-08-28T18:43:35.316572,delivered,18.0,medium,clear
O00902,C0381,R012,D069,Bengaluru,2026-08-09T11:29:00,2026-08-09T12:26:28.417076,2026-08-09T11:53:35.047998,2026-08-09T12:22:12.015363,delivered,9.51,low,rain
O00903,C0631,R044,D010,Bengaluru,2026-08-03T19:22:00,2026-08-03T20:33:11.065545,2026-08-03T19:51:14.447217,2026-08-03T20:37:53.421810,delivered,15.9,medium,clear
O00904,C0311,R057,D088,Bengaluru,2026-08-08T23:35:00,2026-08-09T00:48:05.486411,2026-08-09T00:21:31.303143,2026-08-09T01:06:12.757872,delivered,15.61,medium,rain
O00905,C0664,R049,D023,Bengaluru,2026-08-04T15:18:00,2026-08-04T16:33:36,2026-08-04T15:48:07.415195,2026-08-04T16:40:48.665714,delivered,18.0,medium,clear
O00906,C0203,R050,D080,Bengaluru,2026-08-25T19:35:00,2026-08-25T20:44:02.775957,2026-08-25T20:08:26.805752,2026-08-25T20:53:29.750617,delivered,14.88,medium,clear
O00907,C0631,R015,D046,Bengaluru,2026-08-20T13:15:00,2026-08-20T14:09:33.200463,2026-08-20T13:24:36.707624,2026-08-20T13:55:11.360812,delivered,6.79,medium,rain
O00908,C0459,R035,D044,Bengaluru,2026-08-14T21:13:00,2026-08-14T22:28:36,2026-08-14T21:25:31.034393,2026-08-14T22:08:55.755524,delivered,18.0,medium,clear
O00909,C0697,R026,D048,Bengaluru,2026-08-19T17:17:00,2026-08-19T18:39:18,2026-08-19T17:57:51.008216,2026-08-19T19:03:00.986423,delivered,18.0,high,rain
O00910,C0464,R057,D106,Bengaluru,2026-08-27T18:13:00,2026-08-27T19:25:42.545080,2026-08-27T18:42:49.058441,,delivered,13.43,high,rain
O00911,C0396,R053,D055,Bengaluru,2026-08-01T19:12:00,2026-08-01T20:00:36.630456,2026-08-01T19:29:50.578659,2026-08-01T19:50:16.359030,delivered,6.48,low,clear
O00912,C0141,R004,D029,Bengaluru,2026-08-21T20:48:00,2026-08-21T21:30:16.837667,2026-08-21T21:32:19.043090,,delivered,2.13,medium,clear
O00913,C0692,R035,D028,Bengaluru,2026-08-08T19:10:00,2026-08-08T20:25:36,2026-08-08T19:25:54.262575,2026-08-08T20:13:41.763931,delivered,18.0,medium,clear
O00914,C0281,R019,D022,Bengaluru,2026-08-07T22:27:00,2026-08-07T23:42:18,2026-08-07T22:52:43.990541,2026-08-07T23:48:57.849507,delivered,18.0,low,rain
O00915,C0827,R049,D115,Bengaluru,2026-08-04T20:08:00,2026-08-04T21:27:48,2026-08-04T20:27:51.211454,2026-08-04T21:24:40.009352,delivered,18.0,high,clear
O00916,C0082,R037,D088,Bengaluru,2026-08-02T18:38:00,2026-08-02T19:53:36,2026-08-02T19:17:27.622241,2026-08-02T20:04:25.336872,delivered,18.0,medium,clear
O00917,C0531,R044,D111,Bengaluru,2026-08-17T13:28:00,2026-08-17T14:40:48,2026-08-17T13:50:59.936796,2026-08-17T14:34:54.491923,delivered,18.0,low,clear
O00918,C0694,R046,D005,Bengaluru,2026-08-23T11:51:00,2026-08-23T13:08:17.565553,2026-08-23T11:58:59.039467,2026-08-23T12:52:49.800003,delivered,16.81,high,clear
O00919,C0698,R039,D061,Bengaluru,2026-08-21T17:50:00,2026-08-21T18:49:12.592852,2026-08-21T18:15:18.974724,2026-08-21T18:55:52.875706,delivered,5.34,high,heavy_rain
O00920,C0520,R011,D075,Bengaluru,2026-08-18T18:31:00,2026-08-18T19:30:22.094585,2026-08-18T19:06:57.935930,2026-08-18T19:44:23.256844,delivered,10.27,medium,clear
O00921,C0403,R046,D043,Bengaluru,2026-08-09T21:24:00,2026-08-09T22:25:38.137244,2026-08-09T21:46:37.235222,2026-08-09T22:19:45.866925,delivered,11.35,medium,clear
O00922,C0316,R002,D041,Bengaluru,2026-08-10T20:50:00,2026-08-10T22:05:36,2026-08-10T21:25:33.528774,2026-08-10T22:12:01.457805,delivered,18.0,medium,clear
O00923,C0426,R038,D097,Bengaluru,2026-08-28T22:11:00,2026-08-28T23:23:48,2026-08-28T22:27:00.325850,2026-08-28T23:10:01.755244,delivered,18.0,low,clear
O00924,C0674,R026,D114,Bengaluru,2026-08-08T18:24:00,2026-08-08T19:43:48,2026-08-08T18:49:29.498545,2026-08-08T19:45:49.739067,delivered,18.0,high,clear
O00925,C0896,R057,D048,Bengaluru,2026-08-10T17:10:00,2026-08-10T18:25:18,2026-08-10T17:40:22.871461,2026-08-10T18:34:33.794477,delivered,18.0,low,rain
O00926,C0462,R054,D098,Bengaluru,2026-08-21T17:22:00,2026-08-21T18:47:24,2026-08-21T17:39:31.861459,2026-08-21T18:46:53.310715,delivered,18.0,severe,clear
O00927,C0705,R046,D106,Bengaluru,2026-08-01T19:30:00,2026-08-01T20:29:02.748572,2026-08-01T19:55:28.070556,2026-08-01T20:28:48.650446,delivered,10.12,medium,clear
O00928,C0249,R019,D056,Bengaluru,2026-08-17T18:53:00,2026-08-17T20:18:24,2026-08-17T19:25:58.392322,2026-08-17T20:30:29.772368,delivered,18.0,severe,clear
O00929,C0859,R051,D094,Bengaluru,2026-08-07T22:13:00,2026-08-07T23:19:24.176783,2026-08-07T22:26:13.383789,2026-08-07T23:14:54.509048,delivered,7.76,severe,rain
O00930,C0220,R022,D120,Bengaluru,2026-08-15T18:46:00,2026-08-15T19:50:13.234987,2026-08-15T19:36:31.818799,2026-08-15T20:19:42.080527,delivered,10.58,high,clear
O00931,C0388,R030,D087,Bengaluru,2026-08-03T22:58:00,2026-08-04T00:17:48,2026-08-03T23:18:00.013146,2026-08-04T00:06:19.307256,delivered,18.0,high,clear
O00932,C0454,R021,D071,Bengaluru,2026-08-27T11:51:00,2026-08-27T13:03:48,2026-08-27T12:18:36.015414,2026-08-27T13:02:17.700334,delivered,18.0,low,clear
O00933,C0645,R051,D010,Bengaluru,2026-08-20T12:46:00,2026-08-20T14:08:18,2026-08-20T13:10:01.418201,2026-08-20T14:08:46.929272,delivered,18.0,high,rain
O00934,C0761,R027,D117,Bengaluru,2026-08-21T20:18:00,2026-08-21T21:30:48,2026-08-21T20:50:24.075543,2026-08-21T21:38:25.193680,delivered,18.0,low,clear
O00935,C0094,R060,D060,Bengaluru,2026-08-03T15:17:00,2026-08-03T16:12:21.140728,2026-08-03T15:47:25.208803,2026-08-03T16:15:47.593295,delivered,8.36,medium,clear
O00936,C0767,R055,D068,Bengaluru,2026-08-25T20:15:00,2026-08-25T21:30:16.538034,2026-08-25T20:42:30.754239,2026-08-25T21:30:43.188479,delivered,17.85,medium,clear
O00937,C0889,R050,D054,Bengaluru,2026-08-28T23:33:00,2026-08-29T00:42:47.493150,2026-08-28T23:54:28.597113,2026-08-29T00:39:43.777639,delivered,13.23,high,clear
O00938,C0321,R055,D119,Bengaluru,2026-08-11T17:52:00,2026-08-11T19:07:36,2026-08-11T18:15:40.657672,2026-08-11T19:00:57.561680,delivered,18.0,medium,clear
O00939,C0415,R032,D081,Bengaluru,2026-08-18T11:33:00,2026-08-18T13:00:54,2026-08-18T12:07:21.023050,2026-08-18T13:16:37.480128,delivered,18.0,severe,rain
O00940,C0404,R052,D050,Bengaluru,2026-08-02T12:23:00,2026-08-02T13:32:19.563918,2026-08-02T13:00:06.026978,2026-08-02T13:44:50.834107,delivered,15.01,medium,clear
O00941,C0826,R060,D002,Bengaluru,2026-08-09T19:10:00,2026-08-09T20:12:41.162583,2026-08-09T19:48:57.976221,2026-08-09T20:26:41.904963,delivered,11.85,medium,clear
O00942,C0834,R010,D025,Bengaluru,2026-08-21T22:15:00,2026-08-21T23:11:10.781504,2026-08-21T22:38:27.910246,2026-08-21T23:04:04.667779,delivered,10.09,low,clear
O00943,C0063,R050,D105,Bengaluru,2026-08-08T16:09:00,2026-08-08T17:28:48,2026-08-08T16:35:07.654140,2026-08-08T17:31:53.980700,delivered,18.0,high,clear
O00944,C0276,R030,D115,Bengaluru,2026-08-10T18:46:00,2026-08-10T19:35:01.742166,2026-08-10T19:07:29.909754,2026-08-10T19:26:43.171400,delivered,5.35,medium,clear
O00945,C0309,R019,D015,Bengaluru,2026-08-27T11:22:00,2026-08-27T12:49:54,2026-08-27T12:06:10.185039,2026-08-27T13:13:42.369252,delivered,18.0,severe,rain
O00946,C0815,R002,D092,Bengaluru,2026-08-18T17:24:00,2026-08-18T18:39:36,2026-08-18T17:40:28.298049,2026-08-18T18:28:10.688777,delivered,18.0,medium,clear
O00947,C0814,R001,D091,Bengaluru,2026-08-07T20:25:00,2026-08-07T21:40:36,2026-08-07T20:54:35.484502,2026-08-07T21:49:06.516180,delivered,18.0,medium,clear
O00948,C0345,R043,D040,Bengaluru,2026-08-20T17:56:00,2026-08-20T18:55:33.558731,2026-08-20T18:40:54.640680,2026-08-20T19:15:33.413404,delivered,7.5,medium,heavy_rain
O00949,C0265,R008,D093,Bengaluru,2026-08-17T11:41:00,2026-08-17T12:31:30.113802,2026-08-17T11:56:10.130664,2026-08-17T12:22:57.374211,delivered,6.05,medium,clear
O00950,C0070,R004,D020,Bengaluru,2026-08-09T11:31:00,2026-08-09T12:46:36,2026-08-09T12:01:55.702225,2026-08-09T12:55:17.477630,delivered,18.0,medium,clear
O00951,C0077,R053,D022,Bengaluru,2026-08-28T18:40:00,2026-08-28T19:37:43.523827,2026-08-28T19:01:47.707494,2026-08-28T19:33:34.625091,delivered,6.3,high,rain
O00952,C0218,R058,D114,Bengaluru,2026-08-05T22:20:00,2026-08-05T23:38:06,2026-08-05T22:53:48.127969,2026-08-05T23:50:06.485747,delivered,18.0,medium,rain
O00953,C0773,R022,D002,Bengaluru,2026-08-13T12:48:00,2026-08-13T13:35:53.136545,2026-08-13T12:59:45.454139,2026-08-13T13:24:18.376963,delivered,3.61,medium,rain
O00954,C0217,R016,D050,Bengaluru,2026-08-10T15:03:00,2026-08-10T16:10:13.957678,2026-08-10T15:43:08.608842,2026-08-10T16:31:51.246018,delivered,12.02,high,clear
O00955,C0703,R037,D078,Bengaluru,2026-08-09T21:25:00,2026-08-09T22:40:36,2026-08-09T22:06:41.487359,2026-08-09T22:51:10.800754,delivered,18.0,medium,clear
O00956,C0499,R037,D001,Bengaluru,2026-08-19T18:11:00,2026-08-19T19:23:48,2026-08-19T18:42:16.480735,2026-08-19T19:24:10.255263,delivered,18.0,low,clear
O00957,C0167,R047,D018,Bengaluru,2026-08-04T21:11:00,2026-08-04T22:11:48.639080,2026-08-04T21:36:53.793723,2026-08-04T22:19:20.156067,delivered,8.1,medium,heavy_rain
O00958,C0295,R015,D031,Bengaluru,2026-08-28T22:15:00,2026-08-28T23:24:08.102596,2026-08-28T22:30:02.814286,,cancelled,12.92,high,clear
O00959,C0640,R029,D064,Bengaluru,2026-08-18T13:42:00,2026-08-18T14:55:03.459602,2026-08-18T14:09:23.912701,2026-08-18T15:03:32.210787,delivered,14.79,high,clear
O00960,C0682,R025,D062,Bengaluru,2026-08-19T13:04:00,2026-08-19T14:19:36,2026-08-19T13:40:20.955898,2026-08-19T14:26:24.035836,delivered,18.0,medium,clear
O00961,C0357,R056,D029,Bengaluru,2026-08-28T11:10:00,2026-08-28T12:25:18,2026-08-28T11:34:03.842723,2026-08-28T12:27:57.361488,delivered,18.0,low,rain
O00962,C0484,R038,D072,Bengaluru,2026-08-11T21:39:00,2026-08-11T22:54:36,2026-08-11T22:05:34.809144,2026-08-11T22:54:28.443560,delivered,18.0,medium,clear
O00963,C0255,R043,D100,Bengaluru,2026-08-16T13:49:00,2026-08-16T15:01:07.804303,2026-08-16T14:05:27.159039,2026-08-16T14:53:17.179377,delivered,11.68,severe,clear
O00964,C0092,R005,D080,Bengaluru,2026-08-23T21:53:00,2026-08-23T22:56:20.032107,2026-08-23T22:02:25.977426,2026-08-23T22:39:07.148659,delivered,10.16,high,clear
O00965,C0396,R058,D026,Bengaluru,2026-08-23T15:01:00,2026-08-23T16:23:18,2026-08-23T15:20:04.906157,2026-08-23T16:18:26.229890,delivered,18.0,high,rain
O00966,C0784,R010,D112,Bengaluru,2026-08-06T20:21:00,2026-08-06T21:39:17.125658,2026-08-06T20:44:29.958553,2026-08-06T21:36:45.910869,delivered,17.28,high,clear
O00967,C0317,R051,D024,Bengaluru,2026-08-19T21:50:00,2026-08-19T22:51:11.316526,2026-08-19T22:09:22.741115,2026-08-19T22:45:39.075386,delivered,9.95,medium,rain
O00968,C0799,R010,D101,Bengaluru,2026-08-11T20:59:00,2026-08-11T22:17:06,2026-08-11T21:18:29.088234,2026-08-11T22:11:21.764935,delivered,18.0,medium,rain
O00969,C0326,R031,D096,Bengaluru,2026-08-23T17:23:00,2026-08-23T18:35:48,2026-08-23T17:44:35.700747,2026-08-23T18:28:59.786797,delivered,18.0,low,clear
O00970,C0200,R053,D119,Bengaluru,2026-08-22T21:52:00,2026-08-22T22:46:59.517811,2026-08-22T22:29:35.144310,2026-08-22T22:59:08.802273,delivered,7.0,medium,rain
O00971,C0261,R028,D079,Bengaluru,2026-08-13T16:20:00,2026-08-13T17:35:36,2026-08-13T16:40:17.988763,2026-08-13T17:33:35.396453,delivered,18.0,medium,clear
O00972,C0506,R051,D022,Bengaluru,2026-08-11T11:39:00,2026-08-11T12:35:24.291242,2026-08-11T12:12:41.398634,2026-08-11T12:51:30.594031,delivered,7.67,medium,rain
O00973,C0046,R057,D001,Bengaluru,2026-08-04T19:33:00,2026-08-04T20:26:49.020326,2026-08-04T20:01:41.203903,2026-08-04T20:27:48.671877,delivered,7.63,medium,clear
O00974,C0500,R052,D106,Bengaluru,2026-08-25T17:03:00,2026-08-25T18:30:54,2026-08-25T17:15:34.416125,2026-08-25T18:23:32.980052,delivered,18.0,severe,rain
O00975,C0446,R034,D072,Bengaluru,2026-08-21T17:37:00,2026-08-21T18:34:34.442619,2026-08-21T17:57:45.440257,2026-08-21T18:32:05.452631,delivered,9.42,medium,clear
O00976,C0858,R038,D034,Bengaluru,2026-08-14T23:01:00,2026-08-15T00:16:18,2026-08-14T23:42:00.741035,2026-08-15T00:31:51.538796,delivered,18.0,low,rain
O00977,C0254,R051,D016,Bengaluru,2026-08-27T12:20:00,2026-08-27T13:33:32.251270,2026-08-27T13:13:02.367831,2026-08-27T14:05:27.474032,delivered,15.02,high,clear
O00978,C0889,R027,D104,Bengaluru,2026-08-23T18:31:00,2026-08-23T19:48:04.050108,2026-08-23T18:51:16.666830,2026-08-23T19:46:01.165664,delivered,14.03,severe,clear
O00979,C0450,R050,D038,Bengaluru,2026-08-24T19:58:00,2026-08-24T20:50:36.852790,2026-08-24T20:08:15.029397,2026-08-24T20:38:34.692361,delivered,7.05,medium,clear
O00980,C0015,R028,D016,Bengaluru,2026-08-27T19:40:00,2026-08-27T20:55:36,2026-08-27T20:31:37.484111,2026-08-27T21:19:28.956202,delivered,18.0,medium,clear
O00981,C0208,R052,D094,Bengaluru,2026-08-22T18:50:00,2026-08-22T19:58:41.178621,2026-08-22T19:19:59.443622,2026-08-22T20:02:22.399277,delivered,16.04,low,clear
O00982,C0798,R027,D067,Bengaluru,2026-08-17T20:54:00,2026-08-17T22:13:48,2026-08-17T21:13:57.297300,2026-08-17T22:15:35.236687,delivered,18.0,high,clear
O00983,C0556,R008,D044,Bengaluru,2026-08-15T19:12:00,2026-08-15T20:16:55.406319,2026-08-15T19:25:59.785734,2026-08-15T20:04:57.914455,delivered,12.92,medium,clear
O00984,C0075,R014,D053,Bengaluru,2026-08-07T20:56:00,2026-08-07T22:08:48,2026-08-07T21:22:57.617823,2026-08-07T22:15:52.506467,delivered,18.0,low,clear
O00985,C0579,R037,D071,Bengaluru,2026-08-26T19:57:00,2026-08-26T21:03:12.569936,2026-08-26T20:30:16.354201,2026-08-26T21:04:49.635612,delivered,13.53,medium,clear
O00986,C0713,R008,D056,Bengaluru,2026-08-26T22:31:00,2026-08-26T23:37:09.877250,2026-08-26T22:53:19.971787,2026-08-26T23:32:59.520668,delivered,11.51,high,clear
O00987,C0617,R050,D056,Bengaluru,2026-08-17T22:46:00,2026-08-17T23:58:48,2026-08-17T23:00:17.480757,2026-08-17T23:44:25.577751,delivered,18.0,low,clear
O00988,C0389,R023,D063,Bengaluru,2026-08-04T13:23:00,2026-08-04T14:31:34.596669,2026-08-04T13:57:58.569651,2026-08-04T14:41:31.086690,delivered,13.47,medium,rain
O00989,C0781,R023,D113,Bengaluru,2026-08-24T20:56:00,2026-08-24T21:44:55.817829,2026-08-24T21:14:12.264571,2026-08-24T21:36:26.466375,delivered,5.3,medium,clear
O00990,C0637,R011,D066,Bengaluru,2026-08-19T21:36:00,2026-08-19T22:35:13.158780,2026-08-19T21:57:40.052569,2026-08-19T22:28:34.066850,delivered,10.2,medium,clear
O00991,C0164,R033,D001,Bengaluru,2026-08-19T20:42:00,2026-08-19T21:54:48,2026-08-19T21:18:06.123295,2026-08-19T22:06:13.971000,delivered,18.0,low,clear
O00992,C0568,R053,D022,Bengaluru,2026-08-04T13:03:00,2026-08-04T13:54:16.308634,2026-08-04T13:46:06.832195,2026-08-04T14:19:38.514741,delivered,4.42,high,clear
O00993,C0283,R051,D081,Bengaluru,2026-08-04T13:11:00,2026-08-04T13:53:39.830237,2026-08-04T13:46:01.506150,2026-08-04T14:02:54.204601,delivered,3.65,low,clear
O00994,C0217,R060,D112,Bengaluru,2026-08-11T14:00:00,2026-08-11T15:08:57.638227,2026-08-11T14:20:48.872255,2026-08-11T15:09:31.959713,delivered,12.84,high,clear
O00995,C0746,R020,D040,Bengaluru,2026-08-22T17:33:00,2026-08-22T18:45:48,2026-08-22T18:30:31.333726,2026-08-22T19:17:31.238213,delivered,18.0,low,clear
O00996,C0563,R011,D050,Bengaluru,2026-08-26T20:41:00,2026-08-26T21:56:18,2026-08-26T21:01:43.236508,2026-08-26T21:53:16.778036,delivered,18.0,low,rain
O00997,C0417,R036,D063,Bengaluru,2026-08-14T22:35:00,2026-08-14T23:25:27.484239,2026-08-14T23:09:13.425045,2026-08-14T23:37:33.217826,delivered,6.03,medium,clear
O00998,C0706,R030,D107,Bengaluru,2026-08-16T15:10:00,2026-08-16T16:09:02.489190,2026-08-16T15:31:29.566377,2026-08-16T15:58:57.293678,delivered,10.11,medium,clear
O00999,C0845,R039,D032,Bengaluru,2026-08-28T13:56:00,2026-08-28T14:58:06.976178,2026-08-28T14:23:04.408734,2026-08-28T14:56:37.364735,delivered,9.58,high,clear
O01000,C0877,R044,D063,Bengaluru,2026-08-26T16:04:00,2026-08-26T17:19:36,2026-08-26T16:37:53.067514,2026-08-26T17:23:34.733888,delivered,18.0,medium,clear
O01001,C0181,R001,D013,Bengaluru,2026-08-15T17:07:00,2026-08-15T18:19:48,2026-08-15T17:48:10.490470,2026-08-15T18:28:47.808559,delivered,18.0,low,clear
O01002,C0022,R051,D098,Bengaluru,2026-08-03T18:27:00,2026-08-03T19:24:54.020628,2026-08-03T18:55:15.337282,2026-08-03T19:32:32.630051,delivered,9.57,medium,clear
O01003,C0622,R048,D069,Bengaluru,2026-08-15T12:32:00,2026-08-15T13:22:35.274763,2026-08-15T12:53:03.161074,2026-08-15T13:13:49.387835,delivered,7.42,low,clear
O01004,C0502,R002,D028,Bengaluru,2026-08-01T11:27:00,2026-08-01T12:33:05.112659,2026-08-01T11:40:58.064267,2026-08-01T12:21:53.298595,delivered,14.8,low,clear
O01005,C0365,R027,D046,Bengaluru,2026-08-26T21:12:00,2026-08-26T22:27:36,2026-08-26T21:38:28.600392,2026-08-26T22:32:02.413758,delivered,18.0,medium,clear
O01006,C0582,R041,D093,Bengaluru,2026-08-08T20:44:00,2026-08-08T22:03:48,2026-08-08T21:17:13.274938,2026-08-08T22:17:27.834470,delivered,18.0,high,clear
O01007,C0633,R035,D049,Bengaluru,2026-08-22T18:58:00,2026-08-22T20:12:21.690845,2026-08-22T19:14:40.651780,2026-08-22T20:01:17.002680,delivered,17.41,medium,clear
O01008,C0027,R019,D058,Bengaluru,2026-08-02T15:38:00,2026-08-02T16:56:06,2026-08-02T15:55:13.235750,2026-08-02T16:50:11.391252,delivered,18.0,medium,rain
O01009,C0148,R047,D097,Bengaluru,2026-08-22T12:26:00,2026-08-22T13:25:43.343933,2026-08-22T12:42:03.461668,2026-08-22T13:21:00.686457,delivered,10.44,medium,clear
O01010,C0200,R025,D116,Bengaluru,2026-08-06T14:44:00,2026-08-06T16:02:26.635087,2026-08-06T15:01:36.563806,2026-08-06T16:06:37.329657,delivered,14.69,severe,clear
O01011,C0654,R004,D007,Bengaluru,2026-08-01T14:03:00,2026-08-01T14:57:40.149024,2026-08-01T14:26:19.038408,2026-08-01T14:57:18.254195,delivered,6.84,medium,rain
O01012,C0895,R022,D062,Bengaluru,2026-08-26T12:23:00,2026-08-26T13:37:56.898491,2026-08-26T12:45:47.865666,2026-08-26T13:40:00.505796,delivered,15.69,high,clear
O01013,C0590,R033,D019,Bengaluru,2026-08-24T21:32:00,2026-08-24T22:57:48,2026-08-24T21:45:22.355435,2026-08-24T22:53:39.760299,delivered,18.0,high,heavy_rain
O01014,C0799,R009,D095,Bengaluru,2026-08-12T18:47:00,2026-08-12T20:12:24,2026-08-12T19:09:29.651287,,delivered,18.0,severe,clear
O01015,C0280,R013,D105,Bengaluru,2026-08-22T12:53:00,2026-08-22T13:48:21.031547,2026-08-22T13:05:57.422525,2026-08-22T13:36:22.156994,delivered,9.69,low,clear
O01016,C0080,R035,D024,Bengaluru,2026-08-17T13:46:00,2026-08-17T14:52:13.766304,2026-08-17T14:09:27.817334,2026-08-17T14:50:32.520472,delivered,11.54,high,clear
O01017,C0693,R045,D109,Bengaluru,2026-08-26T19:07:00,2026-08-26T20:13:06.840348,2026-08-26T19:29:03.441625,2026-08-26T20:13:18.057704,delivered,13.48,medium,clear
O01018,C0845,R027,D009,Bengaluru,2026-08-22T19:11:00,2026-08-22T20:26:36,2026-08-22T19:32:46.062982,2026-08-22T20:20:29.111170,delivered,18.0,medium,clear
O01019,C0815,R009,D001,Bengaluru,2026-08-18T16:24:00,2026-08-18T17:42:48,2026-08-18T16:34:00.966668,2026-08-18T17:33:00.174458,delivered,18.0,low,heavy_rain
O01020,C0816,R028,D017,Bengaluru,2026-08-08T19:56:00,2026-08-08T20:54:51.628658,2026-08-08T20:18:26.157514,2026-08-08T21:02:05.481816,delivered,7.17,medium,heavy_rain
O01021,C0290,R048,D035,Bengaluru,2026-08-27T12:57:00,2026-08-27T14:16:48,2026-08-27T13:19:48.897313,2026-08-27T14:17:50.290594,delivered,18.0,high,clear
O01022,C0831,R052,D050,Bengaluru,2026-08-14T21:21:00,2026-08-14T22:07:55.736861,2026-08-14T21:29:47.448144,2026-08-14T21:48:37.916495,delivered,5.68,low,clear
O01023,C0116,R039,D084,Bengaluru,2026-08-04T19:27:00,2026-08-04T20:14:40.347282,2026-08-04T19:56:35.992831,,cancelled,4.7,medium,clear
O01024,C0232,R041,D090,Bengaluru,2026-08-28T12:48:00,2026-08-28T14:10:18,2026-08-28T13:28:30.808995,2026-08-28T14:26:58.138192,delivered,18.0,high,rain
O01025,C0392,R019,D015,Bengaluru,2026-08-18T13:17:00,2026-08-18T14:29:48,2026-08-18T13:36:50.633539,2026-08-18T14:21:54.223143,delivered,18.0,low,clear
O01026,C0786,R014,D115,Bengaluru,2026-08-08T19:37:00,2026-08-08T20:52:36,2026-08-08T19:52:59.797073,2026-08-08T20:45:58.792666,delivered,18.0,medium,clear
O01027,C0285,R020,D034,Bengaluru,2026-08-05T20:43:00,2026-08-05T21:58:18,2026-08-05T21:07:59.373980,2026-08-05T21:57:42.761471,delivered,18.0,low,rain
O01028,C0080,R004,D033,Bengaluru,2026-08-24T12:53:00,2026-08-24T14:02:33.830992,2026-08-24T13:26:02.698286,2026-08-24T14:15:01.674812,delivered,15.13,medium,clear
O01029,C0605,R044,D101,Bengaluru,2026-08-01T19:41:00,2026-08-01T20:48:50.671196,2026-08-01T20:11:01.234013,2026-08-01T20:55:39.925033,delivered,13.12,medium,rain
O01030,C0408,R047,D072,Bengaluru,2026-08-16T17:20:00,2026-08-16T18:39:48,2026-08-16T18:02:45.901175,2026-08-16T19:01:09.344020,delivered,18.0,high,clear
O01031,C0526,R054,D010,Bengaluru,2026-08-10T20:14:00,2026-08-10T21:26:48,2026-08-10T20:42:25.477146,2026-08-10T21:28:25.181580,delivered,18.0,low,clear
O01032,C0605,R057,D053,Bengaluru,2026-08-23T16:06:00,2026-08-23T17:21:36,2026-08-23T16:36:43.452369,2026-08-23T17:24:19.414600,delivered,18.0,medium,clear
O01033,C0069,R017,D076,Bengaluru,2026-08-25T20:27:00,2026-08-25T21:52:24,2026-08-25T21:10:25.139964,2026-08-25T22:13:05.142284,delivered,18.0,severe,clear
O01034,C0261,R040,D076,Bengaluru,2026-08-28T18:16:00,2026-08-28T19:26:18.874295,2026-08-28T18:44:55.877517,,delivered,15.48,medium,clear
O01035,C0316,R049,D102,Bengaluru,2026-08-12T18:50:00,2026-08-12T20:04:38.608651,2026-08-12T19:10:43.770435,2026-08-12T20:13:13.561689,delivered,14.35,high,rain
O01036,C0276,R018,D099,Bengaluru,2026-08-17T15:47:00,2026-08-17T16:50:13.343397,2026-08-17T16:21:59.799755,2026-08-17T17:04:27.312581,delivered,10.11,high,clear
O01037,C0676,R059,D052,Bengaluru,2026-08-17T13:08:00,2026-08-17T14:05:39.545908,2026-08-17T13:28:22.161006,2026-08-17T14:02:53.255699,delivered,10.79,low,clear
O01038,C0760,R006,D052,Bengaluru,2026-08-28T13:56:00,2026-08-28T15:07:23.966076,2026-08-28T14:16:10.404652,2026-08-28T14:58:14.885752,delivered,17.33,low,clear
O01039,C0186,R009,D067,Bengaluru,2026-08-13T20:15:00,2026-08-13T21:34:48,2026-08-13T20:37:10.644235,2026-08-13T21:31:02.871233,delivered,18.0,high,clear
O01040,C0601,R003,D006,Bengaluru,2026-08-01T19:03:00,2026-08-01T20:22:48,2026-08-01T19:24:04.111763,2026-08-01T20:19:38.372219,delivered,18.0,high,clear
O01041,C0209,R013,D022,Bengaluru,2026-08-09T19:14:00,2026-08-09T20:21:25.701997,2026-08-09T20:04:20.453502,2026-08-09T20:48:52.180778,delivered,14.11,medium,clear
O01042,C0275,R017,D021,Bengaluru,2026-08-06T15:16:00,2026-08-06T16:35:16.018297,2026-08-06T15:47:48.269519,2026-08-06T16:50:13.248466,delivered,12.22,severe,heavy_rain
O01043,C0101,R008,D021,Bengaluru,2026-08-22T19:58:00,2026-08-22T21:17:02.677029,2026-08-22T20:22:23.738143,2026-08-22T21:19:23.213919,delivered,17.64,high,clear
O01044,C0249,R018,D016,Bengaluru,2026-08-05T21:48:00,2026-08-05T22:44:32.734576,2026-08-05T22:15:38.226925,2026-08-05T22:45:44.697860,delivered,6.93,high,clear
O01045,C0608,R024,D070,Bengaluru,2026-08-28T20:38:00,2026-08-28T21:59:36,2026-08-28T20:56:51.061534,2026-08-28T21:56:40.869201,delivered,18.0,medium,heavy_rain
O01046,C0850,R027,D090,Bengaluru,2026-08-05T23:41:00,2026-08-06T01:00:48,2026-08-06T00:11:10.801507,2026-08-06T01:14:15.516214,delivered,18.0,high,clear
O01047,C0518,R030,D021,Bengaluru,2026-08-01T13:11:00,2026-08-01T14:24:40.458655,2026-08-01T13:47:22.467159,2026-08-01T14:34:56.220875,delivered,15.08,high,clear
O01048,C0848,R012,D051,Bengaluru,2026-08-10T13:24:00,2026-08-10T14:43:48,2026-08-10T13:53:15.845565,2026-08-10T14:48:59.819170,delivered,18.0,high,clear
O01049,C0090,R002,D082,Bengaluru,2026-08-26T20:54:00,2026-08-26T22:09:36,2026-08-26T21:29:10.457870,2026-08-26T22:15:48.288397,delivered,18.0,medium,clear
O01050,C0649,R058,D110,Bengaluru,2026-08-25T17:11:00,2026-08-25T18:26:18,2026-08-25T17:29:55.825280,2026-08-25T18:23:19.142991,delivered,18.0,low,rain
O01051,C0571,R028,D042,Bengaluru,2026-08-22T17:17:00,2026-08-22T18:29:48,2026-08-22T17:41:36.979266,2026-08-22T18:26:09.565846,delivered,18.0,low,clear
O01052,C0704,R002,D066,Bengaluru,2026-08-04T17:52:00,2026-08-04T19:17:24,2026-08-04T18:08:07.975887,,delivered,18.0,severe,clear
O01053,C0821,R049,D064,Bengaluru,2026-08-19T18:25:00,2026-08-19T19:12:43.812647,2026-08-19T18:55:48.952065,2026-08-19T19:07:24.726535,delivered,6.06,low,clear
O01054,C0482,R051,D087,Bengaluru,2026-08-12T18:04:00,2026-08-12T19:11:09.987654,2026-08-12T18:39:48.391798,2026-08-12T19:23:23.520233,delivered,12.79,medium,rain
O01055,C0076,R013,D108,Bengaluru,2026-08-28T11:57:00,2026-08-28T12:41:17.145484,2026-08-28T12:23:49.454606,2026-08-28T12:38:58.225538,delivered,1.9,medium,rain
O01056,C0898,R052,D005,Bengaluru,2026-08-06T20:06:00,2026-08-06T21:21:45.813685,2026-08-06T20:22:40.721599,2026-08-06T21:12:12.535206,delivered,16.89,medium,rain
O01057,C0278,R023,D089,Bengaluru,2026-08-17T19:28:00,2026-08-17T20:20:29.467762,2026-08-17T19:54:29.256017,2026-08-17T20:20:42.816056,delivered,8.33,low,clear
O01058,C0356,R013,D034,Bengaluru,2026-08-14T20:08:00,2026-08-14T20:56:08.930801,2026-08-14T21:01:56.238771,,cancelled,6.26,low,clear
O01059,C0505,R042,D105,Bengaluru,2026-08-03T19:14:00,2026-08-03T20:41:54,2026-08-03T19:48:49.432794,2026-08-03T21:01:48.610929,delivered,18.0,severe,rain
O01060,C0057,R011,D046,Bengaluru,2026-08-26T15:03:00,2026-08-26T16:15:48,2026-08-26T15:33:30.003991,2026-08-26T16:19:14.894808,delivered,18.0,low,clear
O01061,C0683,R012,D075,Bengaluru,2026-08-01T18:03:00,2026-08-01T19:20:56.275754,2026-08-01T18:27:39.272030,2026-08-01T19:21:21.805305,delivered,15.92,high,rain
O01062,C0424,R042,D117,Bengaluru,2026-08-03T20:02:00,2026-08-03T21:21:48,2026-08-03T20:32:19.576405,2026-08-03T21:25:15.757529,delivered,18.0,high,clear
O01063,C0171,R017,D055,Bengaluru,2026-08-27T23:05:00,2026-08-28T00:24:48,2026-08-27T23:26:01.428913,2026-08-28T00:25:21.624782,delivered,18.0,high,clear
O01064,C0533,R052,D097,Bengaluru,2026-08-09T15:30:00,2026-08-09T16:49:48,2026-08-09T15:55:36.803271,2026-08-09T16:54:05.901009,delivered,18.0,high,clear
O01065,C0689,R022,D040,Bengaluru,2026-08-03T11:21:00,2026-08-03T12:15:28.159866,2026-08-03T11:53:55.531640,2026-08-03T12:19:43.741016,delivered,9.27,low,clear
O01066,C0025,R027,D101,Bengaluru,2026-08-28T22:26:00,2026-08-28T23:41:36,2026-08-28T22:44:17.751062,,cancelled,18.0,medium,clear
O01067,C0788,R031,D070,Bengaluru,2026-08-19T18:45:00,2026-08-19T20:00:01.121441,2026-08-19T19:09:53.807457,2026-08-19T20:00:05.273355,delivered,11.87,severe,rain
O01068,C0244,R014,D079,Bengaluru,2026-08-15T20:59:00,2026-08-15T22:14:36,2026-08-15T21:20:51.520837,2026-08-15T22:13:21.738057,delivered,18.0,medium,clear
O01069,C0789,R034,D044,Bengaluru,2026-08-11T22:20:00,2026-08-11T23:32:48,2026-08-11T22:44:00.157200,2026-08-11T23:30:44.700509,delivered,18.0,low,clear
O01070,C0436,R020,D026,Bengaluru,2026-08-13T12:43:00,2026-08-13T13:29:51.400076,2026-08-13T13:11:38.794160,2026-08-13T13:30:53.597260,delivered,5.65,low,clear
O01071,C0379,R041,D031,Bengaluru,2026-08-23T22:43:00,2026-08-23T23:55:48,2026-08-23T23:21:46.336494,2026-08-24T00:06:32.217757,delivered,18.0,low,clear
O01072,C0689,R046,D084,Bengaluru,2026-08-28T20:11:00,2026-08-28T21:28:14.681007,2026-08-28T20:38:07.632394,2026-08-28T21:33:09.454400,delivered,16.78,high,clear
O01073,C0011,R023,D074,Bengaluru,2026-08-07T21:29:00,2026-08-07T22:40:53.074960,2026-08-07T21:53:33.973664,2026-08-07T22:39:05.912988,delivered,16.23,medium,clear
O01074,C0305,R018,D067,Bengaluru,2026-08-07T19:37:00,2026-08-07T20:43:14.977310,2026-08-07T20:15:58.299600,2026-08-07T20:50:04.555319,delivered,14.88,low,clear
O01075,C0491,R025,D089,Bengaluru,2026-08-11T21:39:00,2026-08-11T22:35:08.186269,2026-08-11T22:02:22.698105,2026-08-11T22:41:42.884375,delivered,3.87,high,heavy_rain
O01076,C0274,R045,D075,Bengaluru,2026-08-21T11:36:00,2026-08-21T12:40:40.333343,2026-08-21T12:07:11.547543,2026-08-21T12:52:52.074335,delivered,11.61,medium,rain
O01077,C0463,R006,D115,Bengaluru,2026-08-19T21:19:00,2026-08-19T22:40:36,2026-08-19T21:36:29.077835,,cancelled,18.0,medium,heavy_rain
O01078,C0563,R029,D018,Bengaluru,2026-08-25T21:10:00,2026-08-25T22:05:33.725893,2026-08-25T21:23:37.168537,,cancelled,8.46,medium,clear
O01079,C0686,R018,D067,Bengaluru,2026-08-11T15:57:00,2026-08-11T17:04:04.690433,2026-08-11T16:26:14.005923,2026-08-11T17:03:14.578512,delivered,13.94,medium,clear
O01080,C0625,R054,D009,Bengaluru,2026-08-24T20:36:00,2026-08-24T21:51:18,2026-08-24T20:59:24.141759,,delivered,18.0,low,rain
O01081,C0554,R048,D082,Bengaluru,2026-08-13T17:14:00,2026-08-13T18:15:46.613098,2026-08-13T18:19:53.467196,2026-08-13T19:06:02.677891,delivered,9.42,high,clear
O01082,C0677,R029,D033,Bengaluru,2026-08-14T16:25:00,2026-08-14T17:38:29.634636,2026-08-14T16:52:03.014118,2026-08-14T17:44:10.330019,delivered,15.47,low,heavy_rain
O01083,C0281,R011,D117,Bengaluru,2026-08-01T19:08:00,2026-08-01T20:20:48,2026-08-01T19:49:51.710400,2026-08-01T20:34:53.904706,delivered,18.0,low,clear
O01084,C0823,R046,D108,Bengaluru,2026-08-06T12:58:00,2026-08-06T14:25:14.337155,2026-08-06T13:16:08.740959,2026-08-06T14:21:06.870413,delivered,17.69,severe,rain
O01085,C0846,R026,D074,Bengaluru,2026-08-12T16:35:00,2026-08-12T17:47:48,2026-08-12T16:56:50.642234,2026-08-12T17:38:36.002993,delivered,18.0,low,clear
O01086,C0273,R046,D049,Bengaluru,2026-08-25T17:15:00,2026-08-25T18:30:36,2026-08-25T17:32:39.714023,2026-08-25T18:16:45.625876,delivered,18.0,medium,clear
O01087,C0714,R017,D120,Bengaluru,2026-08-02T19:32:00,2026-08-02T20:42:53.850119,2026-08-02T20:05:35.387861,2026-08-02T20:51:21.080393,delivered,17.09,low,clear
O01088,C0488,R023,D105,Bengaluru,2026-08-09T19:46:00,2026-08-09T20:40:12.409675,2026-08-09T20:20:55.454727,2026-08-09T20:44:47.958677,delivered,9.15,low,clear
O01089,C0424,R013,D112,Bengaluru,2026-08-21T14:03:00,2026-08-21T15:18:36,2026-08-21T14:36:47.904764,2026-08-21T15:27:11.077344,delivered,18.0,medium,clear
O01090,C0338,R016,D112,Bengaluru,2026-08-03T17:56:00,2026-08-03T19:08:48,2026-08-03T18:13:57.364603,2026-08-03T19:01:37.420245,delivered,18.0,low,clear
O01091,C0609,R021,D059,Bengaluru,2026-08-05T20:43:00,2026-08-05T21:55:48,2026-08-05T21:08:27.791472,2026-08-05T21:55:38.785518,delivered,18.0,low,clear
O01092,C0858,R042,D116,Bengaluru,2026-08-24T22:13:00,2026-08-24T23:14:14.650810,2026-08-24T22:40:37.890573,2026-08-24T23:16:15.447779,delivered,11.31,low,rain
O01093,C0064,R042,D029,Bengaluru,2026-08-04T17:00:00,2026-08-04T17:48:32.477386,2026-08-04T17:06:20.937945,2026-08-04T17:28:33.083782,delivered,5.11,medium,clear
O01094,C0216,R010,D119,Bengaluru,2026-08-05T12:32:00,2026-08-05T13:40:30.215231,2026-08-05T13:08:31.521741,2026-08-05T13:57:59.231919,delivered,12.62,high,clear
O01095,C0894,R003,D115,Bengaluru,2026-08-10T19:24:00,2026-08-10T20:36:48,2026-08-10T19:44:12.854236,2026-08-10T20:27:41.245047,delivered,18.0,low,clear
O01096,C0456,R046,D060,Bengaluru,2026-08-11T15:09:00,2026-08-11T16:04:42.595917,2026-08-11T15:27:35.666845,,cancelled,9.86,low,clear
O01097,C0551,R039,D008,Bengaluru,2026-08-24T19:26:00,2026-08-24T20:38:48,2026-08-24T19:55:50.018799,2026-08-24T20:40:53.497529,delivered,18.0,low,clear
O01098,C0023,R057,D041,Bengaluru,2026-08-10T22:11:00,2026-08-10T23:30:48,2026-08-10T22:34:17.608398,2026-08-10T23:30:33.256242,delivered,18.0,high,clear
O01099,C0016,R045,D111,Bengaluru,2026-08-22T18:25:00,2026-08-22T19:43:48,2026-08-22T18:58:31.425369,2026-08-22T19:55:06.817015,delivered,18.0,low,heavy_rain
O01100,C0496,R012,D058,Bengaluru,2026-08-21T16:12:00,2026-08-21T17:18:05.834259,2026-08-21T16:22:29.990808,2026-08-21T17:03:54.734530,delivered,13.47,medium,clear
O01101,C0164,R054,D055,Bengaluru,2026-08-05T12:21:00,2026-08-05T13:36:36,2026-08-05T12:49:00.960850,2026-08-05T13:37:52.992097,delivered,18.0,medium,clear
O01102,C0634,R021,D010,Bengaluru,2026-08-12T18:25:00,2026-08-12T19:31:12.651822,2026-08-12T19:31:48.324377,2026-08-12T20:16:09.835907,delivered,13.53,medium,clear
O01103,C0642,R014,D086,Bengaluru,2026-08-18T19:15:00,2026-08-18T20:34:48,2026-08-18T19:40:52.262120,2026-08-18T20:41:42.616649,delivered,18.0,high,clear
O01104,C0642,R015,D105,Bengaluru,2026-08-01T11:41:00,2026-08-01T12:49:10.089214,2026-08-01T11:55:12.820600,2026-08-01T12:41:17.622276,delivered,12.46,high,clear
O01105,C0526,R016,D005,Bengaluru,2026-08-22T15:57:00,2026-08-22T17:05:34.746750,2026-08-22T16:25:18.433048,2026-08-22T17:09:20.394902,delivered,14.8,low,rain
O01106,C0268,R006,D071,Bengaluru,2026-08-23T18:50:00,2026-08-23T19:30:53.750429,2026-08-23T19:37:37.371643,2026-08-23T19:49:55.046399,delivered,1.47,medium,clear
O01107,C0660,R040,D038,Bengaluru,2026-08-21T19:52:00,2026-08-21T21:00:50.307899,2026-08-21T20:35:41.852841,2026-08-21T21:13:51.660760,delivered,16.11,low,clear
O01108,C0010,R035,D098,Bengaluru,2026-08-03T16:20:00,2026-08-03T17:21:20.173057,2026-08-03T16:40:16.260774,2026-08-03T17:16:32.343524,delivered,10.02,medium,rain
O01109,C0299,R046,D106,Bengaluru,2026-08-03T18:10:00,2026-08-03T19:20:22.866721,2026-08-03T18:19:50.219434,2026-08-03T19:06:07.544585,delivered,13.51,high,clear
O01110,C0155,R024,D064,Bengaluru,2026-08-24T19:31:00,2026-08-24T20:39:55.091639,2026-08-24T19:56:05.606077,2026-08-24T20:42:31.754889,delivered,12.82,high,clear
O01111,C0072,R017,D019,Bengaluru,2026-08-15T14:39:00,2026-08-15T15:51:48,2026-08-15T15:19:55.637375,2026-08-15T16:09:49.216099,delivered,18.0,low,clear
O01112,C0215,R026,D030,Bengaluru,2026-08-12T23:30:00,2026-08-13T00:48:06,2026-08-12T23:56:19.209832,2026-08-13T00:50:25.217891,delivered,18.0,medium,rain
O01113,C0411,R018,D028,Bengaluru,2026-08-01T18:09:00,2026-08-01T19:07:45.538427,2026-08-01T18:23:53.380281,2026-08-01T18:58:40.349270,delivered,9.98,medium,clear
O01114,C0352,R014,D015,Bengaluru,2026-08-28T15:25:00,2026-08-28T16:40:36,2026-08-28T15:47:41.871627,2026-08-28T16:41:47.961835,delivered,18.0,medium,clear
O01115,C0813,R053,D117,Bengaluru,2026-08-25T19:16:00,2026-08-25T20:41:24,2026-08-25T19:38:10.739433,2026-08-25T20:40:27.102548,delivered,18.0,severe,clear
O01116,C0324,R052,D090,Bengaluru,2026-08-11T14:41:00,2026-08-11T15:53:48,2026-08-11T14:55:23.520002,2026-08-11T15:44:04.055755,delivered,18.0,low,clear
O01117,C0810,R052,D084,Bengaluru,2026-08-01T18:20:00,2026-08-01T19:35:36,2026-08-01T18:40:32.961824,2026-08-01T19:19:17.056072,delivered,18.0,medium,clear
O01118,C0210,R024,D034,Bengaluru,2026-08-19T20:30:00,2026-08-19T21:36:16.813041,2026-08-19T20:59:45.990280,2026-08-19T21:44:03.302164,delivered,11.56,high,clear
O01119,C0365,R028,D028,Bengaluru,2026-08-24T15:04:00,2026-08-24T16:20:51.229003,2026-08-24T15:17:37.290147,,cancelled,17.41,medium,rain
O01120,C0295,R031,D010,Bengaluru,2026-08-19T20:37:00,2026-08-19T22:02:24,2026-08-19T21:08:45.999078,2026-08-19T22:12:50.414424,delivered,18.0,severe,clear
O01121,C0201,R015,D009,Bengaluru,2026-08-20T21:31:00,2026-08-20T22:39:37.817747,2026-08-20T21:55:36.472198,2026-08-20T22:38:25.382380,delivered,16.01,low,clear
O01122,C0680,R052,D058,Bengaluru,2026-08-16T21:14:00,2026-08-16T22:26:48,2026-08-16T21:33:30.924706,2026-08-16T22:23:44.556588,delivered,18.0,low,clear
O01123,C0098,R014,D063,Bengaluru,2026-08-23T19:12:00,2026-08-23T20:24:48,2026-08-23T19:40:21.599533,2026-08-23T20:20:40.486474,delivered,18.0,low,clear
O01124,C0176,R008,D100,Bengaluru,2026-08-19T12:53:00,2026-08-19T14:05:48,2026-08-19T13:17:43.575405,2026-08-19T13:57:19.401905,delivered,18.0,low,clear
O01125,C0249,R043,D025,Bengaluru,2026-08-18T18:19:00,2026-08-18T19:20:37.717040,2026-08-18T18:25:45.717901,2026-08-18T19:07:43.441621,delivered,11.35,medium,clear
O01126,C0674,R055,D082,Bengaluru,2026-08-02T15:21:00,2026-08-02T16:24:27.826044,2026-08-02T15:33:04.788481,2026-08-02T16:06:00.064060,delivered,13.55,low,clear
O01127,C0610,R050,D107,Bengaluru,2026-08-21T18:22:00,2026-08-21T19:34:48,2026-08-21T18:52:43.718866,2026-08-21T19:36:00.603906,delivered,18.0,low,clear
O01128,C0512,R018,D030,Bengaluru,2026-08-14T19:27:00,2026-08-14T20:48:36,2026-08-14T19:51:44.625062,2026-08-14T20:50:46.263299,delivered,18.0,medium,heavy_rain
O01129,C0866,R012,D092,Bengaluru,2026-08-11T20:55:00,2026-08-11T21:48:34.970002,2026-08-11T21:17:40.697706,2026-08-11T21:49:38.240971,delivered,4.33,high,rain
O01130,C0866,R015,D099,Bengaluru,2026-08-28T15:37:00,2026-08-28T16:22:54.310518,2026-08-28T15:52:28.220909,2026-08-28T16:14:27.206113,delivered,3.86,medium,clear
O01131,C0532,R006,D099,Bengaluru,2026-08-05T19:30:00,2026-08-05T20:49:48,2026-08-05T19:53:49.381338,2026-08-05T20:46:59.734670,delivered,18.0,high,clear
O01132,C0367,R010,D104,Bengaluru,2026-08-19T18:03:00,2026-08-19T19:02:38.098935,2026-08-19T18:49:20.242900,2026-08-19T19:24:01.401437,delivered,8.4,high,clear
O01133,C0890,R029,D018,Bengaluru,2026-08-10T15:27:00,2026-08-10T16:46:48,2026-08-10T16:10:41.060583,2026-08-10T17:05:53.763805,delivered,18.0,high,clear
O01134,C0795,R038,D025,Bengaluru,2026-08-11T21:55:00,2026-08-11T23:10:36,2026-08-11T22:21:21.024596,2026-08-11T23:13:34.612268,delivered,18.0,medium,clear
O01135,C0721,R015,D076,Bengaluru,2026-08-23T17:19:00,2026-08-23T18:23:10.732267,2026-08-23T17:49:40.919361,2026-08-23T18:29:24.781119,delivered,13.89,low,clear
O01136,C0681,R021,D077,Bengaluru,2026-08-24T13:54:00,2026-08-24T15:09:36,2026-08-24T14:20:59.247255,2026-08-24T15:12:25.586962,delivered,18.0,medium,clear
O01137,C0119,R060,D027,Bengaluru,2026-08-27T11:35:00,2026-08-27T13:00:48,2026-08-27T11:56:03.255612,2026-08-27T13:01:13.284488,delivered,18.0,high,heavy_rain
O01138,C0373,R009,D024,Bengaluru,2026-08-15T21:04:00,2026-08-15T22:19:36,2026-08-15T21:43:54.490103,2026-08-15T22:30:01.266874,delivered,18.0,medium,clear
O01139,C0294,R039,D058,Bengaluru,2026-08-14T17:11:00,2026-08-14T18:02:08.617430,2026-08-14T17:36:00.508357,2026-08-14T17:57:38.699243,delivered,6.35,medium,clear
O01140,C0555,R035,D059,Bengaluru,2026-08-19T23:13:00,2026-08-20T00:25:48,2026-08-19T23:38:28.449869,2026-08-20T00:28:14.803212,delivered,18.0,low,clear
O01141,C0520,R014,D068,Bengaluru,2026-08-16T19:22:00,2026-08-16T20:38:55.522372,2026-08-16T20:00:38.164704,2026-08-16T20:54:17.512590,delivered,16.63,high,clear
O01142,C0528,R041,D028,Bengaluru,2026-08-26T13:08:00,2026-08-26T14:23:36,2026-08-26T13:40:19.978315,2026-08-26T14:30:10.204032,delivered,18.0,medium,clear
O01143,C0053,R056,D017,Bengaluru,2026-08-02T21:03:00,2026-08-02T22:21:06,2026-08-02T21:25:24.906462,2026-08-02T22:22:03.635979,delivered,18.0,medium,rain
O01144,C0788,R055,D017,Bengaluru,2026-08-26T21:59:00,2026-08-26T23:21:18,2026-08-26T22:44:58.916772,2026-08-26T23:51:26.036977,delivered,18.0,high,rain
O01145,C0448,R035,D047,Bengaluru,2026-08-02T20:37:00,2026-08-02T21:56:48,2026-08-02T21:01:14.623348,2026-08-02T21:57:59.674709,delivered,18.0,high,clear
O01146,C0364,R024,D068,Bengaluru,2026-08-04T13:05:00,2026-08-04T14:30:24,2026-08-04T13:27:53.248984,2026-08-04T14:36:35.230297,delivered,18.0,severe,clear
O01147,C0457,R004,D060,Bengaluru,2026-08-03T18:03:00,2026-08-03T19:05:19.801748,2026-08-03T18:28:53.121567,2026-08-03T19:09:21.311240,delivered,9.68,high,clear
O01148,C0406,R036,D107,Bengaluru,2026-08-04T18:11:00,2026-08-04T19:12:44.476995,2026-08-04T18:38:32.745645,2026-08-04T19:20:09.785281,delivered,11.54,low,rain
O01149,C0475,R020,D041,Bengaluru,2026-08-22T20:37:00,2026-08-22T21:29:20.362496,2026-08-22T21:04:53.833501,,delivered,4.92,high,clear
O01150,C0052,R014,D085,Bengaluru,2026-08-17T21:31:00,2026-08-17T22:46:36,2026-08-17T21:56:09.524131,,cancelled,18.0,medium,clear
O01151,C0424,R007,D114,Bengaluru,2026-08-20T19:49:00,2026-08-20T21:04:36,2026-08-20T20:10:27.987029,2026-08-20T20:57:26.784161,delivered,18.0,medium,clear
O01152,C0018,R026,D075,Bengaluru,2026-08-14T14:11:00,2026-08-14T15:26:36,2026-08-14T14:44:49.254453,2026-08-14T15:34:47.577682,delivered,18.0,medium,clear
O01153,C0581,R024,D054,Bengaluru,2026-08-19T20:10:00,2026-08-19T21:22:48,2026-08-19T20:54:39.299331,2026-08-19T21:43:50.301176,delivered,18.0,low,clear
O01154,C0561,R031,D016,Bengaluru,2026-08-06T20:46:00,2026-08-06T21:50:46.600808,2026-08-06T21:08:12.186518,2026-08-06T21:46:36.307038,delivered,12.85,medium,clear
O01155,C0681,R025,D092,Bengaluru,2026-08-25T21:02:00,2026-08-25T22:04:35.468783,2026-08-25T21:22:42.204184,2026-08-25T21:53:59.605929,delivered,11.81,medium,clear
O01156,C0353,R048,D075,Bengaluru,2026-08-22T22:07:00,2026-08-22T23:26:35.139254,2026-08-22T22:40:04.758309,2026-08-22T23:33:11.877178,delivered,17.9,high,clear
O01157,C0175,R025,D106,Bengaluru,2026-08-18T12:19:00,2026-08-18T13:44:24,2026-08-18T12:48:18.334409,,cancelled,18.0,severe,clear
O01158,C0367,R023,D077,Bengaluru,2026-08-15T19:30:00,2026-08-15T20:18:38.431831,2026-08-15T19:49:33.967686,2026-08-15T20:13:54.903030,delivered,5.16,medium,clear
O01159,C0549,R003,D090,Bengaluru,2026-08-07T16:11:00,2026-08-07T17:23:48,2026-08-07T16:36:09.135467,2026-08-07T17:24:30.738283,delivered,18.0,low,clear
O01160,C0498,R003,D042,Bengaluru,2026-08-17T22:36:00,2026-08-17T23:55:48,2026-08-17T23:17:32.686871,2026-08-18T00:14:52.183203,delivered,18.0,high,clear
O01161,C0551,R034,D061,Bengaluru,2026-08-07T12:35:00,2026-08-07T13:47:48,2026-08-07T13:01:27.944214,2026-08-07T13:43:48.996869,delivered,18.0,low,clear
O01162,C0637,R026,D016,Bengaluru,2026-08-13T13:06:00,2026-08-13T14:18:48,2026-08-13T13:20:54.927404,2026-08-13T14:13:17.775875,delivered,18.0,low,clear
O01163,C0799,R023,D014,Bengaluru,2026-08-22T20:49:00,2026-08-22T22:08:48,2026-08-22T21:14:41.992829,2026-08-22T22:09:09.374853,delivered,18.0,high,clear
O01164,C0273,R017,D039,Bengaluru,2026-08-28T18:57:00,2026-08-28T20:15:06,2026-08-28T19:21:53.925211,2026-08-28T20:23:37.951832,delivered,18.0,medium,rain
O01165,C0857,R041,D025,Bengaluru,2026-08-04T11:04:00,2026-08-04T12:16:48,2026-08-04T11:40:55.118402,2026-08-04T12:25:47.755547,delivered,18.0,low,clear
O01166,C0390,R028,D085,Bengaluru,2026-08-17T18:45:00,2026-08-17T20:10:24,2026-08-17T19:03:45.891479,2026-08-17T20:04:00.984689,delivered,18.0,severe,clear
O01167,C0446,R050,D086,Bengaluru,2026-08-17T12:41:00,2026-08-17T13:41:20.030887,2026-08-17T13:23:34.470399,2026-08-17T14:00:21.109019,delivered,8.73,high,clear
O01168,C0055,R023,D114,Bengaluru,2026-08-16T13:43:00,2026-08-16T14:42:20.134412,2026-08-16T14:14:49.034007,2026-08-16T14:44:46.452970,delivered,11.59,low,clear
O01169,C0097,R058,D103,Bengaluru,2026-08-20T18:36:00,2026-08-20T19:55:48,2026-08-20T19:16:07.191846,2026-08-20T20:17:37.652323,delivered,18.0,high,clear
O01170,C0125,R008,D048,Bengaluru,2026-08-05T20:26:00,2026-08-05T21:47:36,2026-08-05T20:59:27.055004,2026-08-05T22:02:48.487521,delivered,18.0,medium,heavy_rain
O01171,C0018,R011,D057,Bengaluru,2026-08-03T22:12:00,2026-08-03T23:30:52.443966,2026-08-03T22:29:58.955032,2026-08-03T23:26:38.423530,delivered,16.37,high,rain
O01172,C0806,R001,D116,Bengaluru,2026-08-19T18:16:00,2026-08-19T19:31:36,2026-08-19T18:32:10.352620,2026-08-19T19:24:37.857488,delivered,18.0,medium,clear
O01173,C0345,R023,D043,Bengaluru,2026-08-18T19:03:00,2026-08-18T20:14:49.386253,2026-08-18T19:21:47.929722,2026-08-18T20:03:35.039975,delivered,17.53,low,clear
O01174,C0627,R051,D101,Bengaluru,2026-08-27T18:15:00,2026-08-27T19:34:48,2026-08-27T18:33:33.059821,2026-08-27T19:23:19.342611,delivered,18.0,high,clear
O01175,C0001,R019,D115,Bengaluru,2026-08-24T17:43:00,2026-08-24T18:58:36,2026-08-24T18:03:17.471811,,delivered,18.0,medium,clear
O01176,C0761,R007,D110,Bengaluru,2026-08-07T20:34:00,2026-08-07T21:56:18,2026-08-07T21:06:33.913033,2026-08-07T22:09:25.520690,delivered,18.0,high,rain
O01177,C0167,R022,D095,Bengaluru,2026-08-07T17:56:00,2026-08-07T19:00:36.526318,2026-08-07T18:16:00.393574,2026-08-07T18:58:14.516433,delivered,10.77,high,clear
O01178,C0581,R057,D057,Bengaluru,2026-08-27T22:10:00,2026-08-27T23:25:36,2026-08-27T22:47:48.173662,2026-08-27T23:35:56.076213,delivered,18.0,medium,clear
O01179,C0092,R012,D054,Bengaluru,2026-08-08T14:40:00,2026-08-08T15:53:21.843019,2026-08-08T15:13:17.274842,2026-08-08T16:06:09.916216,delivered,14.94,high,clear
O01180,C0111,R004,D087,Bengaluru,2026-08-28T20:14:00,2026-08-28T21:29:36,2026-08-28T20:50:37.964792,2026-08-28T21:39:32.017785,delivered,18.0,medium,clear
O01181,C0194,R045,D041,Bengaluru,2026-08-28T12:45:00,2026-08-28T14:04:48,2026-08-28T13:10:39.965431,2026-08-28T14:02:00.736568,delivered,18.0,high,clear
O01182,C0423,R005,D011,Bengaluru,2026-08-11T18:10:00,2026-08-11T19:22:48,2026-08-11T18:44:42.902005,2026-08-11T19:30:14.762499,delivered,18.0,low,clear
O01183,C0761,R004,D113,Bengaluru,2026-08-02T18:40:00,2026-08-02T19:33:55.161577,2026-08-02T19:22:41.221994,2026-08-02T19:48:45.150980,delivered,9.01,low,clear
O01184,C0860,R008,D045,Bengaluru,2026-08-04T21:54:00,2026-08-04T22:57:13.083976,2026-08-04T22:15:21.221503,2026-08-04T22:51:17.688095,delivered,12.1,medium,clear
O01185,C0881,R049,D077,Bengaluru,2026-08-04T18:26:00,2026-08-04T19:41:18,2026-08-04T19:00:13.415878,2026-08-04T19:53:26.419325,delivered,18.0,low,rain
O01186,C0872,R059,D020,Bengaluru,2026-08-06T18:30:00,2026-08-06T19:42:48,2026-08-06T18:58:32.586035,2026-08-06T19:42:22.924165,delivered,18.0,low,clear
O01187,C0450,R042,D015,Bengaluru,2026-08-26T20:03:00,2026-08-26T21:15:48,2026-08-26T20:47:03.954027,2026-08-26T21:39:20.595835,delivered,18.0,low,clear
O01188,C0137,R020,D110,Bengaluru,2026-08-08T14:25:00,2026-08-08T15:25:50.711877,2026-08-08T14:54:34.186362,2026-08-08T15:26:58.015251,delivered,12.31,low,clear
O01189,C0129,R004,D063,Bengaluru,2026-08-18T19:21:00,2026-08-18T20:32:50.493778,2026-08-18T19:50:32.196603,2026-08-18T20:35:26.283749,delivered,16.21,medium,clear
O01190,C0240,R016,D029,Bengaluru,2026-08-24T22:49:00,2026-08-25T00:04:36,2026-08-24T23:06:37.061154,2026-08-24T23:58:50.065639,delivered,18.0,medium,clear
O01191,C0596,R029,D054,Bengaluru,2026-08-12T20:08:00,2026-08-12T21:33:24,2026-08-12T20:34:11.566069,2026-08-12T21:40:09.712898,delivered,18.0,severe,clear
O01192,C0020,R031,D010,Bengaluru,2026-08-03T18:59:00,2026-08-03T20:06:13.071312,2026-08-03T19:23:31.843252,2026-08-03T20:02:44.992419,delivered,14.01,medium,clear
O01193,C0316,R037,D063,Bengaluru,2026-08-03T13:13:00,2026-08-03T14:25:26.586571,2026-08-03T13:37:22.920935,2026-08-03T14:23:18.168566,delivered,14.5,high,clear
O01194,C0775,R060,D060,Bengaluru,2026-08-27T11:50:00,2026-08-27T13:12:18,2026-08-27T12:14:35.355436,2026-08-27T13:15:56.743816,delivered,18.0,high,rain
O01195,C0106,R028,D037,Bengaluru,2026-08-07T14:50:00,2026-08-07T16:05:36,2026-08-07T15:20:19.233165,,delivered,18.0,medium,clear
O01196,C0227,R019,D109,Bengaluru,2026-08-04T18:50:00,2026-08-04T20:05:36,2026-08-04T19:07:27.180917,2026-08-04T19:57:06.523381,delivered,18.0,medium,clear
O01197,C0032,R034,D118,Bengaluru,2026-08-17T16:34:00,2026-08-17T17:56:18,2026-08-17T17:20:52.591452,2026-08-17T18:27:54.591417,delivered,18.0,high,rain
O01198,C0093,R042,D101,Bengaluru,2026-08-25T17:58:00,2026-08-25T19:13:36,2026-08-25T18:34:45.930529,2026-08-25T19:20:31.328873,delivered,18.0,medium,clear
O01199,C0556,R060,D036,Bengaluru,2026-08-14T12:40:00,2026-08-14T13:44:02.338765,2026-08-14T12:57:16.882328,2026-08-14T13:42:48.786574,delivered,7.83,severe,clear
O01200,C0756,R049,D001,Bengaluru,2026-08-13T22:39:00,2026-08-13T23:51:48,2026-08-13T23:03:46.146230,2026-08-13T23:48:14.701648,delivered,18.0,low,clear
O01201,C0824,R026,D020,Bengaluru,2026-08-26T15:04:00,2026-08-26T16:12:59.611045,2026-08-26T15:31:28.909739,2026-08-26T16:14:46.774211,delivered,12.85,high,clear
O01202,C0390,R010,D076,Bengaluru,2026-08-02T13:35:00,2026-08-02T14:50:36,2026-08-02T14:06:44.275983,2026-08-02T14:50:03.188679,delivered,18.0,medium,clear
O01203,C0585,R048,D022,Bengaluru,2026-08-19T16:13:00,2026-08-19T17:31:31.768982,2026-08-19T16:43:35.135408,2026-08-19T17:40:45.828523,delivered,14.73,severe,clear
O01204,C0534,R054,D004,Bengaluru,2026-08-20T18:48:00,2026-08-20T20:03:36,2026-08-20T19:11:29.133436,2026-08-20T20:04:46.005765,delivered,18.0,medium,clear
O01205,C0100,R010,D040,Bengaluru,2026-08-18T23:07:00,2026-08-18T23:55:36.053510,2026-08-18T23:28:42.346574,2026-08-19T00:00:04.126944,delivered,3.14,high,clear
O01206,C0239,R020,D047,Bengaluru,2026-08-17T14:14:00,2026-08-17T15:06:29.450363,2026-08-17T14:55:14.891298,,delivered,8.33,low,clear
O01207,C0467,R045,D007,Bengaluru,2026-08-06T23:59:00,2026-08-07T01:14:36,2026-08-07T00:14:32.289744,2026-08-07T01:02:13.082526,delivered,18.0,medium,clear
O01208,C0472,R019,D024,Bengaluru,2026-08-02T19:31:00,2026-08-02T20:53:18,2026-08-02T19:48:56.943914,2026-08-02T20:48:19.177491,delivered,18.0,high,rain
O01209,C0865,R059,D037,Bengaluru,2026-08-09T18:29:00,2026-08-09T19:41:48,2026-08-09T18:50:26.390485,2026-08-09T19:35:22.522400,delivered,18.0,low,clear
O01210,C0338,R037,D043,Bengaluru,2026-08-26T13:18:00,2026-08-26T14:33:18,2026-08-26T13:48:10.570596,2026-08-26T14:39:25.535731,delivered,18.0,low,rain
O01211,C0076,R032,D034,Bengaluru,2026-08-16T11:34:00,2026-08-16T12:49:36,2026-08-16T11:59:09.024986,2026-08-16T12:49:13.280750,delivered,18.0,medium,clear
O01212,C0807,R058,D078,Bengaluru,2026-08-01T11:29:00,2026-08-01T12:44:36,2026-08-01T12:02:48.391517,2026-08-01T12:54:18.363664,delivered,18.0,medium,clear
O01213,C0183,R038,D026,Bengaluru,2026-08-03T12:34:00,2026-08-03T13:53:48,2026-08-03T13:02:32.140915,2026-08-03T14:01:44.655362,delivered,18.0,high,clear
O01214,C0701,R049,D060,Bengaluru,2026-08-26T12:31:00,2026-08-26T13:38:50.395098,2026-08-26T12:59:33.008767,,delivered,15.64,low,clear
O01215,C0281,R004,D057,Bengaluru,2026-08-26T22:08:00,2026-08-26T23:13:43.353082,2026-08-26T22:32:23.959819,2026-08-26T23:10:19.228154,delivered,14.63,low,clear
O01216,C0574,R007,D102,Bengaluru,2026-08-27T18:53:00,2026-08-27T20:08:36,2026-08-27T19:23:17.417668,2026-08-27T20:12:33.991878,delivered,18.0,medium,clear
O01217,C0400,R028,D066,Bengaluru,2026-08-27T16:35:00,2026-08-27T17:46:12.262483,2026-08-27T17:19:07.959192,2026-08-27T18:09:50.189024,delivered,14.38,low,heavy_rain
O01218,C0121,R053,D073,Bengaluru,2026-08-18T19:53:00,2026-08-18T20:50:01.427644,2026-08-18T20:01:18.248520,2026-08-18T20:31:13.328807,delivered,9.3,low,rain
O01219,C0670,R052,D092,Bengaluru,2026-08-13T23:58:00,2026-08-14T01:10:48,2026-08-14T00:22:57.501947,2026-08-14T01:11:12.879822,delivered,18.0,low,clear
O01220,C0582,R053,D116,Bengaluru,2026-08-20T21:08:00,2026-08-20T22:20:48,2026-08-20T21:33:57.423914,2026-08-20T22:15:18.705814,delivered,18.0,low,clear
O01221,C0840,R020,D076,Bengaluru,2026-08-09T18:32:00,2026-08-09T19:31:55.972592,2026-08-09T18:53:59.377291,2026-08-09T19:29:08.365544,delivered,10.54,medium,clear
O01222,C0463,R023,D016,Bengaluru,2026-08-06T14:46:00,2026-08-06T15:48:13.646451,2026-08-06T15:14:19.835816,,cancelled,10.44,medium,rain
O01223,C0380,R030,D052,Bengaluru,2026-08-01T12:01:00,2026-08-01T13:05:22.557592,2026-08-01T12:21:39.979746,2026-08-01T13:01:05.155441,delivered,12.66,medium,clear
O01224,C0800,R037,D114,Bengaluru,2026-08-26T11:37:00,2026-08-26T13:02:55.922904,2026-08-26T11:49:56.290208,2026-08-26T13:04:39.723814,delivered,17.06,severe,rain
O01225,C0316,R017,D047,Bengaluru,2026-08-24T19:02:00,2026-08-24T20:17:36,2026-08-24T19:10:17.818120,2026-08-24T20:01:08.154408,delivered,18.0,medium,clear
O01226,C0637,R039,D051,Bengaluru,2026-08-27T23:32:00,2026-08-28T00:18:40.702327,2026-08-28T00:01:11.852284,2026-08-28T00:17:19.910671,delivered,4.23,medium,clear
O01227,C0407,R050,D069,Bengaluru,2026-08-18T19:44:00,2026-08-18T20:41:44.451058,2026-08-18T20:09:56.966633,2026-08-18T20:40:12.833768,delivered,9.5,medium,clear
O01228,C0349,R036,D037,Bengaluru,2026-08-25T14:26:00,2026-08-25T15:41:36,2026-08-25T14:34:45.057377,2026-08-25T15:21:32.161712,delivered,18.0,medium,clear
O01229,C0232,R059,D117,Bengaluru,2026-08-21T20:51:00,2026-08-21T21:46:45.520091,2026-08-21T21:11:36.941147,2026-08-21T21:38:05.311815,delivered,9.89,low,clear
O01230,C0292,R023,D030,Bengaluru,2026-08-17T17:56:00,2026-08-17T19:08:48,2026-08-17T18:27:23.020447,2026-08-17T19:15:32.869282,delivered,18.0,low,clear
O01231,C0689,R056,D091,Bengaluru,2026-08-01T11:05:00,2026-08-01T12:17:48,2026-08-01T11:21:44.054049,2026-08-01T12:07:11.607460,delivered,18.0,low,clear
O01232,C0671,R023,D056,Bengaluru,2026-08-01T16:55:00,2026-08-01T18:02:55.770521,2026-08-01T17:40:07.555116,2026-08-01T18:24:58.831214,delivered,12.35,high,clear
O01233,C0426,R012,D062,Bengaluru,2026-08-05T18:59:00,2026-08-05T19:49:47.230763,2026-08-05T19:41:48.212636,2026-08-05T20:13:10.543080,delivered,4.18,high,clear
O01234,C0205,R002,D083,Bengaluru,2026-08-06T21:28:00,2026-08-06T22:43:36,2026-08-06T21:46:50.017719,2026-08-06T22:36:36.750355,delivered,18.0,medium,clear
O01235,C0772,R032,D098,Bengaluru,2026-08-28T13:15:00,2026-08-28T14:36:17.661077,2026-08-28T14:04:54.255957,2026-08-28T15:08:17.715971,delivered,17.85,medium,heavy_rain
O01236,C0215,R047,D120,Bengaluru,2026-08-28T17:51:00,2026-08-28T19:06:36,2026-08-28T18:14:32.584706,2026-08-28T19:03:33.847273,delivered,18.0,medium,clear
O01237,C0329,R033,D009,Bengaluru,2026-08-16T18:05:00,2026-08-16T19:24:48,2026-08-16T18:36:04.006301,,cancelled,18.0,high,clear
O01238,C0265,R030,D014,Bengaluru,2026-08-26T18:32:00,2026-08-26T19:41:22.563132,2026-08-26T18:51:49.938703,2026-08-26T19:48:01.941593,delivered,12.18,medium,heavy_rain
O01239,C0628,R040,D032,Bengaluru,2026-08-11T20:27:00,2026-08-11T21:46:48,2026-08-11T20:44:28.524499,2026-08-11T21:38:56.128751,delivered,18.0,high,clear
O01240,C0326,R059,D081,Bengaluru,2026-08-23T19:49:00,2026-08-23T21:01:48,2026-08-23T20:25:47.845913,,cancelled,18.0,low,clear
O01241,C0181,R049,D019,Bengaluru,2026-08-10T14:43:00,2026-08-10T15:40:00.741876,2026-08-10T15:05:06.945959,2026-08-10T15:33:23.600018,delivered,9.15,medium,clear
O01242,C0435,R041,D093,Bengaluru,2026-08-02T13:10:00,2026-08-02T14:02:35.490228,2026-08-02T13:27:04.663470,2026-08-02T13:53:18.435034,delivered,5.04,high,clear
O01243,C0226,R024,D065,Bengaluru,2026-08-08T18:06:00,2026-08-08T19:25:48,2026-08-08T18:29:31.965861,2026-08-08T19:28:14.018057,delivered,18.0,high,clear
O01244,C0026,R014,D001,Bengaluru,2026-08-02T22:13:00,2026-08-02T23:31:06,2026-08-02T22:40:01.538575,2026-08-02T23:35:34.225338,delivered,18.0,medium,rain
O01245,C0637,R045,D103,Bengaluru,2026-08-05T20:22:00,2026-08-05T21:16:39.602028,2026-08-05T20:56:45.868244,2026-08-05T21:29:37.794053,delivered,6.03,high,clear
O01246,C0436,R013,D023,Bengaluru,2026-08-15T17:21:00,2026-08-15T18:27:46.477214,2026-08-15T18:12:26.178276,2026-08-15T18:50:16.168521,delivered,13.8,medium,clear
O01247,C0540,R055,D056,Bengaluru,2026-08-14T11:44:00,2026-08-14T12:59:36,2026-08-14T12:14:53.269697,2026-08-14T13:01:47.588903,delivered,18.0,medium,clear
O01248,C0482,R040,D095,Bengaluru,2026-08-14T18:06:00,2026-08-14T19:25:48,2026-08-14T18:42:38.252518,2026-08-14T19:38:18.942174,delivered,18.0,high,clear
O01249,C0826,R016,D060,Bengaluru,2026-08-22T21:12:00,2026-08-22T21:59:45.359126,2026-08-22T21:34:35.078844,2026-08-22T21:55:10.337888,delivered,2.74,high,clear
O01250,C0222,R002,D043,Bengaluru,2026-08-22T18:24:00,2026-08-22T19:43:48,2026-08-22T19:02:25.883231,2026-08-22T20:00:50.161322,delivered,18.0,high,clear
O01251,C0181,R009,D096,Bengaluru,2026-08-14T21:52:00,2026-08-14T23:04:48,2026-08-14T22:19:18.973168,2026-08-14T23:10:16.278687,delivered,18.0,low,clear
O01252,C0039,R033,D022,Bengaluru,2026-08-04T19:55:00,2026-08-04T21:10:36,2026-08-04T20:11:39.697905,,delivered,18.0,medium,clear
O01253,C0217,R017,D004,Bengaluru,2026-08-08T11:06:00,2026-08-08T12:14:29.392287,2026-08-08T11:17:22.235428,2026-08-08T12:03:14.031896,delivered,14.61,medium,clear
O01254,C0302,R039,D120,Bengaluru,2026-08-11T14:35:00,2026-08-11T15:47:48,2026-08-11T15:10:42.967972,2026-08-11T15:52:43.713545,delivered,18.0,low,clear
O01255,C0679,R049,D041,Bengaluru,2026-08-25T22:07:00,2026-08-25T23:14:23.334558,2026-08-25T22:34:48.125753,2026-08-25T23:19:18.867608,delivered,15.42,low,clear
O01256,C0721,R008,D033,Bengaluru,2026-08-02T20:51:00,2026-08-02T22:06:36,2026-08-02T21:16:53.980191,2026-08-02T22:05:36.476110,delivered,18.0,medium,clear
O01257,C0572,R056,D001,Bengaluru,2026-08-15T14:52:00,2026-08-15T16:07:36,2026-08-15T15:21:03.506155,2026-08-15T16:17:29.430306,delivered,18.0,medium,clear
O01258,C0464,R030,D120,Bengaluru,2026-08-10T23:33:00,2026-08-11T00:27:03.651550,2026-08-10T23:59:56.085581,2026-08-11T00:32:31.643764,delivered,9.08,low,clear
O01259,C0267,R033,D068,Bengaluru,2026-08-17T17:09:00,2026-08-17T18:28:48,2026-08-17T17:38:27.775907,2026-08-17T18:32:49.382271,delivered,18.0,high,clear
O01260,C0654,R040,D055,Bengaluru,2026-08-11T14:35:00,2026-08-11T16:00:24,2026-08-11T14:54:03.597850,2026-08-11T15:55:30.552540,delivered,18.0,severe,clear
O01261,C0821,R042,D054,Bengaluru,2026-08-13T19:14:00,2026-08-13T20:26:48,2026-08-13T19:39:09.682218,2026-08-13T20:22:24.506703,delivered,18.0,low,clear
O01262,C0200,R032,D051,Bengaluru,2026-08-09T20:20:00,2026-08-09T21:32:48,2026-08-09T20:43:49.698323,2026-08-09T21:29:17.874639,delivered,18.0,low,clear
O01263,C0691,R033,D029,Bengaluru,2026-08-01T15:50:00,2026-08-01T17:04:29.048168,2026-08-01T16:07:35.559422,2026-08-01T16:52:18.296394,delivered,17.47,medium,clear
O01264,C0259,R041,D001,Bengaluru,2026-08-04T20:53:00,2026-08-04T22:08:36,2026-08-04T21:08:27.291882,2026-08-04T21:58:19.657702,delivered,18.0,medium,clear
O01265,C0272,R047,D035,Bengaluru,2026-08-09T21:25:00,2026-08-09T22:40:36,2026-08-09T21:49:58.805936,2026-08-09T22:39:24.320049,delivered,18.0,medium,clear
O01266,C0426,R002,D117,Bengaluru,2026-08-26T18:06:00,2026-08-26T19:22:57.946885,2026-08-26T18:34:34.203034,2026-08-26T19:36:06.399158,delivered,12.79,severe,rain
O01267,C0802,R030,D059,Bengaluru,2026-08-13T22:28:00,2026-08-13T23:41:15.937529,2026-08-13T23:00:04.078623,2026-08-13T23:48:49.190017,delivered,14.89,high,clear
O01268,C0881,R045,D010,Bengaluru,2026-08-06T18:50:00,2026-08-06T20:11:36,2026-08-06T19:32:01.340209,2026-08-06T20:41:25.341229,delivered,18.0,medium,heavy_rain
O01269,C0626,R016,D029,Bengaluru,2026-08-18T16:44:00,2026-08-18T17:37:43.391067,2026-08-18T17:10:41.761256,2026-08-18T17:42:28.291168,delivered,7.58,medium,clear
O01270,C0035,R056,D021,Bengaluru,2026-08-21T11:49:00,2026-08-21T13:04:36,2026-08-21T12:24:58.657798,2026-08-21T13:20:16.588893,delivered,18.0,medium,clear
O01271,C0288,R030,D015,Bengaluru,2026-08-21T19:01:00,2026-08-21T20:16:36,2026-08-21T19:22:00.842567,2026-08-21T20:10:02.156059,delivered,18.0,medium,clear
O01272,C0807,R057,D045,Bengaluru,2026-08-22T19:06:00,2026-08-22T20:00:44.751184,2026-08-22T19:45:11.555618,2026-08-22T20:13:09.933100,delivered,6.88,medium,rain
O01273,C0716,R027,D018,Bengaluru,2026-08-02T19:11:00,2026-08-02T20:30:01.696676,2026-08-02T19:38:45.515064,,cancelled,17.63,high,clear
O01274,C0338,R057,D043,Bengaluru,2026-08-03T11:51:00,2026-08-03T13:06:36,2026-08-03T12:17:04.137258,2026-08-03T13:06:55.838503,delivered,18.0,medium,clear
O01275,C0244,R008,D099,Bengaluru,2026-08-17T20:51:00,2026-08-17T21:35:36.955019,2026-08-17T21:10:08.260612,2026-08-17T21:26:10.127780,delivered,3.25,medium,clear
O01276,C0251,R033,D107,Bengaluru,2026-08-01T17:47:00,2026-08-01T19:12:48,2026-08-01T18:07:53.087540,2026-08-01T19:16:03.760595,delivered,18.0,high,heavy_rain
O01277,C0798,R048,D095,Bengaluru,2026-08-20T17:58:00,2026-08-20T19:17:48,2026-08-20T18:26:54.577202,2026-08-20T19:18:56.964893,delivered,18.0,high,clear
O01278,C0538,R019,D089,Bengaluru,2026-08-25T21:41:00,2026-08-25T22:53:48,2026-08-25T22:12:04.503815,2026-08-25T23:00:21.036885,delivered,18.0,low,clear
O01279,C0262,R029,D068,Bengaluru,2026-08-05T22:54:00,2026-08-06T00:19:24,2026-08-05T23:22:22.657445,2026-08-06T00:26:03.873763,delivered,18.0,severe,clear
O01280,C0394,R020,D076,Bengaluru,2026-08-22T20:34:00,2026-08-22T21:39:36.882920,2026-08-22T21:08:49.439227,2026-08-22T21:51:22.575725,delivered,11.25,high,clear
O01281,C0552,R035,D006,Bengaluru,2026-08-21T12:15:00,2026-08-21T13:34:48,2026-08-21T12:52:44.291902,2026-08-21T13:41:26.617935,delivered,18.0,high,clear
O01282,C0778,R046,D056,Bengaluru,2026-08-23T20:40:00,2026-08-23T21:41:59.937046,2026-08-23T21:15:36.051916,2026-08-23T21:49:37.504078,delivered,9.52,high,clear
O01283,C0050,R010,D093,Bengaluru,2026-08-07T21:48:00,2026-08-07T22:43:38.768268,2026-08-07T22:12:22.619970,2026-08-07T22:41:18.116656,delivered,9.83,low,clear
O01284,C0432,R005,D047,Bengaluru,2026-08-12T20:33:00,2026-08-12T21:45:48,2026-08-12T20:50:08.807043,2026-08-12T21:37:15.998296,delivered,18.0,low,clear
O01285,C0886,R040,D103,Bengaluru,2026-08-16T12:37:00,2026-08-16T13:56:48,2026-08-16T12:59:58.979328,2026-08-16T13:53:03.935830,delivered,18.0,high,clear
O01286,C0295,R007,D094,Bengaluru,2026-08-04T18:22:00,2026-08-04T19:41:48,2026-08-04T18:50:06.132234,2026-08-04T19:43:07.180401,delivered,18.0,high,clear
O01287,C0084,R034,D112,Bengaluru,2026-08-26T13:59:00,2026-08-26T14:51:11.554132,2026-08-26T14:19:26.920952,2026-08-26T14:47:22.383208,delivered,6.85,medium,clear
O01288,C0282,R020,D048,Bengaluru,2026-08-27T21:37:00,2026-08-27T22:33:59.864529,2026-08-27T22:09:31.766957,,cancelled,9.14,medium,clear
O01289,C0004,R011,D075,Bengaluru,2026-08-02T20:05:00,2026-08-02T21:20:36,2026-08-02T20:28:34.171732,2026-08-02T21:24:59.900736,delivered,18.0,medium,clear
O01290,C0523,R047,D079,Bengaluru,2026-08-01T22:09:00,2026-08-01T23:09:19.586746,2026-08-01T22:30:44.610173,2026-08-01T23:04:52.731889,delivered,10.73,medium,clear
O01291,C0301,R026,D028,Bengaluru,2026-08-01T11:20:00,2026-08-01T12:35:36,2026-08-01T11:56:41.036121,2026-08-01T12:48:40.823342,delivered,18.0,medium,clear
O01292,C0498,R033,D085,Bengaluru,2026-08-26T19:18:00,2026-08-26T20:43:48,2026-08-26T19:28:47.410288,2026-08-26T20:32:34.254882,delivered,18.0,high,heavy_rain
O01293,C0512,R014,D064,Bengaluru,2026-08-13T18:30:00,2026-08-13T19:48:39.824553,2026-08-13T19:01:48.671221,2026-08-13T20:00:13.890988,delivered,13.6,severe,rain
O01294,C0269,R052,D022,Bengaluru,2026-08-26T12:20:00,2026-08-26T13:39:48,2026-08-26T12:53:09.159452,2026-08-26T13:46:54.337237,delivered,18.0,high,clear
O01295,C0630,R031,D065,Bengaluru,2026-08-15T16:49:00,2026-08-15T17:51:12.417772,2026-08-15T17:18:09.517609,2026-08-15T17:52:50.034211,delivered,11.62,medium,clear
O01296,C0265,R039,D095,Bengaluru,2026-08-12T20:24:00,2026-08-12T21:29:55.716283,2026-08-12T21:08:08.989725,2026-08-12T21:50:42.629342,delivered,11.39,high,clear
O01297,C0348,R024,D087,Bengaluru,2026-08-11T14:55:00,2026-08-11T16:00:02.479844,2026-08-11T15:29:45.031605,2026-08-11T16:07:31.039208,delivered,11.78,medium,rain
O01298,C0121,R019,D054,Bengaluru,2026-08-25T14:34:00,2026-08-25T15:46:48,2026-08-25T15:06:28.638612,2026-08-25T15:53:46.933755,delivered,18.0,low,clear
O01299,C0800,R037,D080,Bengaluru,2026-08-28T17:26:00,2026-08-28T18:39:37.922904,2026-08-28T17:48:09.603449,2026-08-28T18:34:19.577197,delivered,17.06,medium,clear
O01300,C0045,R044,D072,Bengaluru,2026-08-20T18:03:00,2026-08-20T18:47:16.656232,2026-08-20T18:40:50.679457,2026-08-20T19:03:28.951670,delivered,4.42,low,clear
O01301,C0342,R003,D047,Bengaluru,2026-08-11T21:14:00,2026-08-11T22:33:48,2026-08-11T21:45:28.673616,2026-08-11T22:40:29.304587,delivered,18.0,high,clear
O01302,C0116,R010,D088,Bengaluru,2026-08-26T21:07:00,2026-08-26T22:15:50.273095,2026-08-26T21:35:26.474087,2026-08-26T22:20:27.428561,delivered,14.78,medium,clear
O01303,C0487,R050,D034,Bengaluru,2026-08-21T18:21:00,2026-08-21T19:03:10.309794,2026-08-21T18:47:09.144740,2026-08-21T19:03:45.787091,delivered,3.42,low,clear
O01304,C0831,R014,D035,Bengaluru,2026-08-17T20:25:00,2026-08-17T21:40:18,2026-08-17T20:50:09.227335,2026-08-17T21:39:23.386829,delivered,18.0,low,rain
O01305,C0729,R029,D027,Bengaluru,2026-08-21T21:27:00,2026-08-21T22:32:59.181361,2026-08-21T21:36:20.357240,2026-08-21T22:15:09.580252,delivered,11.42,high,clear
O01306,C0629,R049,D077,Bengaluru,2026-08-22T21:00:00,2026-08-22T22:18:06,2026-08-22T21:26:31.794648,2026-08-22T22:19:48.732119,delivered,18.0,medium,rain
O01307,C0086,R047,D097,Bengaluru,2026-08-07T20:14:00,2026-08-07T21:08:04.504406,2026-08-07T21:01:16.491135,2026-08-07T21:31:40.783435,delivered,7.75,medium,clear
O01308,C0581,R008,D036,Bengaluru,2026-08-22T14:56:00,2026-08-22T16:08:48,2026-08-22T15:19:38.568123,2026-08-22T16:06:00.162001,delivered,18.0,low,clear
O01309,C0374,R026,D006,Bengaluru,2026-08-12T15:38:00,2026-08-12T16:59:36,2026-08-12T15:55:15.341421,2026-08-12T16:57:01.692794,delivered,18.0,medium,heavy_rain
O01310,C0122,R041,D084,Bengaluru,2026-08-03T18:34:00,2026-08-03T19:35:20.707200,2026-08-03T19:12:43.171367,2026-08-03T19:47:04.962371,delivered,12.55,low,clear
O01311,C0203,R005,D016,Bengaluru,2026-08-09T21:37:00,2026-08-09T22:56:25.987270,2026-08-09T21:52:34.470231,,delivered,15.16,severe,clear
O01312,C0206,R027,D056,Bengaluru,2026-08-14T19:02:00,2026-08-14T20:17:36,2026-08-14T20:03:23.614086,2026-08-14T20:54:36.321890,delivered,18.0,medium,clear
O01313,C0838,R047,D087,Bengaluru,2026-08-28T20:53:00,2026-08-28T22:08:36,2026-08-28T21:31:27.974061,2026-08-28T22:24:45.314236,delivered,18.0,medium,clear
O01314,C0162,R015,D003,Bengaluru,2026-08-03T17:00:00,2026-08-03T18:15:36,2026-08-03T17:40:03.263644,2026-08-03T18:33:06.595657,delivered,18.0,medium,clear
O01315,C0803,R001,D047,Bengaluru,2026-08-08T19:29:00,2026-08-08T20:41:48,2026-08-08T20:06:53.437984,2026-08-08T20:54:16.384534,delivered,18.0,low,clear
O01316,C0808,R027,D093,Bengaluru,2026-08-16T21:05:00,2026-08-16T22:17:48,2026-08-16T21:29:43.007857,2026-08-16T22:14:38.652126,delivered,18.0,low,clear
O01317,C0365,R055,D065,Bengaluru,2026-08-05T22:29:00,2026-08-05T23:34:09.275474,2026-08-05T22:56:38.925176,2026-08-05T23:33:02.550957,delivered,13.03,medium,clear
O01318,C0340,R021,D034,Bengaluru,2026-08-11T13:48:00,2026-08-11T15:07:48,2026-08-11T14:08:18.290147,2026-08-11T15:03:33.750331,delivered,18.0,high,clear
O01319,C0239,R007,D098,Bengaluru,2026-08-09T21:57:00,2026-08-09T23:12:36,2026-08-09T22:17:42.550010,2026-08-09T23:09:10.787460,delivered,18.0,medium,clear
O01320,C0330,R013,D083,Bengaluru,2026-08-13T20:38:00,2026-08-13T21:40:08.816346,2026-08-13T21:00:44.003370,2026-08-13T21:46:45.033152,delivered,6.74,high,heavy_rain
O01321,C0179,R026,D050,Bengaluru,2026-08-20T18:11:00,2026-08-20T19:23:48,2026-08-20T18:59:17.486873,2026-08-20T19:45:29.940935,delivered,18.0,low,clear
O01322,C0460,R040,D028,Bengaluru,2026-08-22T20:37:00,2026-08-22T22:02:24,2026-08-22T21:04:21.008692,2026-08-22T22:03:24.781472,delivered,18.0,severe,clear
O01323,C0084,R060,D009,Bengaluru,2026-08-10T12:16:00,2026-08-10T13:31:36,2026-08-10T13:02:50.777043,2026-08-10T13:53:54.206175,delivered,18.0,medium,clear
O01324,C0290,R029,D048,Bengaluru,2026-08-05T17:01:00,2026-08-05T18:13:48,2026-08-05T17:20:18.107245,2026-08-05T17:58:37.123525,delivered,18.0,low,clear
O01325,C0382,R059,D029,Bengaluru,2026-08-24T22:04:00,2026-08-24T23:16:48,2026-08-24T22:36:50.389070,2026-08-24T23:22:08.362417,delivered,18.0,low,clear
O01326,C0051,R033,D031,Bengaluru,2026-08-23T13:58:00,2026-08-23T15:10:48,2026-08-23T14:27:47.108608,2026-08-23T15:10:37.358105,delivered,18.0,low,clear
O01327,C0702,R007,D080,Bengaluru,2026-08-18T22:25:00,2026-08-18T23:40:18,2026-08-18T22:43:40.149411,2026-08-18T23:38:02.434908,delivered,18.0,low,rain
O01328,C0878,R044,D058,Bengaluru,2026-08-08T19:00:00,2026-08-08T20:13:49.927806,2026-08-08T19:44:43.765591,2026-08-08T20:37:09.457244,delivered,17.16,medium,clear
O01329,C0436,R050,D080,Bengaluru,2026-08-10T18:07:00,2026-08-10T19:09:07.804340,2026-08-10T18:22:48.937035,2026-08-10T18:57:26.545040,delivered,9.59,high,clear
O01330,C0078,R044,D054,Bengaluru,2026-08-02T14:05:00,2026-08-02T15:23:55.185793,2026-08-02T14:43:10.570033,2026-08-02T15:40:13.018977,delivered,17.58,high,clear
O01331,C0744,R033,D088,Bengaluru,2026-08-28T23:17:00,2026-08-29T00:36:48,2026-08-28T23:54:32.108716,2026-08-29T00:50:53.383274,delivered,18.0,high,clear
O01332,C0585,R002,D114,Bengaluru,2026-08-01T19:30:00,2026-08-01T20:45:36,2026-08-01T20:08:01.818841,,cancelled,18.0,medium,clear
O01333,C0479,R029,D010,Bengaluru,2026-08-03T18:15:00,2026-08-03T19:34:41.449335,2026-08-03T18:37:46.074291,2026-08-03T19:37:32.588699,delivered,15.28,severe,clear
O01334,C0692,R041,D080,Bengaluru,2026-08-01T17:34:00,2026-08-01T18:53:48,2026-08-01T18:05:27.720632,2026-08-01T19:01:00.646634,delivered,18.0,high,clear
O01335,C0736,R028,D105,Bengaluru,2026-08-21T18:30:00,2026-08-21T19:09:05.324002,2026-08-21T18:53:50.361236,2026-08-21T19:10:55.202769,delivered,1.95,low,clear
O01336,C0238,R035,D012,Bengaluru,2026-08-23T18:11:00,2026-08-23T19:23:48,2026-08-23T18:43:27.475601,2026-08-23T19:33:04.742564,delivered,18.0,low,clear
O01337,C0274,R040,D112,Bengaluru,2026-08-21T23:47:00,2026-08-22T00:59:48,2026-08-22T00:09:32.393211,2026-08-22T00:58:02.769647,delivered,18.0,low,clear
O01338,C0327,R034,D013,Bengaluru,2026-08-05T14:59:00,2026-08-05T16:17:48,2026-08-05T15:31:08.662784,2026-08-05T16:36:21.975364,delivered,18.0,low,heavy_rain
O01339,C0604,R047,D010,Bengaluru,2026-08-20T19:05:00,2026-08-20T19:54:33.242002,2026-08-20T19:29:01.141679,2026-08-20T19:53:45.274380,delivered,5.6,medium,clear
O01340,C0080,R042,D049,Bengaluru,2026-08-06T20:15:00,2026-08-06T21:19:18.744065,2026-08-06T20:41:00.609627,2026-08-06T21:18:34.965229,delivered,13.96,low,clear
O01341,C0478,R016,D017,Bengaluru,2026-08-09T17:17:00,2026-08-09T18:21:05.653264,2026-08-09T17:53:07.945456,2026-08-09T18:31:04.078144,delivered,12.52,medium,clear
O01342,C0381,R027,D026,Bengaluru,2026-08-27T19:21:00,2026-08-27T20:30:19.605587,2026-08-27T19:40:45.473448,2026-08-27T20:26:44.018835,delivered,13.01,high,clear
O01343,C0859,R038,D028,Bengaluru,2026-08-01T13:24:00,2026-08-01T14:36:48,2026-08-01T13:56:28.835701,,delivered,18.0,low,clear
O01344,C0134,R030,D008,Bengaluru,2026-08-13T14:53:00,2026-08-13T16:05:48,2026-08-13T15:20:52.395521,2026-08-13T16:07:19.630323,delivered,18.0,low,clear
O01345,C0161,R016,D002,Bengaluru,2026-08-02T19:10:00,2026-08-02T20:02:08.206293,2026-08-02T19:30:10.348773,2026-08-02T19:53:57.070839,delivered,8.16,low,clear
O01346,C0574,R017,D076,Bengaluru,2026-08-19T19:11:00,2026-08-19T20:36:24,2026-08-19T19:39:13.567087,,cancelled,18.0,severe,clear
O01347,C0771,R040,D027,Bengaluru,2026-08-12T22:31:00,2026-08-12T23:56:24,2026-08-12T22:47:36.900272,2026-08-12T23:51:59.461035,delivered,18.0,severe,clear
O01348,C0045,R050,D045,Bengaluru,2026-08-04T20:38:00,2026-08-04T21:46:55.901309,2026-08-04T20:49:16.066770,2026-08-04T21:33:07.156429,delivered,14.82,medium,clear
O01349,C0771,R050,D058,Bengaluru,2026-08-16T19:03:00,2026-08-16T20:18:36,2026-08-16T19:47:08.127592,2026-08-16T20:31:17.649194,delivered,18.0,medium,clear
O01350,C0149,R060,D027,Bengaluru,2026-08-05T20:57:00,2026-08-05T22:14:06.381930,2026-08-05T21:17:08.496058,2026-08-05T22:08:01.603997,delivered,14.05,severe,clear
O01351,C0205,R054,D040,Bengaluru,2026-08-16T20:20:00,2026-08-16T21:35:36,2026-08-16T20:54:26.017959,2026-08-16T21:46:53.289624,delivered,18.0,medium,clear
O01352,C0892,R011,D102,Bengaluru,2026-08-07T12:51:00,2026-08-07T14:02:52.024638,2026-08-07T13:15:59.473154,2026-08-07T13:58:25.477667,delivered,15.03,medium,rain
O01353,C0191,R002,D043,Bengaluru,2026-08-14T16:56:00,2026-08-14T17:56:31.187058,2026-08-14T17:24:43.303907,2026-08-14T17:57:06.899349,delivered,12.15,low,clear
O01354,C0506,R042,D101,Bengaluru,2026-08-25T13:15:00,2026-08-25T14:40:24,2026-08-25T13:37:59.213347,2026-08-25T14:41:06.694374,delivered,18.0,severe,clear
O01355,C0661,R046,D118,Bengaluru,2026-08-07T13:52:00,2026-08-07T14:43:40.335082,2026-08-07T14:10:18.275390,2026-08-07T14:36:42.814239,delivered,7.94,low,clear
O01356,C0196,R039,D071,Bengaluru,2026-08-05T16:48:00,2026-08-05T17:39:16.332502,2026-08-05T17:21:44.553203,2026-08-05T17:46:34.156863,delivered,7.75,low,clear
O01357,C0583,R026,D045,Bengaluru,2026-08-11T19:02:00,2026-08-11T20:14:48,2026-08-11T19:46:33.913545,,cancelled,18.0,low,clear
O01358,C0311,R002,D035,Bengaluru,2026-08-08T20:11:00,2026-08-08T21:26:36,2026-08-08T20:29:09.945006,2026-08-08T21:12:28.400388,delivered,18.0,medium,clear
O01359,C0249,R033,D067,Bengaluru,2026-08-05T21:03:00,2026-08-05T22:28:24,2026-08-05T21:29:27.742669,2026-08-05T22:29:46.103266,delivered,18.0,severe,clear
O01360,C0877,R051,D113,Bengaluru,2026-08-14T23:46:00,2026-08-15T01:08:18,2026-08-15T00:10:22.794975,2026-08-15T01:13:05.140527,delivered,18.0,high,rain
O01361,C0131,R059,D119,Bengaluru,2026-08-18T17:15:00,2026-08-18T18:07:10.691869,2026-08-18T17:28:57.495922,2026-08-18T17:54:03.885598,delivered,6.85,medium,clear
O01362,C0448,R020,D048,Bengaluru,2026-08-10T20:08:00,2026-08-10T21:25:18.483000,2026-08-10T20:45:44.371040,2026-08-10T21:38:08.358523,delivered,16.81,high,clear
O01363,C0337,R058,D032,Bengaluru,2026-08-14T20:00:00,2026-08-14T21:19:48,2026-08-14T20:20:32.834529,2026-08-14T21:12:53.167391,delivered,18.0,high,clear
O01364,C0078,R024,D080,Bengaluru,2026-08-11T19:41:00,2026-08-11T20:45:25.697727,2026-08-11T19:58:37.161511,2026-08-11T20:37:24.833264,delivered,12.68,medium,clear
O01365,C0896,R018,D117,Bengaluru,2026-08-17T17:37:00,2026-08-17T18:46:21.635049,2026-08-17T18:15:13.434878,2026-08-17T19:05:23.185252,delivered,11.84,high,rain
O01366,C0809,R007,D012,Bengaluru,2026-08-13T12:06:00,2026-08-13T13:18:48,2026-08-13T12:41:03.479924,2026-08-13T13:30:20.582006,delivered,18.0,low,clear
O01367,C0826,R034,D034,Bengaluru,2026-08-03T13:28:00,2026-08-03T14:31:23.327500,2026-08-03T14:02:33.077308,2026-08-03T14:40:56.550378,delivered,12.19,medium,clear
O01368,C0168,R034,D090,Bengaluru,2026-08-23T18:32:00,2026-08-23T19:45:55.042849,2026-08-23T18:47:38.011478,2026-08-23T19:40:23.865007,delivered,15.2,high,clear
O01369,C0632,R020,D093,Bengaluru,2026-08-24T14:46:00,2026-08-24T15:42:23.355602,2026-08-24T15:12:29.391767,2026-08-24T15:39:20.638149,delivered,8.85,medium,clear
O01370,C0383,R047,D095,Bengaluru,2026-08-26T17:56:00,2026-08-26T19:15:07.201635,2026-08-26T18:29:50.498704,2026-08-26T19:18:48.031136,delivered,17.68,high,clear
O01371,C0594,R009,D081,Bengaluru,2026-08-04T17:22:00,2026-08-04T18:40:09.713506,2026-08-04T17:52:54.643929,2026-08-04T18:48:50.937937,delivered,17.22,high,clear
O01372,C0293,R018,D056,Bengaluru,2026-08-16T17:00:00,2026-08-16T17:54:38.503700,2026-08-16T17:16:17.621768,2026-08-16T17:42:57.073731,delivered,9.35,low,clear
O01373,C0299,R037,D032,Bengaluru,2026-08-06T21:55:00,2026-08-06T23:10:36,2026-08-06T22:19:33.683048,,delivered,18.0,medium,clear
O01374,C0288,R009,D054,Bengaluru,2026-08-27T18:02:00,2026-08-27T19:21:48,2026-08-27T18:20:54.862085,2026-08-27T19:16:25.365424,delivered,18.0,high,clear
O01375,C0802,R057,D095,Bengaluru,2026-08-26T19:46:00,2026-08-26T20:58:48,2026-08-26T20:18:24.543222,2026-08-26T20:58:45.864133,delivered,18.0,low,clear
O01376,C0456,R047,D044,Bengaluru,2026-08-27T21:56:00,2026-08-27T22:44:56.289137,2026-08-27T22:08:51.758186,2026-08-27T22:35:14.967480,delivered,4.11,medium,rain
O01377,C0099,R031,D061,Bengaluru,2026-08-13T20:31:00,2026-08-13T21:31:43.278939,2026-08-13T20:57:03.404423,2026-08-13T21:32:13.415343,delivered,10.91,medium,clear
O01378,C0391,R053,D042,Bengaluru,2026-08-14T11:45:00,2026-08-14T13:04:48,2026-08-14T12:06:51.466062,,cancelled,18.0,high,clear
O01379,C0613,R053,D006,Bengaluru,2026-08-12T22:38:00,2026-08-12T23:39:38.236480,2026-08-12T22:52:09.327935,2026-08-12T23:31:04.738088,delivered,6.68,severe,clear
O01380,C0743,R028,D036,Bengaluru,2026-08-15T18:34:00,2026-08-15T19:49:36,2026-08-15T19:00:16.763756,2026-08-15T19:50:59.245597,delivered,18.0,medium,clear
O01381,C0458,R037,D050,Bengaluru,2026-08-05T21:20:00,2026-08-05T22:16:55.420859,2026-08-05T21:38:45.834988,2026-08-05T22:10:53.839592,delivered,7.11,high,clear
O01382,C0561,R013,D024,Bengaluru,2026-08-21T17:35:00,2026-08-21T18:36:14.228458,2026-08-21T18:05:18.435233,2026-08-21T18:36:06.694493,delivered,11.16,medium,clear
O01383,C0701,R045,D049,Bengaluru,2026-08-21T22:05:00,2026-08-21T23:04:09.374367,2026-08-21T22:19:16.513107,2026-08-21T23:00:30.089088,delivered,7.31,medium,heavy_rain
O01384,C0859,R039,D050,Bengaluru,2026-08-27T11:26:00,2026-08-27T12:36:40.618176,2026-08-27T11:46:29.699192,2026-08-27T12:33:00.647621,delivered,10.99,severe,clear
O01385,C0863,R044,D049,Bengaluru,2026-08-02T19:50:00,2026-08-02T20:44:07.449994,2026-08-02T20:19:01.374983,2026-08-02T20:44:32.037572,delivered,5.77,high,clear
O01386,C0217,R019,D016,Bengaluru,2026-08-11T16:37:00,2026-08-11T17:58:36,2026-08-11T16:57:03.074356,2026-08-11T17:53:00.000160,delivered,18.0,medium,heavy_rain
O01387,C0239,R036,D057,Bengaluru,2026-08-16T19:35:00,2026-08-16T20:50:36,2026-08-16T20:06:16.569207,2026-08-16T20:57:15.267512,delivered,18.0,medium,clear
O01388,C0745,R052,D031,Bengaluru,2026-08-13T12:15:00,2026-08-13T13:30:36,2026-08-13T12:38:22.133197,2026-08-13T13:25:37.624727,delivered,18.0,medium,clear
O01389,C0812,R056,D089,Bengaluru,2026-08-26T18:41:00,2026-08-26T19:56:36,2026-08-26T18:56:28.321765,2026-08-26T19:46:39.150208,delivered,18.0,medium,clear
O01390,C0499,R059,D077,Bengaluru,2026-08-15T19:14:00,2026-08-15T20:29:36,2026-08-15T19:30:43.366780,2026-08-15T20:22:54.243246,delivered,18.0,medium,clear
O01391,C0408,R013,D025,Bengaluru,2026-08-17T19:55:00,2026-08-17T21:10:36,2026-08-17T20:21:09.177652,2026-08-17T21:10:29.590752,delivered,18.0,medium,clear
O01392,C0268,R030,D113,Bengaluru,2026-08-22T21:20:00,2026-08-22T22:21:59.244850,2026-08-22T21:39:07.429179,2026-08-22T22:12:14.759870,delivered,10.33,medium,rain
O01393,C0011,R029,D085,Bengaluru,2026-08-04T23:19:00,2026-08-05T00:01:05.058857,2026-08-04T23:44:54.463103,2026-08-05T00:04:10.291081,delivered,2.18,low,rain
O01394,C0795,R018,D017,Bengaluru,2026-08-21T20:52:00,2026-08-21T21:47:08.693802,2026-08-21T21:23:09.159942,2026-08-21T21:55:56.159110,delivered,3.59,severe,clear
O01395,C0839,R043,D003,Bengaluru,2026-08-21T15:27:00,2026-08-21T16:40:55.714245,2026-08-21T15:53:49.003331,2026-08-21T16:41:02.739630,delivered,17.2,medium,clear
O01396,C0263,R045,D011,Bengaluru,2026-08-11T18:48:00,2026-08-11T20:03:30.151803,2026-08-11T19:06:52.220714,2026-08-11T19:59:36.784865,delivered,17.95,medium,clear
O01397,C0222,R056,D056,Bengaluru,2026-08-18T20:13:00,2026-08-18T21:32:48,2026-08-18T20:34:03.310912,2026-08-18T21:30:44.693994,delivered,18.0,high,clear
O01398,C0285,R026,D029,Bengaluru,2026-08-24T17:35:00,2026-08-24T18:50:36,2026-08-24T18:09:33.219039,,delivered,18.0,medium,clear
O01399,C0833,R040,D022,Bengaluru,2026-08-21T18:34:00,2026-08-21T19:49:36,2026-08-21T19:01:56.285290,2026-08-21T19:48:59.862746,delivered,18.0,medium,clear
O01400,C0348,R032,D031,Bengaluru,2026-08-04T17:35:00,2026-08-04T18:50:18,2026-08-04T18:06:51.027410,2026-08-04T18:57:15.702810,delivered,18.0,low,rain
O01401,C0598,R051,D071,Bengaluru,2026-08-18T14:31:00,2026-08-18T15:50:48,2026-08-18T14:55:32.867745,2026-08-18T15:49:30.321909,delivered,18.0,high,clear
O01402,C0853,R060,D046,Bengaluru,2026-08-05T17:54:00,2026-08-05T18:56:32.510343,2026-08-05T18:09:34.199053,2026-08-05T18:57:01.797266,delivered,6.92,high,heavy_rain
O01403,C0497,R014,D099,Bengaluru,2026-08-24T17:26:00,2026-08-24T18:47:36,2026-08-24T18:17:58.127167,2026-08-24T19:24:32.047659,delivered,18.0,medium,heavy_rain
O01404,C0714,R043,D055,Bengaluru,2026-08-20T19:02:00,2026-08-20T20:20:48,2026-08-20T19:13:50.654047,2026-08-20T20:15:11.542465,delivered,18.0,low,heavy_rain
O01405,C0220,R028,D103,Bengaluru,2026-08-09T16:39:00,2026-08-09T17:51:48,2026-08-09T17:12:33.325705,2026-08-09T18:01:17.726468,delivered,18.0,low,clear
O01406,C0546,R021,D064,Bengaluru,2026-08-07T12:37:00,2026-08-07T13:56:48,2026-08-07T12:57:15.536339,2026-08-07T14:01:07.372063,delivered,18.0,high,clear
O01407,C0340,R003,D081,Bengaluru,2026-08-02T11:59:00,2026-08-02T13:21:18,2026-08-02T12:14:13.949820,2026-08-02T13:12:49.696042,delivered,18.0,high,rain
O01408,C0499,R034,D095,Bengaluru,2026-08-10T22:16:00,2026-08-10T23:16:58.418535,2026-08-10T23:06:54.580321,2026-08-10T23:44:42.656177,delivered,9.04,high,clear
O01409,C0650,R058,D034,Bengaluru,2026-08-16T16:53:00,2026-08-16T18:05:48,2026-08-16T17:29:47.991720,2026-08-16T18:18:48.894187,delivered,18.0,low,clear
O01410,C0370,R053,D024,Bengaluru,2026-08-10T15:31:00,2026-08-10T16:50:48,2026-08-10T16:12:32.730723,2026-08-10T17:08:28.960826,delivered,18.0,high,clear
O01411,C0168,R059,D110,Bengaluru,2026-08-11T12:04:00,2026-08-11T13:19:36,2026-08-11T12:33:33.022318,2026-08-11T13:23:19.675775,delivered,18.0,medium,clear
O01412,C0438,R047,D051,Bengaluru,2026-08-21T18:27:00,2026-08-21T19:42:36,2026-08-21T19:00:36.772381,,delivered,18.0,medium,clear
O01413,C0356,R032,D064,Bengaluru,2026-08-23T20:00:00,2026-08-23T21:15:36,2026-08-23T20:21:34.157661,2026-08-23T21:14:03.581181,delivered,18.0,medium,clear
O01414,C0877,R052,D003,Bengaluru,2026-08-05T13:47:00,2026-08-05T14:59:48,2026-08-05T14:05:18.727367,2026-08-05T14:51:19.174334,delivered,18.0,low,clear
O01415,C0244,R036,D078,Bengaluru,2026-08-08T14:47:00,2026-08-08T15:47:12.756727,2026-08-08T15:09:20.023241,,cancelled,10.67,medium,clear
O01416,C0554,R022,D063,Bengaluru,2026-08-06T19:03:00,2026-08-06T20:16:58.965882,2026-08-06T19:41:59.029158,2026-08-06T20:32:10.298755,delivered,17.23,medium,clear
O01417,C0581,R050,D103,Bengaluru,2026-08-12T13:24:00,2026-08-12T14:49:24,2026-08-12T13:59:54.167072,2026-08-12T15:05:52.636359,delivered,18.0,severe,clear
O01418,C0715,R039,D117,Bengaluru,2026-08-26T16:28:00,2026-08-26T17:15:20.133622,2026-08-26T16:53:03.236971,2026-08-26T17:08:19.251648,delivered,4.54,medium,clear
O01419,C0641,R044,D089,Bengaluru,2026-08-19T18:40:00,2026-08-19T19:44:50.031353,2026-08-19T18:58:21.755599,2026-08-19T19:32:20.715090,delivered,12.87,medium,clear
O01420,C0501,R054,D076,Bengaluru,2026-08-13T23:23:00,2026-08-14T00:45:18,2026-08-13T23:55:02.327491,2026-08-14T00:50:50.769822,delivered,18.0,high,rain
O01421,C0079,R041,D105,Bengaluru,2026-08-09T22:25:00,2026-08-09T23:36:55.402702,2026-08-09T22:49:48.480364,2026-08-09T23:34:11.926898,delivered,16.25,medium,clear
O01422,C0834,R029,D087,Bengaluru,2026-08-25T23:31:00,2026-08-26T00:56:24,2026-08-26T00:07:17.676523,2026-08-26T01:04:59.997287,delivered,18.0,severe,clear
O01423,C0016,R046,D093,Bengaluru,2026-08-14T18:32:00,2026-08-14T19:51:48,2026-08-14T18:58:12.970361,2026-08-14T19:52:30.993575,delivered,18.0,high,clear
O01424,C0485,R039,D079,Bengaluru,2026-08-26T19:26:00,2026-08-26T20:31:35.727332,2026-08-26T19:43:52.662147,2026-08-26T20:29:20.333154,delivered,13.38,low,rain
O01425,C0139,R050,D086,Bengaluru,2026-08-26T14:08:00,2026-08-26T14:57:00.511487,2026-08-26T14:43:37.596857,,cancelled,5.34,medium,clear
O01426,C0461,R054,D119,Bengaluru,2026-08-27T18:35:00,2026-08-27T19:54:48,2026-08-27T18:58:08.071247,2026-08-27T19:51:02.594339,delivered,18.0,high,clear
O01427,C0406,R054,D111,Bengaluru,2026-08-11T19:53:00,2026-08-11T21:05:48,2026-08-11T20:24:44.456135,2026-08-11T21:12:43.718786,delivered,18.0,low,clear
O01428,C0232,R042,D028,Bengaluru,2026-08-19T21:37:00,2026-08-19T22:44:24.330427,2026-08-19T21:49:46.131718,2026-08-19T22:29:59.082322,delivered,12.1,high,clear
O01429,C0474,R034,D045,Bengaluru,2026-08-15T23:01:00,2026-08-16T00:19:06,2026-08-15T23:31:45.639727,2026-08-16T00:26:45.233081,delivered,18.0,medium,rain
O01430,C0705,R017,D029,Bengaluru,2026-08-08T18:17:00,2026-08-08T19:32:13.760689,2026-08-08T18:46:32.908725,2026-08-08T19:42:35.679463,delivered,15.82,high,clear
O01431,C0231,R030,D029,Bengaluru,2026-08-10T11:36:00,2026-08-10T12:48:16.637242,2026-08-10T12:15:21.640378,2026-08-10T13:00:14.623568,delivered,16.42,medium,clear
O01432,C0687,R013,D111,Bengaluru,2026-08-23T19:42:00,2026-08-23T20:54:48,2026-08-23T19:54:19.522207,2026-08-23T20:40:05.588549,delivered,18.0,low,clear
O01433,C0564,R011,D119,Bengaluru,2026-08-02T20:04:00,2026-08-02T21:06:12.528788,2026-08-02T20:23:14.196169,2026-08-02T21:00:00.330691,delivered,9.62,high,clear
O01434,C0579,R051,D072,Bengaluru,2026-08-14T12:30:00,2026-08-14T13:45:36,2026-08-14T12:52:04.663794,2026-08-14T13:43:34.768227,delivered,18.0,medium,clear
O01435,C0134,R053,D096,Bengaluru,2026-08-05T20:06:00,2026-08-05T21:21:36,2026-08-05T20:44:48.145036,2026-08-05T21:36:19.423116,delivered,18.0,medium,clear
O01436,C0376,R033,D010,Bengaluru,2026-08-28T19:20:00,2026-08-28T20:32:48,2026-08-28T19:37:10.935859,2026-08-28T20:28:57.917950,delivered,18.0,low,clear
O01437,C0790,R049,D089,Bengaluru,2026-08-03T11:40:00,2026-08-03T12:55:36,2026-08-03T12:24:11.123451,2026-08-03T13:15:00.724055,delivered,18.0,medium,clear
O01438,C0514,R020,D010,Bengaluru,2026-08-07T16:26:00,2026-08-07T17:11:43.426041,2026-08-07T16:44:30.557514,2026-08-07T17:09:08.142954,delivered,3.77,medium,clear
O01439,C0498,R006,D001,Bengaluru,2026-08-03T11:40:00,2026-08-03T12:30:51.304043,2026-08-03T11:58:22.891428,2026-08-03T12:22:03.730813,delivered,6.22,medium,clear
O01440,C0441,R055,D022,Bengaluru,2026-08-20T14:03:00,2026-08-20T15:15:48,2026-08-20T14:20:23.760419,2026-08-20T15:04:14.214915,delivered,18.0,low,clear
O01441,C0504,R004,D081,Bengaluru,2026-08-15T19:05:00,2026-08-15T19:54:52.707438,2026-08-15T19:33:18.170695,,cancelled,5.75,medium,clear
O01442,C0024,R008,D013,Bengaluru,2026-08-16T11:02:00,2026-08-16T12:17:18,2026-08-16T11:31:51.060773,,delivered,18.0,low,rain
O01443,C0369,R052,D027,Bengaluru,2026-08-01T11:40:00,2026-08-01T12:54:17.832727,2026-08-01T12:14:12.094463,2026-08-01T13:02:18.572378,delivered,12.71,severe,clear
O01444,C0843,R055,D017,Bengaluru,2026-08-06T13:09:00,2026-08-06T14:08:45.713757,2026-08-06T13:37:15.118371,2026-08-06T14:11:06.558777,delivered,10.46,medium,clear
O01445,C0868,R028,D080,Bengaluru,2026-08-09T18:51:00,2026-08-09T19:44:59.036914,2026-08-09T19:09:55.031108,2026-08-09T19:36:03.171343,delivered,9.04,low,clear
O01446,C0664,R049,D058,Bengaluru,2026-08-01T20:27:00,2026-08-01T21:42:36,2026-08-01T20:49:39.741752,2026-08-01T21:42:48.040805,delivered,18.0,medium,clear
O01447,C0627,R057,D053,Bengaluru,2026-08-28T12:57:00,2026-08-28T14:12:36,2026-08-28T13:14:44.390098,2026-08-28T14:01:46.021786,delivered,18.0,medium,clear
O01448,C0388,R048,D034,Bengaluru,2026-08-16T18:51:00,2026-08-16T19:56:55.733594,2026-08-16T19:17:34.102461,2026-08-16T19:52:02.417625,delivered,13.39,medium,clear
O01449,C0388,R009,D102,Bengaluru,2026-08-21T19:01:00,2026-08-21T20:20:48,2026-08-21T19:21:37.338210,2026-08-21T20:16:51.391141,delivered,18.0,high,clear
O01450,C0044,R046,D016,Bengaluru,2026-08-11T20:35:00,2026-08-11T21:21:27.944600,2026-08-11T20:59:06.804869,2026-08-11T21:26:37.491994,delivered,4.13,medium,clear
O01451,C0742,R016,D076,Bengaluru,2026-08-26T18:00:00,2026-08-26T19:01:05.175786,2026-08-26T18:11:13.245759,2026-08-26T18:46:33.939797,delivered,11.09,medium,clear
O01452,C0024,R056,D080,Bengaluru,2026-08-14T12:14:00,2026-08-14T13:29:36,2026-08-14T12:28:46.919216,2026-08-14T13:22:10.458664,delivered,18.0,medium,clear
O01453,C0278,R051,D109,Bengaluru,2026-08-15T20:31:00,2026-08-15T21:23:28.565536,2026-08-15T20:47:56.177482,2026-08-15T21:12:46.464734,delivered,4.99,high,clear
O01454,C0472,R027,D105,Bengaluru,2026-08-09T12:45:00,2026-08-09T13:57:48,2026-08-09T13:02:40.503369,2026-08-09T13:47:14.141250,delivered,18.0,low,clear
O01455,C0257,R006,D064,Bengaluru,2026-08-16T18:24:00,2026-08-16T19:22:49.368287,2026-08-16T19:00:37.294244,2026-08-16T19:37:28.558623,delivered,11.34,low,clear
O01456,C0207,R046,D104,Bengaluru,2026-08-18T22:08:00,2026-08-18T23:23:36,2026-08-18T22:33:55.356513,2026-08-18T23:26:15.004486,delivered,18.0,medium,clear
O01457,C0703,R049,D066,Bengaluru,2026-08-20T13:08:00,2026-08-20T14:20:48,2026-08-20T13:19:33.451393,2026-08-20T14:09:50.319150,delivered,18.0,low,clear
O01458,C0741,R045,D091,Bengaluru,2026-08-05T20:48:00,2026-08-05T21:51:07.001848,2026-08-05T21:07:51.341737,2026-08-05T21:42:13.403252,delivered,13.39,low,clear
O01459,C0198,R041,D104,Bengaluru,2026-08-04T18:41:00,2026-08-04T19:56:36,2026-08-04T19:21:50.554318,2026-08-04T20:10:20.436035,delivered,18.0,medium,clear
O01460,C0811,R051,D060,Bengaluru,2026-08-16T12:47:00,2026-08-16T13:57:19.943969,2026-08-16T13:04:07.275650,2026-08-16T13:51:06.599579,delivered,12.63,medium,heavy_rain
O01461,C0112,R007,D082,Bengaluru,2026-08-13T19:29:00,2026-08-13T20:47:06,2026-08-13T19:51:54.210343,2026-08-13T20:45:46.941642,delivered,18.0,medium,rain
O01462,C0401,R052,D033,Bengaluru,2026-08-12T13:39:00,2026-08-12T14:43:24.375921,2026-08-12T14:15:21.659502,2026-08-12T14:51:44.832232,delivered,10.67,high,clear
O01463,C0573,R050,D062,Bengaluru,2026-08-18T12:44:00,2026-08-18T13:45:23.437147,2026-08-18T13:21:08.797205,2026-08-18T14:01:12.740457,delivered,9.23,high,clear
O01464,C0814,R057,D013,Bengaluru,2026-08-05T13:43:00,2026-08-05T14:49:59.483633,2026-08-05T14:09:59.124455,2026-08-05T14:46:30.023589,delivered,13.9,medium,clear
O01465,C0075,R039,D089,Bengaluru,2026-08-01T22:15:00,2026-08-01T23:20:25.824757,2026-08-01T22:40:52.268606,2026-08-01T23:17:18.746834,delivered,13.16,medium,clear
O01466,C0663,R040,D088,Bengaluru,2026-08-12T19:40:00,2026-08-12T20:55:36,2026-08-12T20:16:47.364226,2026-08-12T21:08:04.411066,delivered,18.0,medium,clear
O01467,C0686,R047,D085,Bengaluru,2026-08-03T21:21:00,2026-08-03T22:43:18,2026-08-03T21:59:30.145344,2026-08-03T23:03:23.975436,delivered,18.0,high,rain
O01468,C0096,R032,D004,Bengaluru,2026-08-12T12:09:00,2026-08-12T13:30:36,2026-08-12T12:26:14.834206,2026-08-12T13:24:02.130571,delivered,18.0,medium,heavy_rain
O01469,C0832,R019,D046,Bengaluru,2026-08-17T18:18:00,2026-08-17T19:33:36,2026-08-17T18:34:17.475813,2026-08-17T19:21:05.968121,delivered,18.0,medium,clear
O01470,C0732,R050,D030,Bengaluru,2026-08-19T17:24:00,2026-08-19T18:23:02.627619,2026-08-19T18:19:20.433031,2026-08-19T18:50:50.704290,delivered,10.12,medium,clear
O01471,C0735,R043,D097,Bengaluru,2026-08-19T20:16:00,2026-08-19T21:22:33.205772,2026-08-19T20:48:56.827370,2026-08-19T21:26:39.378167,delivered,11.69,high,clear
O01472,C0701,R025,D008,Bengaluru,2026-08-28T19:54:00,2026-08-28T21:13:48,2026-08-28T20:44:29.523027,2026-08-28T21:39:36.533246,delivered,18.0,high,clear
O01473,C0704,R060,D028,Bengaluru,2026-08-20T18:05:00,2026-08-20T19:20:36,2026-08-20T18:21:49.952262,2026-08-20T19:14:14.858727,delivered,18.0,medium,clear
O01474,C0142,R058,D108,Bengaluru,2026-08-24T18:25:00,2026-08-24T19:37:48,2026-08-24T18:50:54.516109,2026-08-24T19:38:44.783068,delivered,18.0,low,clear
O01475,C0464,R021,D022,Bengaluru,2026-08-27T11:56:00,2026-08-27T13:15:48,2026-08-27T12:30:46.266830,2026-08-27T13:27:54.361127,delivered,18.0,high,clear
O01476,C0457,R030,D066,Bengaluru,2026-08-01T22:32:00,2026-08-01T23:39:36.200640,2026-08-01T22:52:00.759427,2026-08-01T23:41:30.870902,delivered,12.67,low,heavy_rain
O01477,C0037,R047,D024,Bengaluru,2026-08-20T13:35:00,2026-08-20T15:02:06.635790,2026-08-20T13:56:11.148798,2026-08-20T15:05:38.173741,delivered,17.62,severe,rain
O01478,C0368,R040,D082,Bengaluru,2026-08-12T11:41:00,2026-08-12T13:08:54,2026-08-12T12:31:34.435474,2026-08-12T13:38:38.613281,delivered,18.0,severe,rain
O01479,C0137,R033,D054,Bengaluru,2026-08-17T18:48:00,2026-08-17T20:07:48,2026-08-17T19:26:55.173456,2026-08-17T20:26:57.651993,delivered,18.0,high,clear
O01480,C0362,R055,D028,Bengaluru,2026-08-04T15:41:00,2026-08-04T16:28:07.106814,2026-08-04T16:13:44.370318,2026-08-04T16:35:08.661261,delivered,5.77,low,clear
O01481,C0809,R021,D013,Bengaluru,2026-08-20T11:56:00,2026-08-20T13:09:17.247395,2026-08-20T12:42:57.570621,2026-08-20T13:34:03.285496,delivered,15.71,medium,rain
O01482,C0489,R025,D065,Bengaluru,2026-08-14T23:33:00,2026-08-15T00:58:24,2026-08-14T23:56:54.322492,2026-08-15T00:59:22.159889,delivered,18.0,severe,clear
O01483,C0731,R060,D115,Bengaluru,2026-08-11T21:21:00,2026-08-11T22:22:27.366123,2026-08-11T21:40:34.239524,2026-08-11T22:20:53.891888,delivered,6.6,severe,clear
O01484,C0282,R032,D082,Bengaluru,2026-08-08T19:37:00,2026-08-08T20:56:11.873114,2026-08-08T19:57:50.124777,2026-08-08T20:52:29.961536,delivered,17.71,high,clear
O01485,C0403,R022,D054,Bengaluru,2026-08-27T15:27:00,2026-08-27T16:14:47.674943,2026-08-27T16:07:56.960046,2026-08-27T16:35:11.003302,delivered,4.76,medium,clear
O01486,C0685,R053,D075,Bengaluru,2026-08-09T16:40:00,2026-08-09T17:48:20.383307,2026-08-09T17:05:15.867602,2026-08-09T17:45:18.275916,delivered,14.54,medium,clear
O01487,C0025,R028,D087,Bengaluru,2026-08-05T21:53:00,2026-08-05T22:54:58.535386,2026-08-05T22:18:12.430728,2026-08-05T22:51:45.443564,delivered,12.85,low,clear
O01488,C0694,R054,D101,Bengaluru,2026-08-10T13:08:00,2026-08-10T14:27:48,2026-08-10T13:37:44.332153,,cancelled,18.0,high,clear
O01489,C0732,R025,D116,Bengaluru,2026-08-15T22:09:00,2026-08-15T23:24:18,2026-08-15T22:23:17.346786,2026-08-15T23:12:48.563960,delivered,18.0,low,rain
O01490,C0238,R020,D108,Bengaluru,2026-08-27T22:45:00,2026-08-28T00:04:52.893166,2026-08-27T23:02:39.682115,2026-08-28T00:00:56.422642,delivered,16.85,high,rain
O01491,C0068,R021,D085,Bengaluru,2026-08-13T18:15:00,2026-08-13T19:27:48,2026-08-13T18:51:20.711881,2026-08-13T19:34:28.012686,delivered,18.0,low,clear
O01492,C0713,R055,D018,Bengaluru,2026-08-06T13:05:00,2026-08-06T14:20:36,2026-08-06T13:33:17.375748,,cancelled,18.0,medium,clear
O01493,C0673,R012,D004,Bengaluru,2026-08-14T11:07:00,2026-08-14T12:16:51.973339,2026-08-14T11:46:13.644163,,cancelled,14.08,medium,rain
O01494,C0260,R033,D091,Bengaluru,2026-08-03T17:53:00,2026-08-03T19:12:48,2026-08-03T18:19:56.303290,2026-08-03T19:14:24.623147,delivered,18.0,high,clear
O01495,C0426,R043,D046,Bengaluru,2026-08-23T14:31:00,2026-08-23T15:35:26.743289,2026-08-23T15:21:34.873980,2026-08-23T15:57:46.039379,delivered,10.69,high,clear
O01496,C0042,R002,D032,Bengaluru,2026-08-03T22:31:00,2026-08-03T23:53:18,2026-08-03T22:52:50.955735,2026-08-03T23:56:10.608094,delivered,18.0,high,rain
O01497,C0574,R041,D109,Bengaluru,2026-08-01T11:02:00,2026-08-01T12:21:48,2026-08-01T11:45:32.038298,2026-08-01T12:36:06.941754,delivered,18.0,high,clear
O01498,C0624,R056,D031,Bengaluru,2026-08-07T20:31:00,2026-08-07T21:50:48,2026-08-07T20:55:57.784546,2026-08-07T21:51:15.824264,delivered,18.0,high,clear
O01499,C0831,R011,D106,Bengaluru,2026-08-07T20:05:00,2026-08-07T21:18:16.765675,2026-08-07T20:42:37.799748,2026-08-07T21:29:42.751504,delivered,14.89,high,clear
O01500,C0621,R016,D032,Bengaluru,2026-08-08T16:17:00,2026-08-08T17:19:43.684835,2026-08-08T16:38:53.393622,2026-08-08T17:17:49.842786,delivered,13.2,low,clear
O01501,C0749,R046,D083,Bengaluru,2026-08-25T17:10:00,2026-08-25T18:25:36,2026-08-25T17:36:19.509166,2026-08-25T18:22:22.587482,delivered,18.0,medium,clear
O01502,C0568,R015,D112,Bengaluru,2026-08-28T11:22:00,2026-08-28T12:29:30.981122,2026-08-28T11:42:45.065240,2026-08-28T12:26:35.381750,delivered,9.48,severe,clear
O01503,C0105,R045,D045,Bengaluru,2026-08-07T19:39:00,2026-08-07T21:00:36,2026-08-07T20:15:45.378033,2026-08-07T21:22:17.089088,delivered,18.0,medium,heavy_rain
O01504,C0810,R047,D049,Bengaluru,2026-08-14T18:55:00,2026-08-14T19:56:54.935956,2026-08-14T19:27:47.830895,2026-08-14T20:00:27.516921,delivered,12.82,low,clear
O01505,C0096,R011,D082,Bengaluru,2026-08-13T21:50:00,2026-08-13T22:49:08.021995,2026-08-13T22:13:52.406582,2026-08-13T22:47:42.083901,delivered,8.16,high,clear
O01506,C0336,R055,D050,Bengaluru,2026-08-27T16:11:00,2026-08-27T17:26:36,2026-08-27T16:39:49.210080,,delivered,18.0,medium,clear
O01507,C0155,R033,D085,Bengaluru,2026-08-16T18:09:00,2026-08-16T19:30:36,2026-08-16T18:29:58.036266,,cancelled,18.0,medium,heavy_rain
O01508,C0749,R034,D114,Bengaluru,2026-08-24T18:20:00,2026-08-24T19:12:31.924857,2026-08-24T18:54:19.061192,2026-08-24T19:15:51.314555,delivered,8.35,low,clear
O01509,C0675,R026,D093,Bengaluru,2026-08-28T17:25:00,2026-08-28T18:40:36,2026-08-28T17:57:23.771992,2026-08-28T18:51:09.858572,delivered,18.0,medium,clear
O01510,C0336,R032,D044,Bengaluru,2026-08-17T22:35:00,2026-08-17T23:23:11.625349,2026-08-17T23:01:22.912818,2026-08-17T23:29:40.289671,delivered,2.95,high,clear
O01511,C0045,R048,D018,Bengaluru,2026-08-21T11:41:00,2026-08-21T12:43:15.343427,2026-08-21T12:11:37.544423,2026-08-21T12:53:04.134676,delivered,10.46,medium,rain
O01512,C0896,R017,D048,Bengaluru,2026-08-07T20:40:00,2026-08-07T21:55:36,2026-08-07T21:17:37.354088,,delivered,18.0,medium,clear
O01513,C0268,R003,D113,Bengaluru,2026-08-08T18:50:00,2026-08-08T20:09:48,2026-08-08T19:41:53.359592,2026-08-08T20:41:15.654928,delivered,18.0,high,clear
O01514,C0408,R030,D048,Bengaluru,2026-08-24T17:57:00,2026-08-24T19:12:36,2026-08-24T18:28:31.727776,2026-08-24T19:21:51.953311,delivered,18.0,medium,clear
O01515,C0577,R014,D102,Bengaluru,2026-08-17T14:47:00,2026-08-17T16:06:48,2026-08-17T15:05:04.253358,2026-08-17T16:02:11.770275,delivered,18.0,high,clear
O01516,C0643,R046,D069,Bengaluru,2026-08-08T13:55:00,2026-08-08T15:14:48,2026-08-08T14:12:50.074206,2026-08-08T15:13:48.335328,delivered,18.0,high,clear
O01517,C0397,R024,D041,Bengaluru,2026-08-08T21:46:00,2026-08-08T22:50:27.661861,2026-08-08T22:03:09.535388,2026-08-08T22:44:52.533986,delivered,12.7,medium,clear
O01518,C0114,R032,D064,Bengaluru,2026-08-15T13:52:00,2026-08-15T14:55:22.900364,2026-08-15T14:13:30.546458,2026-08-15T14:52:38.676597,delivered,13.52,low,clear
O01519,C0550,R018,D074,Bengaluru,2026-08-12T19:43:00,2026-08-12T20:52:43.468930,2026-08-12T20:28:38.066818,2026-08-12T21:13:35.820059,delivered,16.54,low,clear
O01520,C0169,R002,D003,Bengaluru,2026-08-11T14:04:00,2026-08-11T15:10:21.125878,2026-08-11T14:30:55.395314,2026-08-11T15:11:17.182956,delivered,14.93,low,clear
O01521,C0641,R013,D047,Bengaluru,2026-08-05T14:22:00,2026-08-05T15:14:11.373396,2026-08-05T14:37:55.684570,2026-08-05T15:06:31.169052,delivered,6.85,medium,clear
O01522,C0494,R023,D100,Bengaluru,2026-08-16T14:12:00,2026-08-16T15:27:36,2026-08-16T14:31:05.363725,2026-08-16T15:21:34.937844,delivered,18.0,medium,clear
O01523,C0479,R019,D046,Bengaluru,2026-08-03T18:57:00,2026-08-03T20:22:24,2026-08-03T19:13:16.191463,2026-08-03T20:18:37.220011,delivered,18.0,severe,clear
O01524,C0808,R033,D117,Bengaluru,2026-08-15T15:06:00,2026-08-15T16:31:24,2026-08-15T15:36:51.899479,2026-08-15T16:35:58.297761,delivered,18.0,severe,clear
O01525,C0066,R038,D029,Bengaluru,2026-08-17T12:50:00,2026-08-17T14:09:48,2026-08-17T13:31:44.408714,2026-08-17T14:29:47.982905,delivered,18.0,high,clear
O01526,C0842,R042,D119,Bengaluru,2026-08-11T11:21:00,2026-08-11T12:30:21.957891,2026-08-11T11:41:34.371695,2026-08-11T12:26:17.974844,delivered,11.84,high,rain
O01527,C0121,R034,D048,Bengaluru,2026-08-07T15:14:00,2026-08-07T16:33:48,2026-08-07T15:49:00.069724,2026-08-07T16:40:04.688215,delivered,18.0,high,clear
O01528,C0578,R035,D072,Bengaluru,2026-08-08T17:23:00,2026-08-08T18:35:48,2026-08-08T17:45:13.190055,2026-08-08T18:26:50.195073,delivered,18.0,low,clear
O01529,C0828,R045,D101,Bengaluru,2026-08-19T11:18:00,2026-08-19T12:19:55.272834,2026-08-19T11:58:52.697108,2026-08-19T12:35:26.709772,delivered,9.49,high,clear
O01530,C0734,R002,D100,Bengaluru,2026-08-28T13:37:00,2026-08-28T14:52:36,2026-08-28T13:59:22.084854,2026-08-28T14:52:04.844498,delivered,18.0,medium,clear
O01531,C0259,R020,D093,Bengaluru,2026-08-06T18:53:00,2026-08-06T19:49:49.349007,2026-08-06T19:32:48.936433,2026-08-06T20:08:24.720387,delivered,9.06,medium,clear
O01532,C0825,R028,D048,Bengaluru,2026-08-22T18:49:00,2026-08-22T20:04:36,2026-08-22T19:02:04.126535,2026-08-22T19:54:15.355136,delivered,18.0,medium,clear
O01533,C0821,R049,D047,Bengaluru,2026-08-09T15:03:00,2026-08-09T15:56:43.812647,2026-08-09T15:50:51.800909,2026-08-09T16:20:04.683922,delivered,6.06,low,heavy_rain
O01534,C0586,R019,D046,Bengaluru,2026-08-13T18:25:00,2026-08-13T19:37:48,2026-08-13T18:52:06.533422,2026-08-13T19:40:54.942208,delivered,18.0,low,clear
O01535,C0572,R035,D038,Bengaluru,2026-08-14T18:06:00,2026-08-14T19:11:04.834259,2026-08-14T18:23:43.689310,2026-08-14T19:10:25.747669,delivered,13.13,low,rain
O01536,C0864,R007,D037,Bengaluru,2026-08-06T13:06:00,2026-08-06T14:21:36,2026-08-06T13:20:42.516618,2026-08-06T14:09:50.611511,delivered,18.0,medium,clear
O01537,C0897,R031,D028,Bengaluru,2026-08-08T18:43:00,2026-08-08T19:31:19.461357,2026-08-08T19:02:27.844697,2026-08-08T19:31:16.744504,delivered,3.01,high,clear
O01538,C0029,R011,D037,Bengaluru,2026-08-23T12:03:00,2026-08-23T13:09:42.413933,2026-08-23T12:28:31.813069,2026-08-23T13:11:45.025787,delivered,7.91,severe,rain
O01539,C0475,R031,D051,Bengaluru,2026-08-04T21:37:00,2026-08-04T22:34:29.382105,2026-08-04T22:04:08.147459,2026-08-04T22:37:32.342575,delivered,7.38,high,clear
O01540,C0337,R049,D055,Bengaluru,2026-08-16T12:28:00,2026-08-16T13:43:36,2026-08-16T13:14:07.685652,2026-08-16T14:03:16.076021,delivered,18.0,medium,clear
O01541,C0742,R055,D108,Bengaluru,2026-08-25T18:14:00,2026-08-25T19:39:24,2026-08-25T18:39:43.861011,2026-08-25T19:48:05.176977,delivered,18.0,severe,clear
O01542,C0282,R023,D035,Bengaluru,2026-08-22T19:45:00,2026-08-22T20:50:46.569732,2026-08-22T20:27:30.505454,2026-08-22T21:16:40.180289,delivered,11.32,high,clear
O01543,C0040,R009,D007,Bengaluru,2026-08-03T20:26:00,2026-08-03T21:45:48,2026-08-03T20:45:35.378691,2026-08-03T21:42:04.243886,delivered,18.0,high,clear
O01544,C0224,R010,D043,Bengaluru,2026-08-11T17:36:00,2026-08-11T18:27:47.635799,2026-08-11T18:20:09.420859,2026-08-11T18:41:23.005827,delivered,6.66,medium,clear
O01545,C0121,R004,D071,Bengaluru,2026-08-25T17:11:00,2026-08-25T18:20:53.114818,2026-08-25T17:36:22.027698,2026-08-25T18:17:26.929900,delivered,13.28,high,clear
O01546,C0267,R034,D006,Bengaluru,2026-08-13T20:43:00,2026-08-13T21:55:48,2026-08-13T20:59:23.605991,2026-08-13T21:37:53.258188,delivered,18.0,low,clear
O01547,C0877,R045,D021,Bengaluru,2026-08-13T19:54:00,2026-08-13T21:13:48,2026-08-13T20:21:13.952898,2026-08-13T21:14:42.343753,delivered,18.0,high,clear
O01548,C0197,R029,D073,Bengaluru,2026-08-04T12:34:00,2026-08-04T13:56:18,2026-08-04T12:56:41.097911,2026-08-04T13:56:49.725069,delivered,18.0,high,rain
O01549,C0896,R048,D102,Bengaluru,2026-08-21T20:54:00,2026-08-21T22:19:24,2026-08-21T21:19:31.207437,2026-08-21T22:22:24.883708,delivered,18.0,severe,clear
O01550,C0623,R013,D045,Bengaluru,2026-08-14T12:38:00,2026-08-14T13:53:36,2026-08-14T13:04:11.481132,2026-08-14T13:53:32.778640,delivered,18.0,medium,clear
O01551,C0238,R013,D054,Bengaluru,2026-08-27T11:04:00,2026-08-27T12:16:13.234686,2026-08-27T11:32:04.910559,2026-08-27T12:19:50.551895,delivered,16.39,medium,clear
O01552,C0377,R045,D074,Bengaluru,2026-08-16T19:33:00,2026-08-16T20:34:49.756964,2026-08-16T20:06:37.344129,2026-08-16T20:46:41.204452,delivered,11.44,medium,clear
O01553,C0800,R037,D108,Bengaluru,2026-08-27T21:43:00,2026-08-27T22:56:37.922904,2026-08-27T21:58:38.195165,2026-08-27T22:45:28.533689,delivered,17.06,medium,clear
O01554,C0183,R058,D030,Bengaluru,2026-08-03T21:44:00,2026-08-03T23:03:48,2026-08-03T22:15:39.542043,2026-08-03T23:12:36.986543,delivered,18.0,high,clear
O01555,C0250,R034,D021,Bengaluru,2026-08-06T19:25:00,2026-08-06T20:44:48,2026-08-06T19:48:40.531540,2026-08-06T20:44:32.847943,delivered,18.0,high,clear
O01556,C0707,R024,D098,Bengaluru,2026-08-20T15:57:00,2026-08-20T17:16:48,2026-08-20T16:31:14.153921,2026-08-20T17:27:02.597770,delivered,18.0,high,clear
O01557,C0377,R043,D039,Bengaluru,2026-08-20T21:44:00,2026-08-20T22:43:53.311218,2026-08-20T22:14:42.693518,2026-08-20T22:43:51.877632,delivered,11.85,low,clear
O01558,C0629,R026,D093,Bengaluru,2026-08-20T18:59:00,2026-08-20T20:14:36,2026-08-20T19:20:50.818905,2026-08-20T20:07:22.343665,delivered,18.0,medium,clear
O01559,C0167,R051,D073,Bengaluru,2026-08-04T19:33:00,2026-08-04T20:34:29.491287,2026-08-04T19:47:27.166948,2026-08-04T20:28:00.487754,delivered,8.09,high,rain
O01560,C0334,R030,D044,Bengaluru,2026-08-10T16:10:00,2026-08-10T17:21:47.737712,2026-08-10T16:41:34.072106,2026-08-10T17:32:57.731586,delivered,13.33,medium,heavy_rain
O01561,C0621,R030,D017,Bengaluru,2026-08-03T12:47:00,2026-08-03T13:43:29.217384,2026-08-03T12:59:53.032141,2026-08-03T13:31:34.834473,delivered,8.9,medium,clear
O01562,C0090,R032,D024,Bengaluru,2026-08-15T11:19:00,2026-08-15T12:38:48,2026-08-15T11:32:54.566480,2026-08-15T12:24:47.324259,delivered,18.0,high,clear
O01563,C0623,R030,D056,Bengaluru,2026-08-03T11:12:00,2026-08-03T12:27:36,2026-08-03T11:36:47.648353,2026-08-03T12:25:41.336403,delivered,18.0,medium,clear
O01564,C0262,R012,D120,Bengaluru,2026-08-25T13:22:00,2026-08-25T14:29:17.735647,2026-08-25T13:55:01.928084,2026-08-25T14:44:48.946947,delivered,14.05,medium,clear
O01565,C0671,R027,D006,Bengaluru,2026-08-21T21:18:00,2026-08-21T22:30:48,2026-08-21T21:38:15.050677,2026-08-21T22:28:48.782785,delivered,18.0,low,clear
O01566,C0423,R045,D114,Bengaluru,2026-08-13T17:39:00,2026-08-13T18:35:34.558700,2026-08-13T18:05:15.088899,2026-08-13T18:37:25.530881,delivered,8.94,medium,clear
O01567,C0298,R011,D101,Bengaluru,2026-08-07T17:53:00,2026-08-07T18:58:35.631297,2026-08-07T18:08:51.488534,2026-08-07T18:50:55.304325,delivered,13.38,low,rain
O01568,C0437,R053,D057,Bengaluru,2026-08-28T23:18:00,2026-08-29T00:33:10.383310,2026-08-28T23:52:21.786041,,cancelled,17.8,medium,clear
O01569,C0516,R014,D038,Bengaluru,2026-08-01T11:37:00,2026-08-01T12:56:48,2026-08-01T12:15:44.337235,2026-08-01T13:08:40.232808,delivered,18.0,high,clear
O01570,C0814,R042,D120,Bengaluru,2026-08-23T12:44:00,2026-08-23T14:03:48,2026-08-23T13:04:21.665997,2026-08-23T13:59:30.921383,delivered,18.0,high,clear
O01571,C0536,R036,D118,Bengaluru,2026-08-26T18:50:00,2026-08-26T20:08:34.955592,2026-08-26T19:27:01.883230,2026-08-26T20:20:58.034174,delivered,14.75,severe,clear
O01572,C0549,R033,D010,Bengaluru,2026-08-04T17:42:00,2026-08-04T18:51:01.093396,2026-08-04T18:01:45.580285,2026-08-04T18:46:48.905710,delivered,14.87,medium,clear
O01573,C0158,R037,D101,Bengaluru,2026-08-01T19:50:00,2026-08-01T21:08:06,2026-08-01T20:13:21.912803,2026-08-01T21:11:31.636230,delivered,18.0,medium,rain
O01574,C0771,R044,D060,Bengaluru,2026-08-15T12:02:00,2026-08-15T13:17:05.182840,2026-08-15T12:27:20.781768,2026-08-15T13:17:46.331827,delivered,15.76,high,clear
O01575,C0035,R015,D079,Bengaluru,2026-08-26T12:26:00,2026-08-26T13:25:15.073311,2026-08-26T12:52:30.115635,2026-08-26T13:28:56.267614,delivered,8.21,high,clear
O01576,C0594,R006,D083,Bengaluru,2026-08-27T12:49:00,2026-08-27T13:35:55.413210,2026-08-27T13:06:39.898873,2026-08-27T13:24:58.045191,delivered,5.68,low,clear
O01577,C0540,R015,D116,Bengaluru,2026-08-23T18:22:00,2026-08-23T19:37:36,2026-08-23T19:01:06.693809,2026-08-23T19:48:57.129079,delivered,18.0,medium,clear
O01578,C0774,R051,D105,Bengaluru,2026-08-13T20:45:00,2026-08-13T22:00:36,2026-08-13T21:35:39.427046,2026-08-13T22:23:21.314299,delivered,18.0,medium,clear
O01579,C0241,R042,D025,Bengaluru,2026-08-28T17:29:00,2026-08-28T18:39:52.700056,2026-08-28T17:58:36.547981,2026-08-28T18:48:59.592502,delivered,13.75,high,clear
O01580,C0300,R046,D076,Bengaluru,2026-08-09T19:41:00,2026-08-09T20:43:09.714539,2026-08-09T19:55:17.591023,2026-08-09T20:29:49.431196,delivered,11.6,medium,clear
O01581,C0750,R002,D067,Bengaluru,2026-08-16T17:26:00,2026-08-16T18:41:36,2026-08-16T17:49:29.479028,2026-08-16T18:40:02.650212,delivered,18.0,medium,clear
O01582,C0250,R014,D018,Bengaluru,2026-08-21T20:03:00,2026-08-21T21:22:48,2026-08-21T20:40:58.162365,2026-08-21T21:32:50.730330,delivered,18.0,high,clear
O01583,C0462,R026,D059,Bengaluru,2026-08-08T18:51:00,2026-08-08T20:06:36,2026-08-08T19:16:32.910034,2026-08-08T20:08:07.410283,delivered,18.0,medium,clear
O01584,C0313,R020,D087,Bengaluru,2026-08-22T20:55:00,2026-08-22T22:17:19.778068,2026-08-22T21:40:16.740107,2026-08-22T22:42:19.744790,delivered,16.54,severe,clear
O01585,C0392,R018,D007,Bengaluru,2026-08-20T18:37:00,2026-08-20T19:45:12.539414,2026-08-20T19:11:22.880055,2026-08-20T19:58:00.061501,delivered,11.29,high,rain
O01586,C0377,R010,D014,Bengaluru,2026-08-14T22:32:00,2026-08-14T23:51:48,2026-08-14T23:03:57.783988,2026-08-15T00:00:00.431674,delivered,18.0,high,clear
O01587,C0775,R033,D036,Bengaluru,2026-08-12T17:38:00,2026-08-12T18:53:36,2026-08-12T18:32:41.991070,2026-08-12T19:18:25.040774,delivered,18.0,medium,clear
O01588,C0239,R050,D036,Bengaluru,2026-08-20T18:11:00,2026-08-20T19:12:42.427956,2026-08-20T18:41:54.777268,2026-08-20T19:21:53.043723,delivered,6.72,severe,clear
O01589,C0434,R029,D024,Bengaluru,2026-08-15T20:32:00,2026-08-15T21:41:47.106838,2026-08-15T20:55:54.826645,2026-08-15T21:36:36.924498,delivered,15.23,medium,clear
O01590,C0232,R030,D017,Bengaluru,2026-08-21T14:22:00,2026-08-21T15:31:39.953893,2026-08-21T14:54:12.137020,2026-08-21T15:44:57.442794,delivered,10.51,severe,clear
O01591,C0261,R023,D112,Bengaluru,2026-08-12T12:43:00,2026-08-12T13:55:48,2026-08-12T13:01:43.015486,2026-08-12T13:45:10.919946,delivered,18.0,low,clear
O01592,C0220,R032,D094,Bengaluru,2026-08-11T21:51:00,2026-08-11T23:13:18,2026-08-11T22:19:11.486202,2026-08-11T23:17:27.164143,delivered,18.0,high,rain
O01593,C0171,R025,D072,Bengaluru,2026-08-20T13:34:00,2026-08-20T14:49:18,2026-08-20T13:58:26.204372,2026-08-20T14:49:06.735973,delivered,18.0,low,rain
O01594,C0098,R024,D011,Bengaluru,2026-08-13T13:08:00,2026-08-13T14:33:48,2026-08-13T13:45:33.365926,2026-08-13T14:54:21.243839,delivered,18.0,high,heavy_rain
O01595,C0305,R011,D045,Bengaluru,2026-08-24T22:11:00,2026-08-24T23:23:48,2026-08-24T22:31:08.027350,2026-08-24T23:19:19.282836,delivered,18.0,low,clear
O01596,C0349,R041,D101,Bengaluru,2026-08-12T13:03:00,2026-08-12T14:28:24,2026-08-12T13:38:50.942226,,cancelled,18.0,severe,clear
O01597,C0174,R030,D070,Bengaluru,2026-08-22T19:57:00,2026-08-22T21:15:48,2026-08-22T20:11:11.035912,2026-08-22T21:12:07.487728,delivered,18.0,low,heavy_rain
O01598,C0286,R048,D063,Bengaluru,2026-08-18T20:11:00,2026-08-18T21:26:36,2026-08-18T20:31:26.758603,2026-08-18T21:22:02.516000,delivered,18.0,medium,clear
O01599,C0191,R048,D081,Bengaluru,2026-08-26T12:26:00,2026-08-26T13:31:50.885314,2026-08-26T12:55:31.571858,2026-08-26T13:40:06.434639,delivered,7.5,severe,rain
O01600,C0107,R037,D104,Bengaluru,2026-08-27T18:08:00,2026-08-27T19:11:25.681985,2026-08-27T18:27:44.339018,2026-08-27T19:08:53.947760,delivered,13.54,low,clear
O00120,C0501,R040,D045,Bengaluru,2026-08-13T18:15:00,2026-08-13T19:40:24,2026-08-13T18:29:08.055622,2026-08-13T19:34:08.431508,delivered,18.0,medium,clear
O00723,C0467,R028,D068,Bengaluru,2026-08-05T21:04:00,2026-08-05T22:19:36,2026-08-05T21:15:24.433874,2026-08-05T22:04:30.928322,delivered,18.0,high,clear
O01302,C0116,R010,D088,Bengaluru,2026-08-26T21:07:00,2026-08-26T22:15:50.273095,2026-08-26T21:35:26.474087,2026-08-26T22:20:27.428561,delivered,14.78,high,clear
